Date,AAPL,AMZN,GOOG,META,NFLX
2015-01-02,24.320432662963867,15.425999641418457,26.074962615966797,78.15145874023438,49.84857177734375
2015-01-05,23.635284423828125,15.10949993133545,25.531415939331055,76.89627075195312,47.31142807006836
2015-01-06,23.637514114379883,14.76449966430664,24.939672470092773,75.86021423339844,46.50143051147461
2015-01-07,23.968955993652344,14.920999526977539,24.896942138671875,75.86021423339844,46.74285888671875
2015-01-08,24.889896392822266,15.02299976348877,24.975444793701172,77.88249206542969,47.779998779296875
2015-01-09,24.916597366333008,14.846500396728516,24.65199851989746,77.44416046142578,47.04142761230469
2015-01-12,24.302631378173828,14.570500373840332,24.472139358520508,76.42804718017578,45.547142028808594
2015-01-13,24.518407821655273,14.737000465393066,24.652494430541992,76.1590805053711,46.255714416503906
2015-01-14,24.424991607666016,14.66349983215332,24.885515213012695,75.9897232055664,46.31999969482422
2015-01-15,23.7620792388916,14.34749984741211,24.931224822998047,73.7682113647461,46.25143051147461
2015-01-16,23.57744598388672,14.536999702453613,25.24374008178711,74.89391326904297,48.191429138183594
2015-01-20,24.184738159179688,14.472000122070312,25.18511390686035,75.94987487792969,49.82857131958008
2015-01-21,24.369369506835938,14.862500190734863,25.73859977722168,76.44796752929688,58.468570709228516
2015-01-22,25.00335121154785,15.515999794006348,26.550941467285156,77.3545150756836,61.20571517944336
2015-01-23,25.132369995117188,15.619500160217285,26.827186584472656,77.53382873535156,62.494285583496094
2015-01-26,25.15906524658203,15.482999801635742,26.59168243408203,77.20508575439453,63.79428482055664
2015-01-27,24.278169631958008,15.337499618530273,25.767913818359375,75.49162292480469,64.88143157958984
2015-01-28,25.650680541992188,15.195500373840332,25.339134216308594,75.94987487792969,63.20857238769531
2015-01-29,26.449277877807617,15.58899974822998,25.371929168701172,77.70318603515625,63.400001525878906
2015-01-30,26.06220817565918,17.726499557495117,26.557401657104492,75.62113189697266,63.11428451538086
2015-02-02,26.38921356201172,18.223499298095703,26.257305145263672,74.70463562011719,63.0099983215332
2015-02-03,26.393661499023438,18.177499771118164,26.295066833496094,75.11307525634766,65.27428436279297
2015-02-04,26.59609031677246,18.237499237060547,25.973112106323242,75.3421859741211,64.10143280029297
2015-02-05,26.78592300415039,18.694499969482422,26.212589263916016,75.32228088378906,64.12999725341797
2015-02-06,26.560361862182617,18.714000701904297,26.38251304626465,74.18661499023438,63.47999954223633
2015-02-09,26.73678970336914,18.527999877929688,26.225011825561523,74.15672302246094,63.29571533203125
2015-02-10,27.25044059753418,18.649999618530273,26.677637100219727,74.90387725830078,64.8499984741211
2015-02-11,27.8891658782959,18.756999969482422,26.629444122314453,76.2188491821289,64.98428344726562
2015-02-12,28.242019653320312,18.85849952697754,26.975248336791992,75.93991088867188,65.24714660644531
2015-02-13,28.380477905273438,19.09149932861328,27.277332305908203,75.45177459716797,66.5857162475586
2015-02-17,28.5479793548584,18.771499633789062,26.970779418945312,75.31230926513672,67.13714599609375
2015-02-18,28.746742248535156,18.668500900268555,26.814767837524414,76.41808319091797,67.86571502685547
2015-02-19,28.68644142150879,18.950000762939453,26.97226905822754,79.1177749633789,67.80000305175781
2015-02-20,28.920928955078125,19.183000564575195,26.777503967285156,79.595947265625,68.31428527832031
2015-02-23,29.70258331298828,19.006999969482422,26.427724838256836,78.53997039794922,67.40571594238281
2015-02-24,29.51721954345703,18.929500579833984,26.635406494140625,78.15145874023438,67.83999633789062
2015-02-25,28.762367248535156,19.26849937438965,27.02195167541504,79.25724029541016,68.33285522460938
2015-02-26,29.12639808654785,19.239999771118164,27.59878921508789,80.10400390625,69.00428771972656
2015-02-27,28.688678741455078,19.007999420166016,27.74386978149414,78.66949462890625,67.84428405761719
2015-03-02,28.829370498657227,19.283000946044922,28.38678741455078,79.44651794433594,68.60713958740234
2015-03-03,28.88967514038086,19.230499267578125,28.501062393188477,79.2970962524414,67.81571197509766
2015-03-04,28.70653533935547,19.13599967956543,28.487646102905273,80.59214782714844,67.11000061035156
2015-03-05,28.23085594177246,19.39150047302246,28.58502960205078,80.90096282958984,66.80714416503906
2015-03-06,28.27328109741211,19.004499435424805,28.205188751220703,79.70553588867188,64.87428283691406
2015-03-09,28.39388084411621,18.92799949645996,28.26307487487793,79.13771057128906,63.66143035888672
2015-03-10,27.806528091430664,18.475500106811523,27.575437545776367,77.25489807128906,62.15142822265625
2015-03-11,27.299575805664062,18.318500518798828,27.385147094726562,77.2748031616211,62.88428497314453
2015-03-12,27.793132781982422,18.711999893188477,27.60028076171875,78.62964630126953,64.04571533203125
2015-03-13,27.6010684967041,18.52899932861328,27.1933650970459,77.75299835205078,62.628570556640625
2015-03-16,27.904794692993164,18.667499542236328,27.550596237182617,77.77291107177734,60.281429290771484
2015-03-17,28.371551513671875,18.59600067138672,27.368255615234375,79.0580062866211,59.788570404052734
2015-03-18,28.69091033935547,18.756999969482422,27.79852294921875,80.60211181640625,60.44571304321289
2015-03-19,28.47427749633789,18.66200065612793,27.723499298095703,82.43510437011719,60.744285583496094
2015-03-20,28.116954803466797,18.92449951171875,27.84124755859375,83.4811019897461,61.18571472167969
2015-03-23,28.409513473510742,18.75550079345703,27.764238357543945,84.10871124267578,60.71428680419922
2015-03-24,28.29338264465332,18.704500198364258,28.329648971557617,84.98535919189453,62.611427307128906
2015-03-25,27.554170608520508,18.54800033569336,27.762998580932617,82.60444641113281,60.25
2015-03-26,27.74622917175293,18.36750030517578,27.583389282226562,82.69412231445312,59.75143051147461
2015-03-27,27.5251407623291,18.527999877929688,27.244043350219727,82.98301696777344,59.25285720825195
2015-03-30,28.2219181060791,18.72949981689453,27.427379608154297,82.88338470458984,60.36714172363281
2015-03-31,27.788660049438477,18.604999542236328,27.227149963378906,81.90711212158203,59.52714157104492
2015-04-01,27.74846839904785,18.51300048828125,26.956865310668945,81.35921478271484,59.01714324951172
2015-04-02,27.987424850463867,18.612499237060547,26.607582092285156,81.24962615966797,59.1542854309082
2015-04-06,28.440780639648438,18.851999282836914,26.668941497802734,82.12628936767578,60.33000183105469
2015-04-07,28.141525268554688,18.720500946044922,26.681612014770508,82.00674438476562,60.494285583496094
2015-04-08,28.049959182739258,19.059999465942383,26.909664154052734,81.9668960571289,63.04999923706055
2015-04-09,28.26434898376465,19.177000045776367,26.868427276611328,81.85730743408203,62.78571319580078
2015-04-10,28.384944915771484,19.13249969482422,26.830169677734375,81.7278060913086,64.93856811523438
2015-04-13,28.329120635986328,19.118000030517578,26.788434982299805,82.69412231445312,67.81143188476562
2015-04-14,28.20628547668457,19.25550079345703,26.352203369140625,83.20216369628906,68.38714599609375
2015-04-15,28.313478469848633,19.172500610351562,26.458528518676758,82.39524841308594,67.92285919189453
2015-04-16,28.177249908447266,19.302000045776367,26.52162742614746,81.99678039550781,80.29285430908203
2015-04-17,27.86012840270996,18.777999877929688,26.037202835083008,80.47259521484375,81.6500015258789
2015-04-20,28.496618270874023,19.475500106811523,26.600130081176758,82.7738037109375,81.05571746826172
2015-04-21,28.34251594543457,19.55900001525879,26.530075073242188,83.30179595947266,80.06285858154297
2015-04-22,28.72440528869629,19.489999771118164,26.79812240600586,84.30794525146484,79.66857147216797
2015-04-23,28.958900451660156,19.499500274658203,27.17746353149414,82.09640502929688,79.86571502685547
2015-04-24,29.095129013061523,22.2549991607666,28.07476806640625,81.21974182128906,79.77143096923828
2015-04-27,29.624414443969727,21.92799949645996,27.669082641601562,81.59830474853516,80.86856842041016
2015-04-28,29.15766143798828,21.465499877929688,27.584884643554688,80.37297821044922,80.43714141845703
2015-04-29,28.728870391845703,21.4685001373291,27.3557071685791,80.16378021240234,80.40714263916016
2015-04-30,27.9494571685791,21.089000701904297,26.770811080932617,78.47025299072266,79.5
2015-05-01,28.798105239868164,21.14349937438965,26.798709869384766,78.68940734863281,79.57571411132812
2015-05-04,28.742277145385742,21.152000427246094,26.94219398498535,78.51008605957031,79.27143096923828
2015-05-05,28.094621658325195,21.059499740600586,26.444982528686523,77.26486206054688,80.79285430908203
2015-05-06,27.918193817138672,20.954999923706055,26.117158889770508,77.80279541015625,80.07714080810547
2015-05-07,28.09087371826172,21.3439998626709,26.439998626708984,78.13154602050781,80.74857330322266
2015-05-08,28.62013053894043,21.684499740600586,26.814653396606445,78.21123504638672,82.0857162475586
2015-05-11,28.32859230041504,21.642499923706055,26.689102172851562,77.71314239501953,84.27857208251953
2015-05-12,28.22767448425293,21.551000595092773,26.357295989990234,77.16522979736328,83.37714385986328
2015-05-13,28.25907325744629,21.3435001373291,26.386194229125977,78.14151000976562,82.87285614013672
2015-05-14,28.918399810791016,21.61400032043457,26.823619842529297,81.06035614013672,83.8357162475586
2015-05-15,28.87802505493164,21.299999237060547,26.596933364868164,80.11396026611328,87.60713958740234
2015-05-18,29.19647789001465,21.261999130249023,26.519712448120117,80.57221221923828,88.26714324951172
2015-05-19,29.169570922851562,21.085500717163086,26.771806716918945,80.32316589355469,88.06857299804688
2015-05-20,29.167327880859375,21.19300079345703,26.866962432861328,80.24347686767578,88.79000091552734
2015-05-21,29.465591430664062,21.581499099731445,27.028383255004883,80.17374420166016,89.00285339355469
2015-05-22,29.72348976135254,21.381500244140625,26.9088134765625,80.2335205078125,88.83856964111328
2015-05-26,29.068645477294922,21.273500442504883,26.520708084106445,79.02812194824219,87.99285888671875
2015-05-27,29.611358642578125,21.570999145507812,26.89286994934082,80.24347686767578,89.85713958740234
2015-05-28,29.55305290222168,21.328500747680664,26.89237403869629,79.8449935913086,89.50714111328125
2015-05-29,29.21666145324707,21.46150016784668,26.51024627685547,78.88865661621094,89.15142822265625
2015-06-01,29.274967193603516,21.54599952697754,26.60390853881836,79.98446655273438,89.00285339355469
2015-06-02,29.14490509033203,21.54949951171875,26.86248016357422,80.13389587402344,89.12999725341797
2015-06-03,29.180770874023438,21.829500198364258,26.918779373168945,82.12628936767578,88.8085708618164
2015-06-04,29.01034927368164,21.538999557495117,26.738924026489258,81.73776245117188,89.34857177734375
2015-06-05,28.851118087768555,21.34749984741211,26.571027755737305,81.82742309570312,90.45999908447266
2015-06-08,28.660493850708008,21.174999237060547,26.247190475463867,80.3630142211914,89.60428619384766
2015-06-09,28.575275421142578,21.27400016784668,26.240217208862305,80.3630142211914,92.44999694824219
2015-06-10,28.90269660949707,21.53849983215332,26.73842430114746,81.84735870361328,95.87142944335938
2015-06-11,28.837665557861328,21.648500442504883,26.634798049926758,81.51860046386719,95.09428405761719
2015-06-12,28.519210815429688,21.496000289916992,26.521207809448242,81.21974182128906,94.41857147216797
2015-06-15,28.463146209716797,21.183500289916992,26.265625,80.40287017822266,93.43142700195312
2015-06-16,28.615646362304688,21.363000869750977,26.31295394897461,80.75153350830078,95.27285766601562
2015-06-17,28.548372268676758,21.390499114990234,26.368253707885742,81.478759765625,94.27143096923828
2015-06-18,28.678443908691406,21.969499588012695,26.740419387817383,82.59449768066406,94.74285888671875
2015-06-19,28.391382217407227,21.746000289916992,26.73842430114746,82.1960220336914,93.87142944335938
2015-06-22,28.61788558959961,21.81450080871582,26.81315803527832,84.41752624511719,96.4142837524414
2015-06-23,28.487817764282227,22.29949951171875,26.927248001098633,87.54557037353516,97.31285858154297
2015-06-24,28.730018615722656,22.04199981689453,26.79572105407715,88.52185821533203,96.94428253173828
2015-06-25,28.593219757080078,22.0049991607666,26.665687561035156,87.64521026611328,94.89142608642578
2015-06-26,28.42502212524414,21.905000686645508,26.489320755004883,87.67508697509766,93.08856964111328
2015-06-29,27.927165985107422,21.493000030517578,25.982641220092773,85.47349548339844,92.23143005371094
2015-06-30,28.129003524780273,21.704500198364258,25.932321548461914,85.443603515625,93.84857177734375
2015-07-01,28.391382217407227,21.86949920654297,25.99858283996582,86.57927703857422,93.63571166992188
2015-07-02,28.355501174926758,21.885499954223633,26.076303482055664,86.95783233642578,94.0442886352539
2015-07-06,28.256826400756836,21.802000045776367,26.049402236938477,87.21683502197266,94.57142639160156
2015-07-07,28.18730926513672,21.836000442504883,26.157012939453125,86.88809204101562,94.0914306640625
2015-07-08,27.48760986328125,21.485000610351562,25.748981475830078,85.3240737915039,93.50714111328125
2015-07-09,26.926958084106445,21.719499588012695,25.940792083740234,85.55319213867188,95.72714233398438
2015-07-10,27.646835327148438,22.175500869750977,26.41160011291504,87.61531066894531,97.22856903076172
2015-07-13,28.180574417114258,22.778499603271484,27.229660034179688,89.75714111328125,101.08714294433594
2015-07-14,28.169363021850586,23.278499603271484,27.954557418823242,89.33872985839844,100.37142944335938
2015-07-15,28.440723419189453,23.059499740600586,27.91071319580078,89.4184341430664,98.12999725341797
2015-07-16,28.81972312927246,23.77400016784668,28.888700485229492,90.50428009033203,115.80999755859375
2015-07-17,29.068645477294922,24.15049934387207,33.526039123535156,94.60859680175781,114.7699966430664
2015-07-20,29.61808967590332,24.405000686645508,33.032310485839844,97.53742218017578,110.55000305175781
2015-07-21,29.322063446044922,24.399999618530273,32.99644470214844,98.01558685302734,112.51000213623047
2015-07-22,28.081905364990234,24.41349983215332,32.98647689819336,96.67072296142578,111.5
2015-07-23,28.068443298339844,24.108999252319336,32.09866714477539,95.07681274414062,110.0999984741211
2015-07-24,27.920438766479492,26.47100067138672,31.066375732421875,96.58106231689453,109.33999633789062
2015-07-27,27.532466888427734,26.570499420166016,31.250713348388672,93.8116455078125,106.43000030517578
2015-07-28,27.669261932373047,26.30150032043457,31.287580490112305,94.9273910522461,106.9000015258789
2015-07-29,27.581802368164062,26.450000762939453,31.48337745666504,96.62091064453125,107.08000183105469
2015-07-30,27.442764282226562,26.83799934387207,31.516258239746094,94.84768676757812,111.55999755859375
2015-07-31,27.202802658081055,26.8075008392334,31.168508529663086,93.65225982666016,114.30999755859375
2015-08-03,26.561418533325195,26.75149917602539,31.447505950927734,93.78175354003906,112.55999755859375
2015-08-04,25.7092227935791,26.594999313354492,31.349855422973633,93.7020492553711,121.1500015258789
2015-08-05,25.879674911499023,26.850500106811523,32.073753356933594,96.07300567626953,123.70999908447266
2015-08-06,25.93598175048828,26.472999572753906,32.018951416015625,94.75802612304688,126.44999694824219
2015-08-07,26.023841857910156,26.131000518798828,31.65127182006836,93.94114685058594,123.5199966430664
2015-08-10,26.970001220703125,26.200000762939453,31.573055267333984,93.7917251586914,123.02999877929688
2015-08-11,25.566530227661133,26.37299919128418,32.920711517333984,93.26374053955078,122.73999786376953
2015-08-12,25.960765838623047,26.295499801635742,32.85993194580078,93.8315658569336,120.51000213623047
2015-08-13,25.940488815307617,26.482999801635742,32.704986572265625,93.074462890625,123.7300033569336
2015-08-14,26.122962951660156,26.576000213623047,32.73836898803711,94.06069946289062,123.38999938964844
2015-08-17,26.393293380737305,26.76099967956543,32.925193786621094,93.57256317138672,125.36000061035156
2015-08-18,26.244606018066406,26.750999450683594,32.68904495239258,94.8078384399414,124.05000305175781
2015-08-19,25.908946990966797,26.645999908447266,32.92668914794922,94.94730377197266,122.05999755859375
2015-08-20,25.377302169799805,25.788999557495117,32.2257080078125,90.21537780761719,112.48999786376953
2015-08-21,23.825153350830078,24.723499298095703,30.514358520507812,85.73251342773438,103.95999908447266
2015-08-24,23.230426788330078,23.168500900268555,29.37495231628418,81.77760314941406,96.87999725341797
2015-08-25,23.37009048461914,23.318500518798828,28.99880599975586,82.68415069580078,101.5199966430664
2015-08-26,24.71048355102539,25.03849983215332,31.318470001220703,86.85820770263672,110.12999725341797
2015-08-27,25.43812370300293,25.918500900268555,31.766361236572266,89.3885498046875,117.66000366210938
2015-08-28,25.521472930908203,25.90049934387207,31.40615463256836,90.6636734008789,117.62999725341797
2015-08-31,25.402080535888672,25.644500732421875,30.80182647705078,89.08969116210938,115.02999877929688
2015-09-01,24.266691207885742,24.82699966430664,29.782487869262695,86.89806365966797,105.79000091552734
2015-09-02,25.30746078491211,25.52750015258789,30.607023239135742,89.54793548583984,105.44000244140625
2015-09-03,24.863672256469727,25.236000061035156,30.2039737701416,87.81455993652344,101.05999755859375
2015-09-04,24.61587142944336,24.950000762939453,29.927467346191406,87.92414093017578,98.79000091552734
2015-09-08,25.300704956054688,25.87700080871582,30.622968673706055,89.1893081665039,94.94999694824219
2015-09-09,24.814109802246094,25.844499588012695,30.526315689086914,90.09584045410156,99.18000030517578
2015-09-10,25.35927963256836,26.11199951171875,30.956270217895508,91.6299819946289,99.4800033569336
2015-09-11,25.728731155395508,26.472000122070312,31.17647933959961,91.69971466064453,97.51000213623047
2015-09-14,25.976530075073242,26.069000244140625,31.050434112548828,91.9587173461914,95.69000244140625
2015-09-15,26.19505500793457,26.118499755859375,31.643301010131836,92.54647827148438,99.16000366210938
2015-09-16,26.22433853149414,26.36949920654297,31.685152053833008,93.0943832397461,104.08000183105469
2015-09-17,25.66339874267578,26.943500518798828,32.029911041259766,93.98100280761719,104.20999908447266
2015-09-18,25.557518005371094,27.01300048828125,31.349855422973633,94.040771484375,102.62000274658203
2015-09-21,25.954010009765625,27.41950035095215,31.658246994018555,95.1864013671875,100.30000305175781
2015-09-22,25.546262741088867,26.920000076293945,31.023033142089844,92.60624694824219,98.47000122070312
2015-09-23,25.753509521484375,26.803499221801758,31.006589889526367,93.61241149902344,98.06999969482422
2015-09-24,25.906692504882812,26.6875,31.177974700927734,94.05073547363281,103.76000213623047
2015-09-25,25.841367721557617,26.212499618530273,30.488950729370117,92.4169692993164,102.23999786376953
2015-09-28,25.329994201660156,25.202999114990234,29.63800811767578,88.87052154541016,99.47000122070312
2015-09-29,24.568565368652344,24.803499221801758,29.64199447631836,86.34017944335938,98.3499984741211
2015-09-30,24.847900390625,25.594499588012695,30.312084197998047,89.55789947509766,103.26000213623047
2015-10-01,24.685697555541992,26.035999298095703,30.4550724029541,90.60389709472656,105.9800033569336
2015-10-02,24.865922927856445,26.62700080871582,31.2332763671875,91.71963500976562,106.11000061035156
2015-10-05,24.95603370666504,27.18400001525879,31.95867156982422,93.65225982666016,111.25
2015-10-06,25.075429916381836,26.874000549316406,32.156455993652344,92.44686126708984,108.33000183105469
2015-10-07,24.95603370666504,27.097000122070312,32.00300598144531,92.04838562011719,108.0999984741211
2015-10-08,24.667682647705078,26.658000946044922,31.843584060668945,92.11811065673828,114.93000030517578
2015-10-09,25.257905960083008,26.989999771118164,32.06528854370117,92.88518524169922,113.33000183105469
2015-10-12,25.14076042175293,27.50950050354004,32.21773910522461,93.90129852294922,113.44999694824219
2015-10-13,25.18355941772461,27.44499969482422,32.498233795166016,93.7618408203125,109.7300033569336
2015-10-14,24.827627182006836,27.241500854492188,32.44143295288086,93.71202087402344,110.2300033569336
2015-10-15,25.199331283569336,28.121999740600586,32.96854019165039,95.59484100341797,101.08999633789062
2015-10-16,25.014606475830078,28.538000106811523,32.991455078125,97.1688232421875,98.98999786376953
2015-10-19,25.170045852661133,28.657499313354492,33.18575668334961,98.09528350830078,101.69000244140625
2015-10-20,25.629606246948242,28.04400062561035,32.3975944519043,96.63087463378906,98.98999786376953
2015-10-21,25.627357482910156,27.78849983215332,32.01546859741211,96.7404556274414,97.95999908447266
2015-10-22,26.019336700439453,28.195499420166016,32.47282409667969,99.29072570800781,97.31999969482422
2015-10-23,26.82581901550293,29.951499938964844,34.974334716796875,101.80113220214844,100.04000091552734
2015-10-26,25.969772338867188,30.430500030517578,35.51140594482422,103.37511444091797,103.04000091552734
2015-10-27,25.80531883239746,30.550500869750977,35.297672271728516,103.30538177490234,103.06999969482422
2015-10-28,26.86862564086914,30.854999542236328,35.51987075805664,103.803466796875,105.80000305175781
2015-10-29,27.152467727661133,31.327499389648438,35.7176628112793,104.48088836669922,105.12000274658203
2015-10-30,26.920440673828125,31.295000076293945,35.41325759887695,101.58197021484375,108.37999725341797
2015-11-02,27.298900604248047,31.417499542236328,35.92641067504883,102.91686248779297,107.63999938964844
2015-11-03,27.61203384399414,31.265499114990234,35.97872543334961,102.18964385986328,109.73999786376953
2015-11-04,27.483631134033203,32.04750061035156,36.27516174316406,103.54447174072266,114.05000305175781
2015-11-05,27.356931686401367,32.782501220703125,36.43159866333008,108.34613037109375,113.5
2015-11-06,27.38860321044922,32.96849822998047,36.55664825439453,106.69243621826172,114.05999755859375
2015-11-09,27.277746200561523,32.77450180053711,36.1147346496582,106.08476257324219,109.86000061035156
2015-11-10,26.41803741455078,32.98400115966797,36.285621643066406,107.49935913085938,112.69999694824219
2015-11-11,26.268712997436523,33.662498474121094,36.63835144042969,108.59516906738281,112.86000061035156
2015-11-12,26.180484771728516,33.279998779296875,36.430599212646484,107.60894012451172,108.91999816894531
2015-11-13,25.415790557861328,32.11750030517578,35.72164535522461,103.55442810058594,103.6500015258789
2015-11-16,25.83207893371582,32.390499114990234,36.317508697509766,103.64408874511719,111.3499984741211
2015-11-17,25.721216201782227,32.165000915527344,36.135162353515625,104.72992706298828,117.0999984741211
2015-11-18,26.535682678222656,33.176998138427734,36.867530822753906,107.3598861694336,120.62999725341797
2015-11-19,26.872772216796875,33.063499450683594,36.7883186340332,105.85565185546875,120.22000122070312
2015-11-20,26.990427017211914,33.42250061035156,37.69456100463867,106.91161346435547,123.83999633789062
2015-11-23,26.639755249023438,33.949501037597656,37.663673400878906,106.54301452636719,125.02999877929688
2015-11-24,26.895397186279297,33.557498931884766,37.28004837036133,105.33761596679688,123.30999755859375
2015-11-25,26.703100204467773,33.766998291015625,37.2735710144043,105.00888061523438,124.16000366210938
2015-11-27,26.653329849243164,33.66299819946289,37.37869644165039,105.04872131347656,125.44000244140625
2015-11-30,26.764183044433594,33.2400016784668,36.997066497802734,103.84332275390625,123.33000183105469
2015-12-01,26.5469913482666,33.952999114990234,38.214691162109375,106.71237182617188,125.37000274658203
2015-12-02,26.30718231201172,33.800498962402344,37.98252487182617,105.6663589477539,128.92999267578125
2015-12-03,26.06283950805664,33.3125,37.492286682128906,103.9827880859375,126.80999755859375
2015-12-04,26.929340362548828,33.63199996948242,38.20323181152344,105.77594757080078,130.92999267578125
2015-12-07,26.75966453552246,33.49150085449219,38.0258674621582,105.20811462402344,125.36000061035156
2015-12-08,26.748350143432617,33.86650085449219,37.982025146484375,106.08476257324219,126.9800033569336
2015-12-09,26.157861709594727,33.239498138427734,37.44595718383789,104.20195007324219,124.19999694824219
2015-12-10,26.28229331970215,33.11600112915039,37.33884048461914,105.01882934570312,122.91000366210938
2015-12-11,25.605831146240234,32.00749969482422,36.81123352050781,101.73139190673828,118.91000366210938
2015-12-14,25.447471618652344,32.89550018310547,37.254642486572266,104.26173400878906,120.66999816894531
2015-12-15,24.997241973876953,32.93199920654297,37.036922454833984,104.15215301513672,118.5999984741211
2015-12-16,25.189552307128906,33.78850173950195,37.76879119873047,106.38362884521484,122.63999938964844
2015-12-17,24.65562629699707,33.532501220703125,37.33734130859375,105.8157958984375,122.51000213623047
2015-12-18,23.988218307495117,33.207000732421875,36.833152770996094,103.64408874511719,118.0199966430664
2015-12-21,24.282339096069336,33.22549819946289,37.254642486572266,104.37129974365234,116.62999725341797
2015-12-22,24.259708404541016,33.157501220703125,37.365745544433594,105.1084976196289,116.23999786376953
2015-12-23,24.571916580200195,33.185001373291016,37.38118362426758,104.23184204101562,118.16000366210938
2015-12-24,24.440698623657227,33.13949966430664,37.28602600097656,104.620361328125,117.33000183105469
2015-12-28,24.166948318481445,33.7599983215332,37.9890022277832,105.52688598632812,117.11000061035156
2015-12-29,24.601329803466797,34.69850158691406,38.69097900390625,106.85183715820312,119.12000274658203
2015-12-30,24.280067443847656,34.45349884033203,38.41197967529297,105.8157958984375,116.70999908447266
2015-12-31,23.814016342163086,33.794498443603516,37.80815505981445,104.26173400878906,114.37999725341797
2016-01-04,23.83437728881836,31.84950065612793,36.95920181274414,101.83100891113281,109.95999908447266
2016-01-05,23.23710823059082,31.68950080871582,36.996070861816406,102.33907318115234,107.66000366210938
2016-01-06,22.782363891601562,31.63249969482422,37.04787826538086,102.57816314697266,117.68000030517578
2016-01-07,21.820842742919922,30.39699935913086,36.1894645690918,97.54737854003906,114.55999755859375
2016-01-08,21.93622398376465,30.352500915527344,35.595603942871094,96.95962524414062,111.38999938964844
2016-01-11,22.291419982910156,30.886999130249023,35.67332077026367,97.1389389038086,114.97000122070312
2016-01-12,22.614946365356445,30.894500732421875,36.173526763916016,98.99185943603516,116.58000183105469
2016-01-13,22.033512115478516,29.090499877929688,34.902587890625,95.07681274414062,106.55999755859375
2016-01-14,22.515398025512695,29.649999618530273,35.608055114746094,97.99566650390625,107.05999755859375
2016-01-15,21.974681854248047,28.509000778198242,34.59818649291992,94.60859680175781,104.04000091552734
2016-01-19,21.868350982666016,28.724000930786133,34.963871002197266,94.89749908447266,107.88999938964844
2016-01-20,21.897768020629883,28.588499069213867,34.79747009277344,93.99095916748047,107.73999786376953
2016-01-21,21.786911010742188,28.750999450683594,35.2030143737793,93.80168914794922,102.3499984741211
2016-01-22,22.945247650146484,29.819000244140625,36.13267135620117,97.56729888916016,100.72000122070312
2016-01-25,22.497299194335938,29.826499938964844,35.45610046386719,96.64083862304688,99.12000274658203
2016-01-26,22.621734619140625,30.0625,35.524356842041016,96.9695816040039,97.83000183105469
2016-01-27,21.13533592224121,29.167499542236328,34.87419509887695,94.090576171875,91.1500015258789
2016-01-28,21.286911010742188,31.767499923706055,36.41714859008789,108.69479370117188,94.41000366210938
2016-01-29,22.022186279296875,29.350000381469727,37.01449966430664,111.78300476074219,91.83999633789062
2016-02-01,21.81631851196289,28.74049949645996,37.46538162231445,114.65203094482422,94.08999633789062
2016-02-02,21.375146865844727,27.604999542236328,38.09561538696289,114.17387390136719,91.48999786376953
2016-02-03,21.798221588134766,26.553499221801758,36.217369079589844,112.26116943359375,90.73999786376953
2016-02-04,21.97336769104004,26.812999725341797,35.27376174926758,110.06954193115234,89.70999908447266
2016-02-05,21.38650131225586,25.10650062561035,34.05613327026367,103.67396545410156,82.79000091552734
2016-02-08,21.6116943359375,24.405000686645508,34.01478576660156,99.37040710449219,83.31999969482422
2016-02-09,21.607141494750977,24.103500366210938,33.78410720825195,99.16121673583984,86.12999725341797
2016-02-10,21.443359375,24.52400016784668,34.08353805541992,100.61565399169922,88.44999694824219
2016-02-11,21.313709259033203,25.19099998474121,34.0332145690918,101.52220153808594,86.3499984741211
2016-02-12,21.379674911499023,25.354000091552734,33.997840881347656,101.62181854248047,87.4000015258789
2016-02-16,21.982467651367188,26.05500030517578,34.426300048828125,101.22334289550781,89.05000305175781
2016-02-17,22.31911277770996,26.704999923706055,35.29318618774414,104.79967498779297,94.76000213623047
2016-02-18,21.896024703979492,26.25,34.74266815185547,103.07625579833984,90.48999786376953
2016-02-19,21.845989227294922,26.7450008392334,34.92002868652344,104.17206573486328,89.2300033569336
2016-02-22,22.037057876586914,27.975000381469727,35.19654083251953,106.75222778320312,91.93000030517578
2016-02-23,21.53890609741211,27.64699935913086,34.66793441772461,105.05867767333984,89.12000274658203
2016-02-24,21.859634399414062,27.70199966430664,34.8527717590332,106.47327423095703,91.61000061035156
2016-02-25,22.009761810302734,27.75749969482422,35.16115951538086,107.65874481201172,94.52999877929688
2016-02-26,22.043880462646484,27.761499404907227,35.12728500366211,107.50931549072266,94.79000091552734
2016-02-29,21.99384880065918,27.625999450683594,34.76359558105469,106.51312255859375,93.41000366210938
2016-03-01,22.8673152923584,28.95199966430664,35.81182098388672,109.40209197998047,98.30000305175781
2016-03-02,22.9173526763916,29.010499954223633,35.81381607055664,109.5315933227539,97.61000061035156
2016-03-03,23.08795928955078,28.874500274658203,35.493465423583984,109.16300201416016,97.93000030517578
2016-03-04,23.431434631347656,28.756999969482422,35.417240142822266,107.97753143310547,101.58000183105469
2016-03-07,23.172119140625,28.139999389648438,34.63356018066406,105.3276596069336,95.48999786376953
2016-03-08,22.981050491333008,28.01300048828125,34.57427215576172,105.52688598632812,96.2300033569336
2016-03-09,23.00152015686035,27.973499298095703,35.13575744628906,107.10088348388672,98.0
2016-03-10,23.012895584106445,27.946500778198242,35.51339340209961,106.91161346435547,97.36000061035156
2016-03-11,23.260831832885742,28.480499267578125,36.21089172363281,108.99365234375,97.66000366210938
2016-03-14,23.319974899291992,28.668500900268555,36.393733978271484,109.4718246459961,98.12999725341797
2016-03-15,23.788558959960938,28.85099983215332,36.2861213684082,110.24885559082031,97.86000061035156
2016-03-16,24.104736328125,28.713499069213867,36.6727294921875,111.75310516357422,99.3499984741211
2016-03-17,24.066072463989258,27.972000122070312,36.756927490234375,110.59752655029297,99.72000122070312
2016-03-18,24.093368530273438,27.604000091552734,36.747962951660156,111.02587890625,101.12000274658203
2016-03-21,24.091083526611328,27.698999404907227,36.971656799316406,111.42436218261719,101.05999755859375
2016-03-22,24.275333404541016,28.02400016784668,36.9048957824707,111.82284545898438,99.83999633789062
2016-03-23,24.141132354736328,28.48150062561035,36.770877838134766,112.11174011230469,99.58999633789062
2016-03-24,24.036489486694336,29.147499084472656,36.63337326049805,112.61979675292969,98.36000061035156
2016-03-28,23.92731285095215,28.993499755859375,36.54518508911133,113.25736236572266,101.20999908447266
2016-03-29,24.49370574951172,29.69300079345703,37.10517501831055,115.69804382324219,104.12999725341797
2016-03-30,24.921350479125977,29.934499740600586,37.392147064208984,114.26351165771484,102.19000244140625
2016-03-31,24.79168701171875,29.68199920654297,37.11415100097656,113.6657943725586,102.2300033569336
2016-04-01,25.0191593170166,29.924999237060547,37.36125564575195,115.61833953857422,105.69999694824219
2016-04-04,25.276201248168945,29.659500122070312,37.13108825683594,112.12169647216797,104.3499984741211
2016-04-05,24.978212356567383,29.30699920654297,36.75792694091797,111.79295349121094,104.94000244140625
2016-04-06,25.23979949951172,30.104000091552734,37.15101623535156,113.27729797363281,104.83000183105469
2016-04-07,24.6893310546875,29.571500778198242,36.8814811706543,113.20755004882812,104.44999694824219
2016-04-08,24.71661949157715,29.729999542236328,36.82518768310547,110.2090072631836,103.80999755859375
2016-04-11,24.798507690429688,29.796499252319336,36.6732292175293,108.57524871826172,102.68000030517578
2016-04-12,25.12151336669922,30.15850067138672,37.02147674560547,110.18907928466797,106.9800033569336
2016-04-13,25.485464096069336,30.740999221801758,37.45143127441406,110.08946228027344,109.6500015258789
2016-04-14,25.499116897583008,31.037500381469727,37.52516555786133,110.418212890625,110.41999816894531
2016-04-15,24.9873104095459,31.29450035095215,37.81412887573242,109.2227783203125,111.51000213623047
2016-04-18,24.44821548461914,31.767499923706055,38.193267822265625,110.02969360351562,108.4000015258789
2016-04-19,24.31855583190918,31.395000457763672,37.56153869628906,111.8626937866211,94.33999633789062
2016-04-20,24.368602752685547,31.649499893188477,37.49876403808594,111.9921875,96.7699966430664
2016-04-21,24.104736328125,31.549999237060547,37.82110595703125,113.00831604003906,94.9800033569336
2016-04-22,24.038772583007812,31.024999618530273,35.80983352661133,110.13926696777344,95.9000015258789
2016-04-25,23.902292251586914,31.309999465942383,36.02804946899414,109.68102264404297,93.55999755859375
2016-04-26,23.73624038696289,30.8439998626709,35.28023910522461,108.34613037109375,92.43000030517578
2016-04-27,22.25087547302246,30.328500747680664,35.165645599365234,108.47563171386719,91.04000091552734
2016-04-28,21.570751190185547,30.100000381469727,34.42729949951172,116.28580474853516,90.27999877929688
2016-04-29,21.32280921936035,32.97949981689453,34.52644348144531,117.132568359375,90.02999877929688
2016-05-02,21.300060272216797,34.192501068115234,34.7855110168457,118.11878967285156,93.11000061035156
2016-05-03,21.65036392211914,33.566001892089844,34.49406051635742,116.9831314086914,91.54000091552734
2016-05-04,21.425168991088867,33.54499816894531,34.66046142578125,117.61073303222656,90.79000091552734
2016-05-05,21.33820152282715,32.954498291015625,34.94593048095703,117.36167907714844,89.37000274658203
2016-05-06,21.219207763671875,33.6974983215332,35.42870330810547,119.03529357910156,90.83999633789062
2016-05-09,21.23522186279297,33.98749923706055,35.51738357543945,118.78623962402344,90.54000091552734
2016-05-10,21.379404067993164,35.153499603271484,36.029544830322266,120.04145050048828,92.88999938964844
2016-05-11,21.171144485473633,35.6614990234375,35.63645553588867,119.06517791748047,90.0199966430664
2016-05-12,20.67453384399414,35.89649963378906,35.537811279296875,119.8222885131836,87.73999786376953
2016-05-13,20.715723037719727,35.49599838256836,35.41425704956055,119.35407257080078,87.87999725341797
2016-05-16,21.484670639038086,35.53300094604492,35.69624328613281,118.21841430664062,89.12000274658203
2016-05-17,21.395414352416992,34.76350021362305,35.18507766723633,116.90343475341797,88.62999725341797
2016-05-18,21.64029312133789,34.872501373291016,35.20500564575195,117.2022933959961,90.5
2016-05-19,21.557907104492188,34.92599868774414,34.8906364440918,116.36549377441406,89.55000305175781
2016-05-20,21.79132843017578,35.13999938964844,35.359947204589844,116.90343475341797,92.48999786376953
2016-05-23,22.068246841430664,34.837501525878906,35.0859375,115.5286865234375,94.88999938964844
2016-05-24,22.4046630859375,35.209999084472656,35.87559509277344,117.2520980834961,97.88999938964844
2016-05-25,22.798290252685547,35.41749954223633,36.133670806884766,117.4413833618164,100.19999694824219
2016-05-26,22.97907829284668,35.74549865722656,36.076377868652344,119.01536560058594,102.80999755859375
2016-05-27,22.965347290039062,35.61199951171875,36.5018424987793,118.92570495605469,103.30000305175781
2016-05-31,22.853208541870117,36.13949966430664,36.654300689697266,118.35787200927734,102.56999969482422
2016-06-01,22.532819747924805,35.97200012207031,36.576080322265625,118.32799530029297,101.51000213623047
2016-06-02,22.36347007751465,36.4119987487793,36.389251708984375,118.47742462158203,101.25
2016-06-03,22.40923309326172,36.277000427246094,35.987693786621094,118.01918029785156,99.58999633789062
2016-06-06,22.571720123291016,36.33649826049805,35.6992301940918,118.33795928955078,100.73999786376953
2016-06-07,22.663257598876953,36.1870002746582,35.7042121887207,117.31188201904297,99.88999938964844
2016-06-08,22.64266586303711,36.332000732421875,36.28363037109375,117.93948364257812,97.86000061035156
2016-06-09,22.805150985717773,36.38249969482422,36.298580169677734,118.10883331298828,97.08999633789062
2016-06-10,22.617488861083984,35.89550018310547,35.84172058105469,116.17621612548828,93.75
2016-06-13,22.27649688720703,35.762001037597656,35.789405822753906,113.51637268066406,93.8499984741211
2016-06-14,22.30396842956543,35.96500015258789,35.78491973876953,114.50260925292969,94.12000274658203
2016-06-15,22.230731964111328,35.7130012512207,35.81730270385742,114.16390228271484,94.29000091552734
2016-06-16,22.32456398010254,35.8754997253418,35.39084243774414,113.95469665527344,95.44000244140625
2016-06-17,21.81650733947754,35.31949996948242,34.46217346191406,112.58990478515625,94.44999694824219
2016-06-20,21.763870239257812,35.70050048828125,34.56132125854492,112.93859100341797,93.80000305175781
2016-06-21,21.949241638183594,35.79100036621094,34.672420501708984,113.94474029541016,90.98999786376953
2016-06-22,21.86685562133789,35.529998779296875,34.748146057128906,113.47653198242188,90.01000213623047
2016-06-23,21.992727279663086,36.104000091552734,34.967857360839844,114.64208221435547,91.66000366210938
2016-06-24,21.37482452392578,34.948001861572266,33.64012908935547,111.65349578857422,88.44000244140625
2016-06-27,21.063581466674805,34.56800079345703,33.29336929321289,108.5553207397461,85.33000183105469
2016-06-28,21.418302536010742,35.397499084472656,33.88026428222656,112.27113342285156,87.97000122070312
2016-06-29,21.603673934936523,35.779998779296875,34.083038330078125,113.72557830810547,91.05999755859375
2016-06-30,21.878297805786133,35.78099822998047,34.48110580444336,113.84512329101562,91.4800033569336
2016-07-01,21.944664001464844,36.284000396728516,34.835330963134766,113.75546264648438,96.66999816894531
2016-07-05,21.73869514465332,36.404998779296875,34.62309646606445,113.76542663574219,97.91000366210938
2016-07-06,21.862279891967773,36.88050079345703,34.76359558105469,116.25590515136719,94.5999984741211
2016-07-07,21.95611000061035,36.82849884033203,34.643524169921875,115.40914916992188,95.0999984741211
2016-07-08,22.125459671020508,37.29050064086914,35.15518569946289,116.79385375976562,97.05999755859375
2016-07-11,22.194108963012695,37.68899917602539,35.62649154663086,117.42145538330078,94.66999816894531
2016-07-12,22.294811248779297,37.410499572753906,35.90299606323242,117.48123168945312,95.97000122070312
2016-07-13,22.1689453125,37.131500244140625,35.72065353393555,116.33560180664062,96.43000030517578
2016-07-14,22.60833740234375,37.060001373291016,35.91844177246094,116.84366607666016,98.0199966430664
2016-07-15,22.606048583984375,36.77199935913086,35.86363983154297,116.4153060913086,98.38999938964844
2016-07-18,22.84634017944336,36.80350112915039,36.55764389038086,118.91575622558594,98.80999755859375
2016-07-19,22.855501174926758,36.997501373291016,36.71607208251953,120.15103149414062,85.83999633789062
2016-07-20,22.876096725463867,37.2859992980957,36.926815032958984,121.45603942871094,87.91000366210938
2016-07-21,22.75480842590332,37.221500396728516,36.79927062988281,120.15103149414062,85.98999786376953
2016-07-22,22.578588485717773,37.24300003051758,37.0040397644043,120.53955078125,85.88999938964844
2016-07-25,22.27649688720703,36.980499267578125,36.856075286865234,121.16714477539062,87.66000366210938
2016-07-26,22.123167037963867,36.77949905395508,36.788818359375,120.75870513916016,91.41000366210938
2016-07-27,23.56035614013672,36.833499908447266,36.95571517944336,122.87063598632812,92.04000091552734
2016-07-28,23.878469467163086,37.63050079345703,37.16197204589844,124.52432250976562,91.6500015258789
2016-07-29,23.848718643188477,37.94049835205078,38.301876068115234,123.4683609008789,91.25
2016-08-01,24.269804000854492,38.387001037597656,38.50564193725586,123.83695220947266,94.37000274658203
2016-08-02,23.910511016845703,38.02899932861328,38.41546630859375,122.62158966064453,93.55999755859375
2016-08-03,24.210308074951172,37.731998443603516,38.520591735839844,122.04380798339844,93.0999984741211
2016-08-04,24.359859466552734,38.03850173950195,38.4423713684082,123.88676452636719,93.44000244140625
2016-08-05,24.73031997680664,38.29899978637695,38.97097396850586,124.67375946044922,97.02999877929688
2016-08-08,24.93509864807129,38.327999114990234,38.948055267333984,124.78333282470703,95.11000061035156
2016-08-09,25.036333084106445,38.41550064086914,39.072608947753906,124.58409881591797,93.98999786376953
2016-08-10,24.849958419799805,38.428001403808594,39.09353256225586,124.40478515625,93.93000030517578
2016-08-11,24.833852767944336,38.5620002746582,39.10200500488281,124.4247055053711,95.88999938964844
2016-08-12,24.891376495361328,38.62799835205078,39.02079391479492,124.40478515625,96.58999633789062
2016-08-15,25.190494537353516,38.42449951171875,38.981937408447266,123.42851257324219,95.30999755859375
2016-08-16,25.167490005493164,38.20199966430664,38.71788024902344,122.83080291748047,95.12000274658203
2016-08-17,25.130672454833984,38.23149871826172,38.85588455200195,123.89672088623047,96.37000274658203
2016-08-18,25.098461151123047,38.222999572753906,38.73582077026367,123.4384765625,96.16000366210938
2016-08-19,25.162887573242188,37.865501403808594,38.63219451904297,123.08980560302734,95.87000274658203
2016-08-22,24.96730613708496,37.9739990234375,38.46927261352539,123.67756652832031,95.26000213623047
2016-08-23,25.04553985595703,38.122501373291016,38.46578598022461,123.89672088623047,95.94000244140625
2016-08-24,24.85685920715332,37.86249923706055,38.34422302246094,123.01011657714844,95.18000030517578
2016-08-25,24.751022338867188,37.96099853515625,38.332767486572266,123.41854858398438,97.31999969482422
2016-08-26,24.60605812072754,38.45000076293945,38.3392448425293,124.4844741821289,97.58000183105469
2016-08-29,24.578453063964844,38.56449890136719,38.46927261352539,126.05846405029297,97.30000305175781
2016-08-30,24.389772415161133,38.37900161743164,38.31682586669922,125.36112213134766,97.44999694824219
2016-08-31,24.41278076171875,38.45800018310547,38.21519088745117,125.64007568359375,97.44999694824219
2016-09-01,24.557741165161133,38.53099822998047,38.30137634277344,125.68987274169922,97.37999725341797
2016-09-02,24.7878360748291,38.62200164794922,38.43490219116211,126.02857971191406,97.37999725341797
2016-09-06,24.780925750732422,39.44350051879883,38.864356994628906,129.236328125,100.08999633789062
2016-09-07,24.932798385620117,39.2239990234375,38.877811431884766,130.5513153076172,99.1500015258789
2016-09-08,24.27933120727539,39.202999114990234,38.62720489501953,129.77427673339844,99.66000366210938
2016-09-09,23.729415893554688,38.00699996948242,37.847015380859375,126.6163330078125,96.5
2016-09-12,24.260921478271484,38.574501037597656,38.31333923339844,128.20028686523438,99.05000305175781
2016-09-13,24.83845329284668,38.050498962402344,37.848506927490234,126.72591400146484,96.08999633789062
2016-09-14,25.7174072265625,38.054500579833984,37.988006591796875,127.28377532958984,97.01000213623047
2016-09-15,26.591758728027344,38.484500885009766,38.44984817504883,127.86157989501953,97.33999633789062
2016-09-16,26.442197799682617,38.92599868774414,38.30636215209961,128.57884216308594,99.4800033569336
2016-09-19,26.133874893188477,38.755001068115234,38.14793014526367,128.16043090820312,98.05999755859375
2016-09-20,26.131574630737305,39.01100158691406,38.43240737915039,128.15048217773438,98.25
2016-09-21,26.126972198486328,39.48699951171875,38.67205047607422,129.44552612304688,94.87999725341797
2016-09-22,26.373170852661133,40.23500061035156,39.21957778930664,129.58499145507812,95.83000183105469
2016-09-23,25.933696746826172,40.287498474121094,39.20413589477539,127.47306823730469,95.94000244140625
2016-09-26,25.972810745239258,39.95800018310547,38.57190704345703,126.8255386352539,94.55999755859375
2016-09-27,26.0211238861084,40.80550003051758,39.01033401489258,128.20028686523438,97.06999969482422
2016-09-28,26.219009399414062,41.43600082397461,38.93809127807617,128.73822021484375,97.4800033569336
2016-09-29,25.811748504638672,41.45249938964844,38.61176681518555,127.60255432128906,96.66999816894531
2016-09-30,26.011926651000977,41.865501403808594,38.7253532409668,127.78189849853516,98.55000305175781
2016-10-03,25.889978408813477,41.83700180053711,38.48970031738281,128.2799835205078,102.62999725341797
2016-10-04,26.000423431396484,41.701499938964844,38.68251037597656,127.70219421386719,102.33999633789062
2016-10-05,26.011926651000977,42.21799850463867,38.68450164794922,127.98111724853516,106.27999877929688
2016-10-06,26.205209732055664,42.08300018310547,38.70392990112305,128.25010681152344,105.06999969482422
2016-10-07,26.244314193725586,41.971500396728516,38.61525344848633,128.4991455078125,104.81999969482422
2016-10-10,26.702207565307617,42.08549880981445,39.156307220458984,129.74440002441406,103.33000183105469
2016-10-11,26.759721755981445,41.54999923706055,39.01332092285156,128.3895721435547,100.58999633789062
2016-10-12,26.999021530151367,41.704498291015625,39.1662712097168,128.5589141845703,99.5
2016-10-13,26.91619110107422,41.4640007019043,38.770198822021484,127.3335952758789,100.2300033569336
2016-10-14,27.06574821472168,41.14799880981445,38.787132263183594,127.39337158203125,101.47000122070312
2016-10-17,27.047346115112305,40.647499084472656,38.858375549316406,127.0546646118164,99.80000305175781
2016-10-18,27.02893829345703,40.88249969482422,39.62063980102539,128.0807342529297,118.79000091552734
2016-10-19,26.948402404785156,40.884498596191406,39.931522369384766,129.61488342285156,121.87000274658203
2016-10-20,26.934595108032227,40.51599884033203,39.70582962036133,129.50527954101562,123.3499984741211
2016-10-21,26.828754425048828,40.949501037597656,39.825401306152344,131.5674285888672,127.5
2016-10-24,27.070350646972656,41.90449905395508,40.509944915771484,132.77281188964844,127.33000183105469
2016-10-25,27.208406448364258,41.75899887084961,40.238914489746094,131.78659057617188,126.51000213623047
2016-10-26,26.59636116027832,41.12950134277344,39.810455322265625,130.54132080078125,126.97000122070312
2016-10-27,26.34095573425293,40.917999267578125,39.625125885009766,129.1964874267578,126.47000122070312
2016-10-28,26.16609001159668,38.816001892089844,39.626121520996094,130.79039001464844,126.56999969482422
2016-10-31,26.12467384338379,39.49100112915039,39.08655548095703,130.49154663085938,124.87000274658203
2016-11-01,25.652984619140625,39.27050018310547,39.04022216796875,129.0072021484375,123.30000305175781
2016-11-02,25.675987243652344,38.27799987792969,38.297393798828125,126.68606567382812,122.33999633789062
2016-11-03,25.400774002075195,38.35150146484375,37.970069885253906,119.54335021972656,122.13999938964844
2016-11-04,25.171815872192383,37.752498626708984,37.96459197998047,120.29049682617188,122.02999877929688
2016-11-07,25.534914016723633,39.246498107910156,38.98591613769531,121.68516540527344,124.58000183105469
2016-11-08,25.685237884521484,39.38750076293945,39.38399124145508,123.7472915649414,124.33999633789062
2016-11-09,25.64361000061035,38.59400177001953,39.12491989135742,122.71125030517578,122.19000244140625
2016-11-10,24.928977966308594,37.11899948120117,37.99148941040039,120.34031677246094,115.41999816894531
2016-11-11,25.076993942260742,36.95050048828125,37.56602096557617,118.56707763671875,114.77999877929688
2016-11-14,24.44793128967285,35.95349884033203,36.6722297668457,114.64208221435547,113.37999725341797
2016-11-15,24.77171516418457,37.1619987487793,37.788719177246094,116.7540054321289,113.58999633789062
2016-11-16,25.437782287597656,37.324501037597656,38.0871467590332,115.89727783203125,115.19000244140625
2016-11-17,25.428531646728516,37.81999969482422,38.42344284057617,117.34176635742188,115.02999877929688
2016-11-18,25.453969955444336,38.007999420166016,37.89085388183594,116.57469177246094,115.20999908447266
2016-11-21,25.84019660949707,39.0,38.322303771972656,121.3066177368164,117.95999908447266
2016-11-22,25.85638999938965,39.26649856567383,38.27597427368164,121.00775909423828,118.04000091552734
2016-11-23,25.724557876586914,39.00600051879883,37.913272857666016,120.38015747070312,117.69000244140625
2016-11-25,25.85407257080078,39.01850128173828,37.94765090942383,119.92190551757812,117.41000366210938
2016-11-28,25.803194046020508,38.3385009765625,38.274471282958984,119.95178985595703,116.93000030517578
2016-11-29,25.777751922607422,38.125999450683594,38.40401077270508,120.41004943847656,117.51000213623047
2016-11-30,25.56035614013672,37.528499603271484,37.76630401611328,117.9693603515625,117.0
2016-12-01,25.322145462036133,37.182498931884766,37.26211166381836,114.66200256347656,117.22000122070312
2016-12-02,25.416975021362305,37.016998291015625,37.39065170288086,114.96085357666016,120.80999755859375
2016-12-05,25.2342586517334,37.96799850463867,37.989498138427734,116.9831314086914,119.16000366210938
2016-12-06,25.428531646728516,38.236000061035156,37.81961441040039,116.86357879638672,124.56999969482422
2016-12-07,25.678306579589844,38.520999908447266,38.42144775390625,117.50115966796875,125.38999938964844
2016-12-08,25.93039321899414,38.36650085449219,38.682010650634766,118.4574966430664,123.23999786376953
2016-12-09,26.353622436523438,38.43299865722656,39.323211669921875,119.22457122802734,122.87999725341797
2016-12-12,26.203298568725586,38.00600051879883,39.32221221923828,117.32183837890625,122.83000183105469
2016-12-13,26.640405654907227,38.71699905395508,39.6624870300293,119.85216522216797,123.77999877929688
2016-12-14,26.640405654907227,38.441001892089844,39.7108154296875,119.75254821777344,123.44000244140625
2016-12-15,26.786104202270508,38.04999923706055,39.74967575073242,120.1111831665039,125.0
2016-12-16,26.8207950592041,37.88850021362305,39.398441314697266,119.41384887695312,124.22000122070312
2016-12-19,26.975751876831055,38.29999923706055,39.56782913208008,118.78623962402344,125.44999694824219
2016-12-20,27.04744529724121,38.56100082397461,39.67843246459961,118.6368179321289,125.12000274658203
2016-12-21,27.0728816986084,38.529998779296875,39.58576583862305,118.58700561523438,126.5
2016-12-22,26.894807815551758,38.31700134277344,39.421356201171875,116.9532470703125,125.58000183105469
2016-12-23,26.947998046875,38.02949905395508,39.354095458984375,116.82373809814453,125.58999633789062
2016-12-27,27.119142532348633,38.56999969482422,39.4358024597168,117.56092071533203,128.35000610351562
2016-12-28,27.00350570678711,38.60649871826172,39.111968994140625,116.47506713867188,125.88999938964844
2016-12-29,26.996564865112305,38.25749969482422,38.99937057495117,115.90724182128906,125.33000183105469
2016-12-30,26.786104202270508,37.493499755859375,38.45283508300781,114.61219787597656,123.80000305175781
2017-01-03,26.862424850463867,37.68349838256836,39.1662712097168,116.4153060913086,127.48999786376953
2017-01-04,26.832361221313477,37.85900115966797,39.20413589477539,118.23834228515625,129.41000366210938
2017-01-05,26.968809127807617,39.022499084472656,39.558860778808594,120.21080017089844,131.80999755859375
2017-01-06,27.26946449279785,39.79949951171875,40.16318893432617,122.94037628173828,131.07000732421875
2017-01-09,27.51924705505371,39.84600067138672,40.1880989074707,124.4247055053711,130.9499969482422
2017-01-10,27.546998977661133,39.79499816894531,40.095428466796875,123.87680053710938,129.88999938964844
2017-01-11,27.695009231567383,39.95100021362305,40.250877380371094,125.61018371582031,130.5
2017-01-12,27.57936668395996,40.68199920654297,40.17365264892578,126.13816833496094,129.17999267578125
2017-01-13,27.53080177307129,40.856998443603516,40.2493782043457,127.85160827636719,133.6999969482422
2017-01-17,27.752826690673828,40.486000061035156,40.08646774291992,127.38340759277344,132.88999938964844
2017-01-18,27.750513076782227,40.374000549316406,40.159202575683594,127.43321228027344,133.25999450683594
2017-01-19,27.701950073242188,40.45199966430664,39.965152740478516,127.06462860107422,138.41000366210938
2017-01-20,27.752826690673828,40.416500091552734,40.10689163208008,126.55655670166016,138.60000610351562
2017-01-23,27.771329879760742,40.89400100708008,40.81883239746094,128.43936157226562,137.38999938964844
2017-01-24,27.74588966369629,41.12200164794922,41.0460205078125,128.877685546875,140.11000061035156
2017-01-25,28.1876220703125,41.82600021362305,41.63390350341797,130.9796600341797,139.52000427246094
2017-01-26,28.20150375366211,41.95750045776367,41.458534240722656,132.2747344970703,138.9600067138672
2017-01-27,28.20380973815918,41.78850173950195,41.01811599731445,131.67698669433594,142.4499969482422
2017-01-30,28.129802703857422,41.51900100708008,39.97237777709961,130.4815673828125,141.22000122070312
2017-01-31,28.06505012512207,41.17399978637695,39.69686508178711,129.82408142089844,140.7100067138672
2017-02-01,29.77646827697754,41.61750030517578,39.642311096191406,132.72300720214844,140.77999877929688
2017-02-02,29.725597381591797,41.997501373291016,39.78355026245117,130.34210205078125,139.1999969482422
2017-02-03,29.8527889251709,40.5099983215332,39.93102264404297,130.4815673828125,140.25
2017-02-06,30.13263702392578,40.38199996948242,39.92354965209961,131.55746459960938,140.97000122070312
2017-02-07,30.41941261291504,40.625,40.204044342041016,131.3383026123047,144.0
2017-02-08,30.537363052368164,40.98550033569336,40.2742919921875,133.6893310546875,144.74000549316406
2017-02-09,30.758024215698242,41.06800079345703,40.33307647705078,133.62953186035156,144.13999938964844
2017-02-10,30.688343048095703,41.37300109863281,40.537837982177734,133.67935180664062,144.82000732421875
2017-02-13,30.96010398864746,41.826499938964844,40.815345764160156,133.5398712158203,143.1999969482422
2017-02-14,31.361957550048828,41.81949996948242,40.87562942504883,133.34063720703125,140.82000732421875
2017-02-15,31.475757598876953,42.1349983215332,40.80239486694336,132.93222045898438,142.27000427246094
2017-02-16,31.438596725463867,42.207000732421875,41.06046676635742,133.3306884765625,142.00999450683594
2017-02-17,31.524539947509766,42.253501892089844,41.25526428222656,133.02186584472656,142.22000122070312
2017-02-21,31.752159118652344,42.821998596191406,41.434120178222656,133.21115112304688,142.60000610351562
2017-02-22,31.847400665283203,42.78049850463867,41.3892822265625,135.6020050048828,143.86000061035156
2017-02-23,31.712690353393555,42.609500885009766,41.41768264770508,134.8448944091797,142.77999877929688
2017-02-24,31.74288558959961,42.262001037597656,41.283660888671875,134.92459106445312,143.25
2017-02-27,31.805593490600586,42.43199920654297,41.315547943115234,135.8909149169922,143.41000366210938
2017-02-28,31.819528579711914,42.25199890136719,41.01313400268555,135.02420043945312,142.1300048828125
2017-03-01,32.46989440917969,42.65399932861328,41.612483978271484,136.8970489501953,142.64999389648438
2017-03-02,32.277095794677734,42.445499420166016,41.382808685302734,136.23956298828125,139.52999877929688
2017-03-03,32.46757507324219,42.49399948120117,41.30558395385742,136.6480255126953,139.13999938964844
2017-03-06,32.36537170410156,42.330501556396484,41.24081802368164,136.8970489501953,141.94000244140625
2017-03-07,32.407188415527344,42.30099868774414,41.44657897949219,136.77752685546875,141.42999267578125
2017-03-08,32.286407470703125,42.525001525878906,41.618961334228516,137.1959228515625,140.32000732421875
2017-03-09,32.212066650390625,42.650001525878906,41.78386306762695,137.7139434814453,140.52999877929688
2017-03-10,32.31892013549805,42.62300109863281,42.01155090332031,138.2618408203125,140.88999938964844
2017-03-13,32.33285903930664,42.72949981689453,42.125640869140625,139.0687713623047,143.52000427246094
2017-03-14,32.284080505371094,42.62649917602539,42.12961959838867,138.7898406982422,143.19000244140625
2017-03-15,32.625526428222656,42.64849853515625,42.208343505859375,139.1883087158203,145.25
2017-03-16,32.678955078125,42.67100143432617,42.28705596923828,139.45729064941406,144.38999938964844
2017-03-17,32.516357421875,42.615501403808594,42.453460693359375,139.30784606933594,145.11000061035156
2017-03-20,32.857810974121094,42.8484992980957,42.268123626708984,139.407470703125,145.8300018310547
2017-03-21,32.48152542114258,42.15999984741211,41.37433624267578,137.98291015625,142.4199981689453
2017-03-22,32.84849548339844,42.40299987792969,41.33099365234375,139.0587921142578,142.64999389648438
2017-03-23,32.73238754272461,42.36899948120117,40.732643127441406,138.99903869628906,141.83999633789062
2017-03-24,32.66734313964844,42.28049850463867,40.575706481933594,139.80593872070312,142.02000427246094
2017-03-27,32.723079681396484,42.340999603271484,40.82879638671875,139.78604125976562,144.05999755859375
2017-03-28,33.40133285522461,42.79999923706055,40.8990478515625,141.2205352783203,145.1699981689453
2017-03-29,33.47565460205078,43.715999603271484,41.421669006347656,142.10714721679688,146.47000122070312
2017-03-30,33.43153762817383,43.81700134277344,41.426151275634766,141.86807250976562,148.05999755859375
2017-03-31,33.36882400512695,44.32699966430664,41.32950210571289,141.50946044921875,147.80999755859375
2017-04-03,33.37810134887695,44.57550048828125,41.77738952636719,141.7385711669922,146.9199981689453
2017-04-04,33.62664031982422,45.34149932861328,41.5791015625,141.19065856933594,145.5
2017-04-05,33.45244216918945,45.4640007019043,41.421669006347656,141.31021118164062,143.6199951171875
2017-04-06,33.36882400512695,44.91400146484375,41.24580383300781,140.63279724121094,143.74000549316406
2017-04-07,33.294471740722656,44.74399948120117,41.08587646484375,140.24427795410156,143.11000061035156
2017-04-10,33.2549934387207,45.35200119018555,41.088863372802734,140.50328063964844,143.85000610351562
2017-04-11,32.89728927612305,45.11800003051758,41.020111083984375,139.3875274658203,144.35000610351562
2017-04-12,32.93678283691406,44.811500549316406,41.06843566894531,139.04884338378906,143.8300018310547
2017-04-13,32.7625617980957,44.23350143432617,41.030574798583984,138.8595428466797,142.9199981689453
2017-04-17,32.94374465942383,45.0994987487793,41.708641052246094,140.8818359375,147.25
2017-04-18,32.797401428222656,45.18899917602539,41.691200256347656,140.423583984375,143.36000061035156
2017-04-19,32.6766242980957,44.959999084472656,41.76045227050781,141.72860717773438,139.75999450683594
2017-04-20,33.08543395996094,45.10300064086914,41.93183135986328,143.25277709960938,141.17999267578125
2017-04-21,33.045936584472656,44.92649841308594,42.00856018066406,143.13323974609375,142.8699951171875
2017-04-24,33.364158630371094,45.37049865722656,42.983558654785156,144.91644287109375,143.8300018310547
2017-04-25,33.57089614868164,45.38100051879883,43.4588508605957,145.9325408935547,152.16000366210938
2017-04-26,33.373470306396484,45.464500427246094,43.43044662475586,146.00228881835938,150.1699981689453
2017-04-27,33.39900588989258,45.91899871826172,43.55600357055664,147.137939453125,153.0800018310547
2017-04-28,33.36650085449219,46.2495002746582,45.13582229614258,149.67823791503906,152.1999969482422
2017-05-01,34.04705047607422,47.4114990234375,45.46513748168945,151.87982177734375,155.35000610351562
2017-05-02,34.26306915283203,47.34700012207031,45.6579475402832,152.1986083984375,156.4499969482422
2017-05-03,34.158546447753906,47.05149841308594,46.18605041503906,151.2223358154297,155.58999633789062
2017-05-04,34.035438537597656,46.87649917602539,46.416221618652344,150.27597045898438,157.25
2017-05-05,34.599876403808594,46.70750045776367,46.190528869628906,149.6682891845703,156.60000610351562
2017-05-08,35.540592193603516,47.45199966430664,46.54774856567383,150.4851531982422,156.3800048828125
2017-05-09,35.76821517944336,47.64099884033203,46.44163513183594,149.90736389160156,157.4600067138672
2017-05-10,35.59865951538086,47.4474983215332,46.272735595703125,149.71807861328125,160.27999877929688
2017-05-11,35.906532287597656,47.38100051879883,46.36341094970703,149.4690399169922,158.5399932861328
2017-05-12,36.407997131347656,48.067501068115234,46.444122314453125,149.75794982910156,160.80999755859375
2017-05-15,36.314693450927734,47.89849853515625,46.68625259399414,149.61846923828125,160.02000427246094
2017-05-16,36.26103973388672,48.30350112915039,46.98119354248047,149.2100372314453,159.41000366210938
2017-05-17,35.0435676574707,47.237998962402344,45.81637954711914,144.29879760742188,153.1999969482422
2017-05-18,35.577674865722656,47.92449951171875,46.34547805786133,147.0980987548828,155.6999969482422
2017-05-19,35.69895935058594,47.992000579833984,46.533302307128906,147.49655151367188,157.02000427246094
2017-05-22,35.915855407714844,48.53350067138672,46.92439651489258,147.6759033203125,157.16000366210938
2017-05-23,35.87154769897461,48.57699966430664,47.271156311035156,147.5065460205078,157.9499969482422
2017-05-24,35.76425552368164,49.01750183105469,47.57705307006836,149.4690399169922,157.75
2017-05-25,35.887874603271484,49.66899871826172,48.303443908691406,151.38174438476562,163.0500030517578
2017-05-26,35.827232360839844,49.78900146484375,48.39959716796875,151.55108642578125,162.42999267578125
2017-05-30,35.841224670410156,49.834999084472656,48.619300842285156,151.80014038085938,163.22000122070312
2017-05-31,35.62897872924805,49.73099899291992,48.07027816772461,150.88363647460938,163.07000732421875
2017-06-01,35.72694778442383,49.79750061035156,48.17440414428711,150.95335388183594,162.99000549316406
2017-06-02,36.256378173828125,50.33649826049805,48.60535430908203,153.02545166015625,165.17999267578125
2017-06-05,35.90187072753906,50.56700134277344,49.00790786743164,153.04537963867188,165.05999755859375
2017-06-06,36.02314758300781,50.150001525878906,48.65367889404297,152.228515625,165.1699981689453
2017-06-07,36.237728118896484,50.503501892089844,48.87139892578125,152.5373077392578,165.61000061035156
2017-06-08,36.149085998535156,50.51350021362305,48.99446105957031,154.1212615966797,165.8800048828125
2017-06-09,34.747352600097656,48.91550064086914,47.32147216796875,149.0307159423828,158.02999877929688
2017-06-12,33.91703414916992,48.24549865722656,46.97621154785156,147.87513732910156,151.44000244140625
2017-06-13,34.1899299621582,49.03950119018555,47.499332427978516,150.10658264160156,152.72000122070312
2017-06-14,33.85639190673828,48.82350158691406,47.367801666259766,149.67823791503906,152.1999969482422
2017-06-15,33.65348815917969,48.208499908447266,46.946815490722656,149.22994995117188,151.75999450683594
2017-06-16,33.182350158691406,49.385501861572266,46.82076644897461,150.06675720214844,152.3800048828125
2017-06-19,34.131614685058594,49.75849914550781,47.697120666503906,152.28826904296875,153.39999389648438
2017-06-20,33.82140350341797,49.62950134277344,47.361328125,151.67062377929688,152.0500030517578
2017-06-21,34.02199172973633,50.11149978637695,47.80074691772461,153.3242950439453,155.02999877929688
2017-06-22,33.96601486206055,50.064998626708984,47.683170318603516,152.8162384033203,154.88999938964844
2017-06-23,34.117618560791016,50.1870002746582,48.10664749145508,154.4799041748047,158.02000427246094
2017-06-26,34.010345458984375,49.69900131225586,47.44302749633789,153.00552368164062,157.5
2017-06-27,33.522865295410156,48.8390007019043,46.200496673583984,150.00697326660156,151.02999877929688
2017-06-28,34.012672424316406,49.51649856567383,46.85614013671875,152.65687561035156,153.41000366210938
2017-06-29,33.5112190246582,48.79650115966797,45.72520446777344,150.46522521972656,150.08999633789062
2017-06-30,33.590511322021484,48.400001525878906,45.27382278442383,150.4054718017578,149.41000366210938
2017-07-03,33.469215393066406,47.68299865722656,44.77412414550781,147.86514282226562,146.1699981689453
2017-07-05,33.60683059692383,48.56999969482422,45.42229080200195,149.76788330078125,147.61000061035156
2017-07-06,33.28964614868164,48.25699996948242,45.17219543457031,148.25367736816406,146.25
2017-07-07,33.62782287597656,48.9379997253418,45.76506423950195,150.8637237548828,150.17999267578125
2017-07-10,33.833065032958984,49.82350158691406,46.27373504638672,152.91587829589844,152.6699981689453
2017-07-11,33.94269943237305,49.70650100708008,46.3380012512207,154.67913818359375,154.3300018310547
2017-07-12,33.991668701171875,50.32550048828125,47.02254867553711,158.29530334472656,158.75
2017-07-13,34.46514129638672,50.03150177001953,47.188446044921875,158.65396118164062,158.2100067138672
2017-07-14,34.76134490966797,50.09049987792969,47.62836456298828,159.3612518310547,161.1199951171875
2017-07-17,34.882633209228516,50.50199890136719,47.50032424926758,159.12216186523438,161.6999969482422
2017-07-18,35.00392532348633,51.22249984741211,48.09718322753906,162.24026489257812,183.60000610351562
2017-07-19,35.22316360473633,51.34349822998047,48.370697021484375,163.515380859375,183.86000061035156
2017-07-20,35.064544677734375,51.435001373291016,48.23419189453125,163.90390014648438,183.60000610351562
2017-07-21,35.04822540283203,51.28350067138672,48.471832275390625,163.8042755126953,188.5399932861328
2017-07-24,35.47270584106445,51.9474983215332,48.84150695800781,165.36830139160156,187.91000366210938
2017-07-25,35.624324798583984,51.993499755859375,47.36481475830078,164.6510467529297,186.97000122070312
2017-07-26,35.79224395751953,52.63999938964844,47.220333099365234,164.97976684570312,189.0800018310547
2017-07-27,35.1158561706543,52.29999923706055,46.53728485107422,169.79141235351562,182.67999267578125
2017-07-28,34.86863708496094,51.00199890136719,46.907955169677734,171.7937469482422,184.0399932861328
2017-07-31,34.68905258178711,49.388999938964844,46.358428955078125,168.60594177246094,181.66000366210938
2017-08-01,34.99691390991211,49.80950164794922,46.37487030029297,169.213623046875,182.02999877929688
2017-08-02,36.65055465698242,49.794498443603516,46.35295104980469,168.65576171875,180.74000549316406
2017-08-03,36.28438186645508,49.34600067138672,46.017154693603516,167.94845581054688,179.22999572753906
2017-08-04,36.47562026977539,49.37900161743164,46.23188400268555,168.9745330810547,180.27000427246094
2017-08-07,37.04005432128906,49.61349868774414,46.301631927490234,171.3255615234375,181.3300018310547
2017-08-08,37.33625793457031,49.492000579833984,46.17359161376953,170.57839965820312,178.36000061035156
2017-08-09,37.56483459472656,49.10049819946289,45.97978973388672,170.52857971191406,175.77999877929688
2017-08-10,36.36832809448242,47.84600067138672,45.19959259033203,166.76296997070312,169.13999938964844
2017-08-11,36.87408447265625,48.39950180053711,45.55581283569336,167.44039916992188,171.39999389648438
2017-08-14,37.42902755737305,49.165000915527344,45.968326568603516,170.10023498535156,171.0
2017-08-15,37.83879470825195,49.137001037597656,45.9459114074707,170.3492889404297,168.5
2017-08-16,37.68659591674805,48.909000396728516,46.182064056396484,169.35308837890625,169.97999572753906
2017-08-17,36.96305847167969,48.028499603271484,45.38592529296875,166.27484130859375,166.08999633789062
2017-08-18,36.87876510620117,47.923500061035156,45.370479583740234,166.77291870117188,166.5399932861328
2017-08-21,36.81086730957031,47.66450119018555,45.17069625854492,167.1415252685547,166.75999450683594
2017-08-22,37.412635803222656,48.345001220703125,46.0689697265625,168.9944610595703,169.33999633789062
2017-08-23,37.4594612121582,47.900001525878906,46.18405532836914,168.0679931640625,169.05999755859375
2017-08-24,37.2932243347168,47.622501373291016,45.899078369140625,167.10169982910156,168.1300048828125
2017-08-25,37.431365966796875,47.26300048828125,45.63054275512695,165.6870880126953,165.9499969482422
2017-08-28,37.808353424072266,47.30099868774414,45.52691650390625,166.6035919189453,167.1199951171875
2017-08-29,38.145530700683594,47.702999114990234,45.89957809448242,167.41050720214844,168.80999755859375
2017-08-30,38.2485466003418,48.37950134277344,46.312095642089844,169.27337646484375,174.69000244140625
2017-08-31,38.400753021240234,49.029998779296875,46.79834747314453,171.31556701660156,174.7100067138672
2017-09-01,38.41245651245117,48.912498474121094,46.69920349121094,171.3654022216797,174.74000549316406
2017-09-05,37.95118713378906,48.26350021362305,46.25629806518555,170.07034301757812,174.52000427246094
2017-09-06,37.911380767822266,48.38999938964844,46.22441101074219,171.43511962890625,179.25
2017-09-07,37.759178161621094,48.9734992980957,46.62995147705078,172.55087280273438,179.0
2017-09-08,37.14336395263672,48.29499816894531,46.15914535522461,170.29946899414062,176.4199981689453
2017-09-11,37.81538009643555,48.89799880981445,46.287681579589844,172.84970092773438,181.74000549316406
2017-09-12,37.6655158996582,49.12900161743164,46.436649322509766,172.3018341064453,185.14999389648438
2017-09-13,37.38218688964844,49.97999954223633,46.58710861206055,172.39146423339844,183.63999938964844
2017-09-14,37.061397552490234,49.61050033569336,46.08989334106445,170.30943298339844,182.6300048828125
2017-09-15,37.43605422973633,49.339500427246094,45.84975814819336,170.98684692382812,182.35000610351562
2017-09-18,37.15272521972656,48.70949935913086,45.58620071411133,169.363037109375,184.6199951171875
2017-09-19,37.16678237915039,48.49300003051758,45.92548370361328,171.86349487304688,185.67999267578125
2017-09-20,36.5439338684082,48.660499572753906,46.412235260009766,171.5148162841797,185.50999450683594
2017-09-21,35.916412353515625,48.23249816894531,46.45558166503906,170.4588623046875,188.77999877929688
2017-09-22,35.565185546875,47.755001068115234,46.26028060913086,169.89100646972656,187.35000610351562
2017-09-25,35.25141525268555,46.989498138427734,45.88364028930664,162.2501983642578,178.5500030517578
2017-09-26,35.85788345336914,46.93000030517578,46.07744216918945,163.58511352539062,179.3800048828125
2017-09-27,36.11309814453125,47.54349899291992,47.055423736572266,167.04190063476562,181.97000122070312
2017-09-28,35.89065170288086,47.81999969482422,47.30502700805664,168.08792114257812,180.6999969482422
2017-09-29,36.08733367919922,48.067501068115234,47.783809661865234,170.21978759765625,181.35000610351562
2017-10-02,36.01475524902344,47.95949935913086,47.49285888671875,168.8251190185547,177.00999450683594
2017-10-03,36.171634674072266,47.85499954223633,47.71804428100586,169.31324768066406,179.19000244140625
2017-10-04,35.9374885559082,48.272499084472656,47.41363525390625,167.77908325195312,184.4499969482422
2017-10-05,36.38471984863281,49.04249954223633,48.324363708496094,170.58837890625,194.38999938964844
2017-10-06,36.36363220214844,49.479000091552734,48.76927185058594,171.5745849609375,198.02000427246094
2017-10-09,36.490081787109375,49.54949951171875,48.675106048583984,171.84356689453125,196.8699951171875
2017-10-10,36.504119873046875,49.36000061035156,48.455894470214844,170.93704223632812,195.0800018310547
2017-10-11,36.656333923339844,49.75,49.28541564941406,172.08265686035156,194.9499969482422
2017-10-12,36.52754592895508,50.04650115966797,49.214664459228516,171.8933868408203,195.86000061035156
2017-10-13,36.759368896484375,50.14699935913086,49.30683517456055,173.078857421875,199.49000549316406
2017-10-16,37.43605422973633,50.31700134277344,49.422420501708984,173.8558807373047,202.67999267578125
2017-10-17,37.5742073059082,50.45650100708008,49.4313850402832,175.4398193359375,199.47999572753906
2017-10-18,37.407958984375,49.849998474121094,49.46277618408203,175.36013793945312,195.5399932861328
2017-10-19,36.522857666015625,49.330501556396484,49.04627227783203,173.89573669433594,195.1300048828125
2017-10-20,36.58608627319336,49.14550018310547,49.233097076416016,174.31414794921875,194.16000366210938
2017-10-23,36.56734085083008,48.314998626708984,48.2491340637207,170.61825561523438,192.47000122070312
2017-10-24,36.78511047363281,48.79499816894531,48.3532600402832,171.14622497558594,196.02000427246094
2017-10-25,36.6235466003418,48.64550018310547,48.49225997924805,169.9508056640625,193.77000427246094
2017-10-26,36.85770034790039,48.621498107910156,48.45389938354492,169.98068237304688,195.2100067138672
2017-10-27,38.17831039428711,55.04750061035156,50.781044006347656,177.2030792236328,199.5399932861328
2017-10-30,39.03764724731445,55.54249954223633,50.67342758178711,179.18551635742188,198.3699951171875
2017-10-31,39.580875396728516,55.263999938964844,50.6500129699707,179.37478637695312,196.42999267578125
2017-11-01,39.07745361328125,55.183998107910156,51.09142303466797,181.96490478515625,198.0
2017-11-02,39.36311721801758,54.71099853515625,51.09540939331055,178.23912048339844,199.32000732421875
2017-11-03,40.39103317260742,55.58000183105469,51.43917465209961,178.23912048339844,200.00999450683594
2017-11-06,40.80080032348633,56.03300094604492,51.11134719848633,179.48439025878906,200.1300048828125
2017-11-07,40.931922912597656,56.15850067138672,51.48152160644531,179.56407165527344,195.88999938964844
2017-11-08,41.266754150390625,56.64400100708008,51.80635452270508,178.876708984375,196.44000244140625
2017-11-09,41.18247604370117,56.45650100708008,51.37839126586914,178.61769104003906,193.89999389648438
2017-11-10,41.04616165161133,56.26750183105469,51.21946334838867,177.78089904785156,192.02000427246094
2017-11-13,40.88166809082031,56.458499908447266,51.10387420654297,178.0897216796875,195.0800018310547
2017-11-14,40.263641357421875,56.84199905395508,51.116336822509766,177.39236450195312,195.7100067138672
2017-11-15,39.7325553894043,56.33449935913086,50.86274337768555,177.27284240722656,192.1199951171875
2017-11-16,40.207237243652344,56.864498138427734,51.44017028808594,178.90658569335938,195.50999450683594
2017-11-17,39.9840087890625,56.49399948120117,50.77206802368164,178.31883239746094,193.1999969482422
2017-11-20,39.944053649902344,56.31549835205078,50.736698150634766,178.05984497070312,194.10000610351562
2017-11-21,40.68663024902344,56.9744987487793,51.539310455322266,181.16795349121094,196.22999572753906
2017-11-22,41.11432647705078,57.80799865722656,51.612552642822266,180.18170166015625,196.32000732421875
2017-11-24,41.11668014526367,59.29999923706055,51.844215393066406,182.08445739746094,195.75
2017-11-27,40.90987777709961,59.791500091552734,52.52178192138672,182.33348083496094,195.0500030517578
2017-11-28,40.67018127441406,59.68000030517578,52.18299865722656,181.725830078125,199.17999267578125
2017-11-29,39.826541900634766,58.063499450683594,50.90011215209961,174.46356201171875,188.14999389648438
2017-11-30,40.38349151611328,58.837501525878906,50.887657165527344,176.50575256347656,187.5800018310547
2017-12-01,40.19549560546875,58.11750030517578,50.32767105102539,174.4336700439453,186.82000732421875
2017-12-04,39.90176010131836,56.6974983215332,49.75522232055664,170.81748962402344,184.0399932861328
2017-12-05,39.864158630371094,57.07849884033203,50.07756423950195,172.1723175048828,184.2100067138672
2017-12-06,39.71610641479492,57.61750030517578,50.736698150634766,175.39002990722656,185.3000030517578
2017-12-07,39.78895568847656,57.989498138427734,51.36195373535156,179.45449829101562,185.1999969482422
2017-12-08,39.80070877075195,58.099998474121094,51.66685485839844,178.31883239746094,188.5399932861328
2017-12-11,40.5761833190918,58.44599914550781,51.86863327026367,178.35867309570312,186.22000122070312
2017-12-12,40.34824752807617,58.25400161743164,51.837738037109375,176.28659057617188,185.72999572753906
2017-12-13,40.48220443725586,58.20650100708008,51.844215393066406,177.62149047851562,187.86000061035156
2017-12-14,40.470436096191406,58.7130012512207,52.269691467285156,177.7111358642578,189.55999755859375
2017-12-15,40.88166809082031,58.957000732421875,53.01899719238281,179.4943389892578,190.1199951171875
2017-12-18,41.45740509033203,59.52899932861328,53.664180755615234,180.1319122314453,190.4199981689453
2017-12-19,41.01563262939453,59.36899948120117,53.34233856201172,178.82688903808594,187.02000427246094
2017-12-20,40.97096252441406,58.88100051879883,53.05686569213867,177.21307373046875,188.82000732421875
2017-12-21,41.12605667114258,58.737998962402344,52.99109649658203,176.77471923828125,188.6199951171875
2017-12-22,41.12605667114258,58.417999267578125,52.81623077392578,176.52569580078125,189.94000244140625
2017-12-26,40.08271026611328,58.8380012512207,52.64783477783203,175.32029724121094,187.75999450683594
2017-12-27,40.08974838256836,59.112998962402344,52.28064727783203,176.94407653808594,186.24000549316406
2017-12-28,40.20254898071289,59.30500030517578,52.2193717956543,177.24295043945312,192.7100067138672
2017-12-29,39.767822265625,58.4734992980957,52.1326789855957,175.78851318359375,191.9600067138672
2018-01-02,40.47984313964844,59.45050048828125,53.05935287475586,180.7296142578125,201.07000732421875
2018-01-03,40.47278594970703,60.209999084472656,53.93022537231445,183.96725463867188,205.0500030517578
2018-01-04,40.66078567504883,60.47949981689453,54.12552261352539,183.6285400390625,205.6300048828125
2018-01-05,41.12372970581055,61.457000732421875,54.914188385009766,186.13897705078125,209.99000549316406
2018-01-08,40.97096252441406,62.34349822998047,55.14884567260742,187.56350708007812,212.0500030517578
2018-01-09,40.966270446777344,62.6349983215332,55.114967346191406,187.15509033203125,209.30999755859375
2018-01-10,40.956871032714844,62.71649932861328,54.93312072753906,187.1251983642578,212.52000427246094
2018-01-11,41.189517974853516,63.83399963378906,55.078102111816406,187.0554656982422,217.24000549316406
2018-01-12,41.61485290527344,65.26000213623047,55.91210174560547,178.6874237060547,221.22999572753906
2018-01-16,41.40336608886719,65.24299621582031,55.88719177246094,177.7111358642578,221.52999877929688
2018-01-17,42.08719253540039,64.75,56.396366119384766,176.92417907714844,217.5
2018-01-18,42.12479019165039,64.66600036621094,56.28725051879883,179.1157989501953,220.3300018310547
2018-01-19,41.93678665161133,64.72899627685547,56.671871185302734,180.60011291503906,220.4600067138672
2018-01-22,41.59370040893555,66.3655014038086,57.583595275878906,184.6645965576172,227.5800018310547
2018-01-23,41.60309982299805,68.12699890136719,58.2890625,188.6294403076172,250.2899932861328
2018-01-24,40.9404296875,67.87550354003906,58.00358963012695,185.840087890625,261.29998779296875
2018-01-25,40.209590911865234,68.89749908447266,58.308990478515625,186.7665557861328,269.70001220703125
2018-01-26,40.303592681884766,70.10250091552734,58.581512451171875,189.27696228027344,274.6000061035156
2018-01-29,39.46936798095703,70.88400268554688,58.56855773925781,185.2722625732422,284.5899963378906
2018-01-30,39.23672103881836,71.89099884033203,57.9761848449707,186.40792846679688,278.79998779296875
2018-01-31,39.34482192993164,72.54450225830078,58.287567138671875,186.17880249023438,270.29998779296875
2018-02-01,39.42708206176758,69.5,58.175968170166016,192.355224609375,265.07000732421875
2018-02-02,37.71632385253906,71.49749755859375,55.39596176147461,189.555908203125,267.42999267578125
2018-02-05,36.77401351928711,69.5,52.60100173950195,180.5702362060547,254.25999450683594
2018-02-06,38.31086349487305,72.14199829101562,53.8365592956543,184.6048126220703,265.7200012207031
2018-02-07,37.49073028564453,70.83899688720703,52.241294860839844,179.4943389892578,264.55999755859375
2018-02-08,36.459110260009766,67.5250015258789,49.8967170715332,170.9270782470703,250.10000610351562
2018-02-09,36.905059814453125,66.9800033569336,51.70322799682617,175.4398193359375,249.47000122070312
2018-02-12,38.391563415527344,69.3115005493164,52.40869140625,175.7386932373047,257.95001220703125
2018-02-13,38.776145935058594,70.72550201416016,52.416664123535156,172.4910888671875,258.2699890136719
2018-02-14,39.49107360839844,72.55249786376953,53.29351043701172,178.8368682861328,266.0
2018-02-15,40.8171272277832,73.08799743652344,54.28096389770508,179.27517700195312,280.2699890136719
2018-02-16,40.68498611450195,72.43450164794922,54.54401779174805,176.68508911132812,278.5199890136719
2018-02-20,40.54814147949219,73.4175033569336,54.9256477355957,175.3402099609375,278.54998779296875
2018-02-21,40.36410903930664,74.14600372314453,55.36805725097656,177.23297119140625,281.0400085449219
2018-02-22,40.70151901245117,74.26699829101562,55.133399963378906,178.3088836669922,278.1400146484375
2018-02-23,41.409358978271484,75.0,56.137794494628906,182.59249877929688,285.92999267578125
2018-02-26,42.22811508178711,76.09750366210938,56.982757568359375,184.2262725830078,294.1600036621094
2018-02-27,42.09125518798828,75.5989990234375,55.71431350708008,180.76947021484375,290.6099853515625
2018-02-28,42.02754592895508,75.62249755859375,55.03874206542969,177.6414337158203,291.3800048828125
2018-03-01,41.29138946533203,74.67250061035156,53.2845458984375,175.27047729492188,290.3900146484375
2018-03-02,41.57688522338867,75.01249694824219,53.75286102294922,175.94789123535156,301.04998779296875
2018-03-05,41.72080993652344,76.18049621582031,54.35121536254883,179.7135009765625,315.0
2018-03-06,41.685420989990234,76.88200378417969,54.556968688964844,179.0958709716797,325.2200012207031
2018-03-07,41.298458099365234,77.25,55.283363342285156,183.0109100341797,321.1600036621094
2018-03-08,41.74913024902344,77.59300231933594,56.09843063354492,181.6461181640625,317.0
2018-03-09,42.4664192199707,78.94450378417969,57.794334411621094,184.52511596679688,331.44000244140625
2018-03-12,42.87697219848633,79.91950225830078,58.016536712646484,184.05691528320312,321.29998779296875
2018-03-13,42.46406173706055,79.40899658203125,56.70475769042969,181.18788146972656,315.8800048828125
2018-03-14,42.103065490722656,79.55000305175781,57.26872634887695,183.4890899658203,321.54998779296875
2018-03-15,42.15259552001953,79.11599731445312,57.27321243286133,183.16033935546875,321.0899963378906
2018-03-16,42.003963470458984,78.58399963378906,56.58319091796875,184.38565063476562,318.45001220703125
2018-03-19,41.3621826171875,77.24649810791016,54.79412078857422,171.90333557128906,313.4800109863281
2018-03-20,41.34801483154297,79.32550048828125,54.68899917602539,167.51010131835938,317.5
2018-03-21,40.411293029785156,79.09300231933594,54.348716735839844,168.7454071044922,316.4800109863281
2018-03-22,39.84028244018555,77.24600219726562,52.26620101928711,164.26251220703125,306.70001220703125
2018-03-23,38.91770935058594,74.77799987792969,50.89562225341797,158.78346252441406,300.94000244140625
2018-03-26,40.76521301269531,77.79299926757812,52.471961975097656,159.45091247558594,320.3500061035156
2018-03-27,39.71995162963867,74.85250091552734,50.075077056884766,151.6407470703125,300.69000244140625
2018-03-28,39.28108596801758,71.57099914550781,50.04817199707031,152.44764709472656,285.7699890136719
2018-03-29,39.58781814575195,72.36699676513672,51.40480041503906,159.1819305419922,295.3500061035156
2018-04-02,39.32827377319336,68.59950256347656,50.14332962036133,154.79867553710938,280.2900085449219
2018-04-03,39.73175048828125,69.60250091552734,50.48908996582031,155.51593017578125,283.6700134277344
2018-04-04,40.49150466918945,70.52850341796875,51.073486328125,154.50979614257812,288.94000244140625
2018-04-05,40.77228927612305,72.5875015258789,51.206512451171875,158.73365783691406,293.9700012207031
2018-04-06,39.729393005371094,70.2614974975586,50.17172622680664,156.60179138183594,288.8500061035156
2018-04-09,40.1234245300293,70.30400085449219,50.590721130371094,157.32901000976562,289.92999267578125
2018-04-10,40.87847137451172,71.81099700927734,51.3973274230957,164.41195678710938,298.07000732421875
2018-04-11,40.687347412109375,71.35250091552734,50.815914154052734,165.6870880126953,303.6700134277344
2018-04-12,41.088462829589844,72.42500305175781,51.440670013427734,163.24639892578125,309.25
2018-04-13,41.22768020629883,71.53949737548828,51.27924728393555,163.89393615722656,311.6499938964844
2018-04-16,41.484867095947266,72.07499694824219,51.71318817138672,164.2027587890625,307.7799987792969
2018-04-17,42.05586242675781,75.19149780273438,53.51571273803711,168.01817321777344,336.05999755859375
2018-04-18,41.961490631103516,76.39199829101562,53.412086486816406,165.72694396972656,334.5199890136719
2018-04-19,40.77228927612305,77.84549713134766,54.19028854370117,167.4603271484375,332.70001220703125
2018-04-20,39.10176467895508,76.37449645996094,53.455928802490234,165.64724731445312,327.7699890136719
2018-04-23,38.98850631713867,75.89299774169922,53.181419372558594,165.20889282226562,318.69000244140625
2018-04-24,38.44580841064453,73.00450134277344,50.816410064697266,159.0823211669922,307.0199890136719
2018-04-25,38.61334991455078,73.00849914550781,50.87619400024414,159.0823211669922,305.760009765625
2018-04-26,38.747840881347656,75.89800262451172,51.815818786621094,173.49725341796875,313.9800109863281
2018-04-27,38.299530029296875,78.63099670410156,51.31810760498047,172.92941284179688,311.760009765625
2018-04-30,38.99322509765625,78.30650329589844,50.684383392333984,171.345458984375,312.4599914550781
2018-05-01,39.89927291870117,79.11299896240234,51.679813385009766,173.1984100341797,313.29998779296875
2018-05-02,41.66183090209961,78.48400115966797,51.03562927246094,175.39999389648438,313.3599853515625
2018-05-03,41.73733901977539,78.60399627685547,51.002742767333984,173.3577880859375,311.69000244140625
2018-05-04,43.37483596801758,79.04750061035156,52.22285842895508,175.93792724609375,320.0899963378906
2018-05-07,43.68864440917969,80.00700378417969,52.550682067871094,177.2927703857422,326.260009765625
2018-05-08,43.89863204956055,79.61949920654297,52.506839752197266,178.23912048339844,326.8900146484375
2018-05-09,44.20773696899414,80.4000015258789,53.944175720214844,181.96490478515625,330.29998779296875
2018-05-10,44.8400764465332,80.4540023803711,54.68202209472656,184.82398986816406,329.6000061035156
2018-05-11,44.669551849365234,80.14550018310547,54.716400146484375,186.2784423828125,326.4599914550781
2018-05-14,44.56532669067383,80.0770034790039,54.81304931640625,185.9297637939453,328.5299987792969
2018-05-15,44.1602897644043,78.80599975585938,53.76830291748047,183.61859130859375,326.1300048828125
2018-05-16,44.57244110107422,79.36399841308594,53.89485168457031,182.5028533935547,328.19000244140625
2018-05-17,44.290565490722656,79.08799743652344,53.73642349243164,183.06072998046875,325.2200012207031
2018-05-18,44.1295051574707,78.71849822998047,53.12710952758789,181.98483276367188,324.17999267578125
2018-05-21,44.442161560058594,79.27300262451172,53.78573989868164,183.78793334960938,331.82000732421875
2018-05-22,44.33084487915039,79.06999969482422,53.295005798339844,183.10057067871094,331.6199951171875
2018-05-23,44.61507034301758,80.09300231933594,53.79122543334961,186.1887664794922,344.7200012207031
2018-05-24,44.56532669067383,80.15350341796875,53.768802642822266,185.2224578857422,349.2900085449219
2018-05-25,44.667179107666016,80.50749969482422,53.59044647216797,184.21629333496094,351.2900085449219
2018-05-29,44.506099700927734,80.64350128173828,52.82619094848633,185.033203125,349.7300109863281
2018-05-30,44.41136169433594,81.24449920654297,53.198848724365234,186.95584106445312,353.5400085449219
2018-05-31,44.26213836669922,81.48100280761719,54.055274963378906,191.05020141601562,351.6000061035156
2018-06-01,45.060367584228516,82.0770034790039,55.77459716796875,193.2517852783203,359.92999267578125
2018-06-04,45.43696975708008,83.26349639892578,56.760555267333984,192.54449462890625,361.80999755859375
2018-06-05,45.78752899169922,84.81749725341797,56.778987884521484,192.20578002929688,365.79998779296875
2018-06-06,45.94623565673828,84.7874984741211,56.64048767089844,190.6118621826172,367.45001220703125
2018-06-07,45.82305908203125,84.46499633789062,55.99181365966797,187.46388244628906,361.3999938964844
2018-06-08,45.40617752075195,84.19950103759766,55.84284973144531,188.3804168701172,360.57000732421875
2018-06-11,45.29485321044922,84.45600128173828,56.297218322753906,190.81109619140625,361.45001220703125
2018-06-12,45.543556213378906,84.9375,56.762046813964844,191.66783142089844,363.8299865722656
2018-06-13,45.169315338134766,85.24299621582031,56.53635787963867,191.6778106689453,379.92999267578125
2018-06-14,45.1930046081543,86.19300079345703,57.399757385253906,196.06105041503906,392.8699951171875
2018-06-15,44.728763580322266,85.79850006103516,57.40673065185547,195.10472106933594,391.9800109863281
2018-06-18,44.705074310302734,86.18949890136719,58.46293640136719,197.5553436279297,390.3999938964844
2018-06-19,43.982643127441406,86.73899841308594,58.19390106201172,196.73849487304688,404.9800109863281
2018-06-20,44.174503326416016,87.50399780273438,58.28258514404297,201.23130798339844,416.760009765625
2018-06-21,43.928165435791016,86.51100158691406,57.67576599121094,200.73321533203125,415.44000244140625
2018-06-22,43.80027389526367,85.78350067138672,57.56715393066406,200.97230529785156,411.0899963378906
2018-06-25,43.14890670776367,83.15750122070312,56.039146423339844,195.6028289794922,384.4800109863281
2018-06-26,43.684200286865234,84.55449676513672,55.722782135009766,198.24273681640625,399.3900146484375
2018-06-27,43.6202507019043,83.02549743652344,55.00137710571289,195.09475708007812,390.3900146484375
2018-06-28,43.937652587890625,85.07250213623047,55.511539459228516,195.48326110839844,395.4200134277344
2018-06-29,43.845272064208984,84.98999786376953,55.582786560058594,193.58055114746094,391.42999267578125
2018-07-02,44.335575103759766,85.68900299072266,56.171173095703125,196.6089630126953,398.17999267578125
2018-07-03,43.56340789794922,84.697998046875,54.94707107543945,191.99658203125,390.5199890136719
2018-07-05,43.91395568847656,84.98650360107422,56.01224136352539,197.69480895996094,398.3900146484375
2018-07-06,44.52269744873047,85.53150177001953,56.80439376831055,202.4566192626953,408.25
2018-07-09,45.14089584350586,86.95099639892578,57.49591064453125,203.9608917236328,418.9700012207031
2018-07-10,45.086421966552734,87.15350341796875,57.43562698364258,202.76544189453125,415.6300048828125
2018-07-11,44.501380920410156,87.75,57.488441467285156,201.76925659179688,418.6499938964844
2018-07-12,45.24747848510742,89.83100128173828,58.96214294433594,206.132568359375,413.5
2018-07-13,45.318546295166016,90.65149688720703,59.22819137573242,206.53106689453125,395.79998779296875
2018-07-16,45.219058990478516,91.12449645996094,58.981075286865234,206.44139099121094,400.4800109863281
2018-07-17,45.346954345703125,92.19650268554688,59.72539520263672,209.19090270996094,379.4800109863281
2018-07-18,45.098262786865234,92.14600372314453,59.57992172241211,208.56332397460938,375.1300048828125
2018-07-19,45.448814392089844,90.64849853515625,59.13551712036133,207.2981414794922,364.2300109863281
2018-07-20,45.34458923339844,90.68499755859375,59.033390045166016,209.14109802246094,361.04998779296875
2018-07-23,45.384864807128906,90.0999984741211,60.0592041015625,210.10740661621094,362.6600036621094
2018-07-24,45.71409225463867,91.46199798583984,62.18057632446289,213.8531036376953,357.32000732421875
2018-07-25,46.14519119262695,93.18049621582031,62.95878601074219,216.67233276367188,362.8699951171875
2018-07-26,46.000701904296875,90.4000015258789,63.189453125,175.58926391601562,363.0899963378906
2018-07-27,45.235633850097656,90.8635025024414,61.70329284667969,174.22447204589844,355.2099914550781
2018-07-30,44.982200622558594,88.96099853515625,60.76865005493164,170.40904235839844,334.9599914550781
2018-07-31,45.072208404541016,88.87200164794922,60.64509582519531,171.9232635498047,337.45001220703125
2018-08-01,47.727413177490234,89.8584976196289,60.7821044921875,170.9967803955078,338.3800048828125
2018-08-02,49.122528076171875,91.71649932861328,61.08800506591797,175.69883728027344,344.5
2018-08-03,49.26464080810547,91.16449737548828,60.9664421081543,177.1034698486328,343.0899963378906
2018-08-06,49.52045440673828,92.38749694824219,61.019248962402344,184.98338317871094,350.9200134277344
2018-08-07,49.05619812011719,93.1240005493164,61.88862609863281,183.1105194091797,351.8299865722656
2018-08-08,49.0893669128418,94.32599639892578,62.05752182006836,184.47531127929688,347.6099853515625
2018-08-09,49.4754524230957,94.9260025024414,62.23139572143555,182.3932647705078,349.3599853515625
2018-08-10,49.32807159423828,94.31500244140625,61.65895462036133,179.57403564453125,345.8699951171875
2018-08-13,49.64658737182617,94.80999755859375,61.529415130615234,179.36483764648438,341.30999755859375
2018-08-14,49.85574722290039,95.98249816894531,61.88264846801758,180.4208221435547,337.489990234375
2018-08-15,49.97222137451172,94.13099670410156,60.50161361694336,178.8468017578125,326.3999938964844
2018-08-16,50.704307556152344,94.32599639892578,60.108524322509766,174.03518676757812,322.44000244140625
2018-08-17,51.71687698364258,94.11100006103516,59.833011627197266,173.13861083984375,316.7799987792969
2018-08-20,51.212982177734375,93.83550262451172,60.17229461669922,171.84356689453125,327.7300109863281
2018-08-21,51.11314392089844,94.1709976196289,59.865901947021484,171.96310424804688,338.0199890136719
2018-08-22,51.11552810668945,95.24500274658203,60.15037536621094,172.97921752929688,344.44000244140625
2018-08-23,51.22010040283203,95.1449966430664,60.053226470947266,172.24203491210938,339.1700134277344
2018-08-24,51.379356384277344,95.26950073242188,60.81399154663086,173.98536682128906,358.82000732421875
2018-08-27,51.80245590209961,96.38400268554688,61.86869812011719,176.7847137451172,364.5799865722656
2018-08-28,52.220787048339844,96.64099884033203,61.33711242675781,175.58926391601562,368.489990234375
2018-08-29,53.000404357910156,99.90499877929688,62.24135971069336,175.23062133789062,368.0400085449219
2018-08-30,53.48768615722656,100.11900329589844,61.73418045043945,176.96400451660156,370.9800109863281
2018-08-31,54.10566711425781,100.635498046875,60.691429138183594,175.061279296875,367.67999267578125
2018-09-04,54.27919387817383,101.97550201416016,59.635719299316406,170.5086669921875,363.6000061035156
2018-09-05,53.925018310546875,99.74099731445312,59.11160659790039,166.54380798339844,341.17999267578125
2018-09-06,53.0289306640625,97.91549682617188,58.36229705810547,161.9114990234375,346.4599914550781
2018-09-07,52.60109329223633,97.60350036621094,58.032981872558594,162.41954040527344,348.67999267578125
2018-09-10,51.895145416259766,96.95050048828125,58.02351379394531,163.55520629882812,348.4100036621094
2018-09-11,53.20720291137695,99.35749816894531,58.65724182128906,165.30853271484375,355.92999267578125
2018-09-12,52.54642105102539,99.5,57.932838439941406,161.38352966308594,369.95001220703125
2018-09-13,53.815696716308594,99.49349975585938,58.55610275268555,160.74595642089844,368.1499938964844
2018-09-14,53.204811096191406,98.5094985961914,58.416603088378906,161.70230102539062,364.55999755859375
2018-09-17,51.78818893432617,95.40149688720703,57.595558166503906,159.96893310546875,350.3500061035156
2018-09-18,51.873756408691406,97.05249786376953,57.85313034057617,159.6899871826172,367.6499938964844
2018-09-19,51.90465545654297,96.32099914550781,58.34486389160156,162.43948364257812,366.9599914550781
2018-09-20,52.299224853515625,97.21499633789062,59.13103485107422,165.38824462890625,365.3599853515625
2018-09-21,51.735897064208984,95.75050354003906,58.095760345458984,162.30996704101562,361.19000244140625
2018-09-24,52.47986602783203,96.71800231933594,58.45845031738281,164.78054809570312,369.6099853515625
2018-09-25,52.8126335144043,98.72750091552734,59.02043151855469,164.28245544433594,369.42999267578125
2018-09-26,52.39192199707031,98.74250030517578,58.81318283081055,166.31468200683594,377.8800048828125
2018-09-27,53.46865463256836,100.64900207519531,59.51814270019531,168.19749450683594,380.7099914550781
2018-09-28,53.656436920166016,100.1500015258789,59.45985794067383,163.83416748046875,374.1300048828125
2018-10-01,54.01772689819336,100.21800231933594,59.55152130126953,161.8218536376953,381.42999267578125
2018-10-02,54.497867584228516,98.56549835205078,59.79066848754883,158.72369384765625,377.1400146484375
2018-10-03,55.16102600097656,97.63800048828125,59.932159423828125,161.81187438964844,377.04998779296875
2018-10-04,54.191246032714844,95.47100067138672,58.200382232666016,158.24549865722656,363.6499938964844
2018-10-05,53.31178283691406,94.48249816894531,57.660316467285156,156.73129272460938,351.3500061035156
2018-10-08,53.18817901611328,93.22100067138672,57.24282455444336,156.65159606933594,349.1000061035156
2018-10-09,53.925018310546875,93.51599884033203,56.73714065551758,157.29913330078125,355.7099914550781
2018-10-10,51.42689895629883,87.76249694824219,53.86745071411133,150.803955078125,325.8900146484375
2018-10-11,50.97289276123047,85.96800231933594,53.772789001464844,152.76644897460938,321.1000061035156
2018-10-12,52.79362487792969,89.43049621582031,55.3052864074707,153.1549530029297,339.55999755859375
2018-10-15,51.66457748413086,88.04750061035156,54.41697311401367,152.93580627441406,333.1300048828125
2018-10-16,52.803123474121094,90.99800109863281,55.863277435302734,158.17578125,346.3999938964844
2018-10-17,52.5749397277832,91.58650207519531,55.58477783203125,158.81332397460938,364.70001220703125
2018-10-18,51.346073150634766,88.53600311279297,54.203739166259766,154.33045959472656,346.7099914550781
2018-10-19,52.128082275390625,88.20149993896484,54.62672424316406,153.46377563476562,332.6700134277344
2018-10-22,52.44658279418945,89.46499633789062,54.86088180541992,154.1909942626953,329.5400085449219
2018-10-23,52.940982818603516,88.43499755859375,54.9869270324707,153.80247497558594,333.1600036621094
2018-10-24,51.12502670288086,83.20999908447266,52.347408294677734,145.48423767089844,301.8299865722656
2018-10-25,52.24455261230469,89.1084976196289,54.58238220214844,150.37557983398438,312.8699951171875
2018-10-26,51.41264343261719,82.1405029296875,53.38169479370117,144.8168182373047,299.8299865722656
2018-10-29,50.44760513305664,76.94400024414062,50.8213996887207,141.54928588867188,284.8399963378906
2018-10-30,50.69955825805664,76.52100372314453,51.62500762939453,145.66358947753906,285.80999755859375
2018-10-31,52.021121978759766,79.90049743652344,53.645748138427734,151.2123565673828,301.7799987792969
2018-11-01,52.819759368896484,83.27649688720703,53.3084602355957,151.17254638671875,317.3800048828125
2018-11-02,49.31619644165039,83.27649688720703,52.70014190673828,149.77786254882812,309.1000061035156
2018-11-05,47.916202545166016,81.38999938964844,51.81831359863281,148.1142120361328,315.44000244140625
2018-11-06,48.43436813354492,82.1405029296875,52.60150146484375,149.36941528320312,310.8399963378906
2018-11-07,49.90330123901367,87.77449798583984,54.47377014160156,150.95335388183594,327.5
2018-11-08,49.72917556762695,87.74549865722656,53.92623519897461,147.30728149414062,317.9200134277344
2018-11-09,48.770328521728516,85.62149810791016,53.11664581298828,144.40838623046875,303.4700012207031
2018-11-12,46.31355667114258,81.84249877929688,51.74557113647461,141.01133728027344,294.07000732421875
2018-11-13,45.850833892822266,81.55850219726562,51.61703872680664,141.6190185546875,294.3999938964844
2018-11-14,44.555667877197266,79.95050048828125,51.99617004394531,143.6711883544922,286.7300109863281
2018-11-15,45.655242919921875,80.97200012207031,53.04490661621094,143.3026123046875,290.05999755859375
2018-11-16,46.16089630126953,79.67050170898438,52.88447952270508,138.99903869628906,286.2099914550781
2018-11-19,44.33145523071289,75.614501953125,50.81740951538086,131.04940795898438,270.6000061035156
2018-11-20,42.213382720947266,74.77300262451172,51.104373931884766,131.92604064941406,266.9800109863281
2018-11-21,42.16569137573242,75.83650207519531,51.694759368896484,134.3069610595703,262.1300048828125
2018-11-23,41.094722747802734,75.10299682617188,51.010711669921875,131.2287139892578,258.82000732421875
2018-11-26,41.65047073364258,79.06649780273438,52.243282318115234,135.86102294921875,261.42999267578125
2018-11-27,41.559852600097656,79.07099914550781,52.03354263305664,134.4862823486328,266.6300048828125
2018-11-28,43.157936096191406,83.88749694824219,54.11705017089844,136.23956298828125,282.6499938964844
2018-11-29,42.826377868652344,83.67849731445312,54.220184326171875,138.1522674560547,288.75
2018-11-30,42.59501647949219,84.50849914550781,54.52558898925781,140.07492065429688,286.1300048828125
2018-12-03,44.08338165283203,88.61799621582031,55.123435974121094,140.5531005859375,290.29998779296875
2018-12-04,42.14421844482422,83.41999816894531,52.3528938293457,137.40509033203125,275.3299865722656
2018-12-06,41.6743278503418,84.95950317382812,53.24518585205078,139.09866333007812,282.8800048828125
2018-12-07,40.1883544921875,81.45649719238281,51.643436431884766,136.8970489501953,265.1400146484375
2018-12-10,40.45310592651367,82.05149841308594,51.79140853881836,141.31021118164062,269.70001220703125
2018-12-11,40.22174072265625,82.16200256347656,52.399227142333984,141.53933715820312,265.32000732421875
2018-12-12,40.33384323120117,83.177001953125,52.993587493896484,143.9501190185547,274.8800048828125
2018-12-13,40.775108337402344,82.91899871826172,52.9049072265625,144.4581756591797,276.0199890136719
2018-12-14,39.47040557861328,79.59549713134766,51.91844940185547,143.5117950439453,266.8399963378906
2018-12-17,39.10307312011719,76.04550170898438,50.644527435302734,139.65652465820312,262.79998779296875
2018-12-18,39.61112594604492,77.5739974975586,51.25135040283203,143.11331176757812,270.94000244140625
2018-12-19,38.37558364868164,74.75399780273438,50.967369079589844,132.73297119140625,266.7699890136719
2018-12-20,37.407203674316406,73.04149627685547,50.2898063659668,132.89236450195312,260.5799865722656
2018-12-21,35.95222473144531,68.87249755859375,48.80165100097656,124.47451782226562,246.38999938964844
2018-12-24,35.02199172973633,67.197998046875,48.63624572753906,123.587890625,233.8800048828125
2018-12-26,37.4882926940918,73.54499816894531,51.78692626953125,133.6693878173828,253.6699981689453
2018-12-27,37.24500274658203,73.08200073242188,52.007137298583984,134.00811767578125,255.57000732421875
2018-12-28,37.264076232910156,73.9010009765625,51.66835021972656,132.69309997558594,256.0799865722656
2018-12-31,37.62424850463867,75.09850311279297,51.59511184692383,130.59115600585938,267.6600036621094
2019-01-02,37.667179107666016,76.95649719238281,52.105281829833984,135.1636505126953,267.6600036621094
2019-01-03,33.91524887084961,75.01399993896484,50.62111282348633,131.23867797851562,271.20001220703125
2019-01-04,35.363067626953125,78.76950073242188,53.34383010864258,137.42503356933594,297.57000732421875
2019-01-07,35.28436279296875,81.47550201416016,53.22824478149414,137.524658203125,315.3399963378906
2019-01-08,35.956993103027344,82.8290023803711,53.62133026123047,141.9876251220703,320.2699890136719
2019-01-09,36.567596435546875,82.97100067138672,53.54062271118164,143.68115234375,319.9599914550781
2019-01-10,36.684478759765625,82.81099700927734,53.32489776611328,143.65126037597656,324.6600036621094
2019-01-11,36.324310302734375,82.02799987792969,52.670249938964844,143.25277709960938,337.5899963378906
2019-01-14,35.7780876159668,80.8604965209961,52.047489166259766,144.83673095703125,332.94000244140625
2019-01-15,36.51036071777344,83.72799682617188,53.6646728515625,148.38316345214844,354.6400146484375
2019-01-16,36.95639419555664,84.18900299072266,53.85499572753906,146.97854614257812,351.3900146484375
2019-01-17,37.17583465576172,84.66100311279297,54.299896240234375,147.73565673828125,353.19000244140625
2019-01-18,37.404815673828125,84.80999755859375,54.716400146484375,149.4690399169922,339.1000061035156
2019-01-22,36.56521224975586,81.6084976196289,53.33436584472656,147.00843811035156,325.1600036621094
2019-01-23,36.71310043334961,82.0009994506836,53.585960388183594,143.75088500976562,321.989990234375
2019-01-24,36.42209243774414,82.74649810791016,53.50275802612305,145.27505493164062,326.6700134277344
2019-01-25,37.6290168762207,83.52850341796875,54.35420227050781,148.4429473876953,338.04998779296875
2019-01-28,37.28077697753906,81.89450073242188,53.312442779541016,146.90882873535156,335.6600036621094
2019-01-29,36.894371032714844,79.69400024414062,52.84113311767578,143.64129638671875,328.8999938964844
2019-01-30,39.4155387878418,83.52149963378906,54.25804138183594,149.8475799560547,340.6600036621094
2019-01-31,39.699378967285156,85.9365005493164,55.61865997314453,166.0556640625,339.5
2019-02-01,39.71846389770508,81.3115005493164,55.338661193847656,165.07940673828125,339.8500061035156
2019-02-04,40.846656799316406,81.66549682617188,56.43721389770508,168.60594177246094,351.3399963378906
2019-02-05,41.545528411865234,82.94049835205078,57.09435272216797,170.5086669921875,355.80999755859375
2019-02-06,41.559852600097656,82.01300048828125,55.561859130859375,169.84121704101562,352.19000244140625
2019-02-07,40.77272033691406,80.71849822998047,54.73881912231445,165.74685668945312,344.7099914550781
2019-02-08,40.82063293457031,79.41100311279297,54.556968688964844,166.69325256347656,347.57000732421875
2019-02-11,40.58587646484375,79.55000305175781,54.554481506347656,165.1591033935547,345.7300109863281
2019-02-12,40.935604095458984,81.90049743652344,55.867759704589844,164.41195678710938,359.9700012207031
2019-02-13,40.765533447265625,82.0,55.80747604370117,163.44564819335938,351.7699890136719
2019-02-14,40.91405487060547,81.13249969482422,55.88270950317383,163.3260955810547,359.07000732421875
2019-02-15,40.823036193847656,80.39749908447266,55.4831428527832,161.88162231445312,356.8699951171875
2019-02-19,40.9451904296875,81.37899780273438,55.72776794433594,161.6724090576172,361.9200134277344
2019-02-20,41.20869064331055,81.1050033569336,55.49061584472656,161.94139099121094,359.9100036621094
2019-02-21,40.97633361816406,80.97200012207031,54.652130126953125,159.43096923828125,356.9700012207031
2019-02-22,41.43386459350586,81.5780029296875,55.319732666015625,161.27394104003906,363.0199890136719
2019-02-25,41.735687255859375,81.6500015258789,55.27140808105469,163.99356079101562,363.9100036621094
2019-02-26,41.759647369384766,81.81999969482422,55.556880950927734,163.5054473876953,364.9700012207031
2019-02-27,41.88899612426758,82.05449676513672,55.60271453857422,162.1904296875,362.8699951171875
2019-02-28,41.47697830200195,81.99150085449219,55.7955207824707,160.8356170654297,358.1000061035156
2019-03-01,41.9129524230957,83.58650207519531,56.84524917602539,161.66246032714844,357.32000732421875
2019-03-04,42.123748779296875,84.80850219726562,57.18452835083008,166.7330780029297,351.0400085449219
2019-03-05,42.04709243774414,84.62149810791016,57.89348602294922,170.60826110839844,354.29998779296875
2019-03-06,41.80516052246094,83.44750213623047,57.685733795166016,171.85353088378906,359.6099853515625
2019-03-07,41.321285247802734,81.29750061035156,56.9603385925293,168.4864044189453,352.6000061035156
2019-03-08,41.41948318481445,81.04000091552734,56.9115104675293,168.95462036132812,349.6000061035156
2019-03-11,42.85435485839844,83.53099822998047,58.57752227783203,171.4152069091797,358.8599853515625
2019-03-12,43.33584213256836,83.65499877929688,59.446407318115234,171.26577758789062,356.2699890136719
2019-03-13,43.5274772644043,84.54049682617188,59.45238494873047,172.7102508544922,361.2099914550781
2019-03-14,44.0113525390625,84.31099700927734,59.065269470214844,169.52243041992188,358.82000732421875
2019-03-15,44.583858489990234,85.61799621582031,59.01096725463867,165.34837341308594,361.4599914550781
2019-03-18,45.03898620605469,87.10749816894531,59.001007080078125,159.85935974121094,363.44000244140625
2019-03-19,44.682071685791016,88.09249877929688,59.7278938293457,160.95516967773438,358.7799987792969
2019-03-20,45.072532653808594,89.8635025024414,60.979393005371094,164.8104248046875,375.2200012207031
2019-03-21,46.73255920410156,90.96299743652344,61.35654067993164,165.44801330566406,377.8699951171875
2019-03-22,45.764808654785156,88.2385025024414,60.0592041015625,163.71461486816406,361.010009765625
2019-03-25,45.21146774291992,88.71299743652344,59.43644332885742,165.65719604492188,366.2300109863281
2019-03-26,44.74434280395508,89.18800354003906,59.01893997192383,167.04190063476562,359.9700012207031
2019-03-27,45.14678192138672,88.28500366210938,58.441017150878906,165.23878479003906,353.3699951171875
2019-03-28,45.20668411254883,88.6709976196289,58.21532440185547,164.92001342773438,354.6099853515625
2019-03-29,45.50130844116211,89.0374984741211,58.45546340942383,166.0556640625,356.55999755859375
2019-04-01,45.810325622558594,90.70950317382812,59.5076789855957,168.0580291748047,366.9599914550781
2019-04-02,46.47624969482422,90.6989974975586,59.80959701538086,173.53709411621094,367.7200012207031
2019-04-03,46.79485321044922,91.03500366210938,60.08012771606445,172.8795928955078,369.75
2019-04-04,46.87628936767578,90.94300079345703,60.532501220703125,175.3501739501953,367.8800048828125
2019-04-05,47.190093994140625,91.86399841308594,60.14140319824219,175.0513153076172,365.489990234375
2019-04-08,47.932682037353516,92.49299621582031,59.97650146484375,174.26431274414062,361.4100036621094
2019-04-09,47.788944244384766,91.79199981689453,59.64817428588867,176.90423583984375,364.7099914550781
2019-04-10,48.05724334716797,92.36650085449219,59.89280319213867,177.14332580566406,363.9200134277344
2019-04-11,47.65719223022461,92.20349884033203,60.015357971191406,176.83448791503906,367.6499938964844
2019-04-12,47.63804244995117,92.15299987792969,60.67549133300781,178.41845703125,351.1400146484375
2019-04-15,47.72427749633789,92.24349975585938,60.83641052246094,178.9663543701172,348.8699951171875
2019-04-16,47.729068756103516,93.1520004272461,61.13682556152344,178.1893310546875,359.4599914550781
2019-04-17,48.65849685668945,93.24099731445312,61.59568405151367,178.09967041015625,354.739990234375
2019-04-18,48.83336639404297,93.08450317382812,61.59717559814453,177.6015625,360.3500061035156
2019-04-22,48.993858337402344,94.3655014038086,62.21844482421875,180.74954223632812,377.3399963378906
2019-04-23,49.70051193237305,96.1884994506836,63.001129150390625,183.0806427001953,381.8900146484375
2019-04-24,49.62385559082031,95.0875015258789,62.57516098022461,181.8852081298828,374.2300109863281
2019-04-25,49.17351531982422,95.11250305175781,62.946327209472656,192.52455139160156,368.3299865722656
2019-04-26,48.93876266479492,97.53150177001953,63.38126754760742,190.7613067626953,374.8500061035156
2019-04-29,49.013023376464844,96.92150115966797,64.14850616455078,194.03880310058594,371.8299865722656
2019-04-30,48.0692138671875,96.32599639892578,59.21125030517578,192.66403198242188,370.5400085449219
2019-05-01,50.42872619628906,95.57599639892578,58.19490051269531,192.29544067382812,378.80999755859375
2019-05-02,50.10055923461914,95.04100036621094,57.92237854003906,191.79736328125,379.05999755859375
2019-05-03,50.72336196899414,98.12300109863281,59.05780029296875,194.72616577148438,385.0299987792969
2019-05-06,49.94005584716797,97.52749633789062,59.25658416748047,193.1422119140625,378.6700134277344
2019-05-07,48.59381866455078,96.05000305175781,58.49482727050781,189.0478515625,370.4599914550781
2019-05-08,48.60340118408203,95.88849639892578,58.1047248840332,188.81871032714844,364.3699951171875
2019-05-09,48.081199645996094,94.99349975585938,57.91092300415039,187.93209838867188,362.75
2019-05-10,47.415103912353516,94.4990005493164,58.00508499145508,187.623291015625,361.0400085449219
2019-05-13,44.65936279296875,91.13400268554688,56.39885711669922,180.8491668701172,345.260009765625
2019-05-14,45.36634063720703,92.00599670410156,55.82142639160156,180.04225158691406,345.6099853515625
2019-05-15,45.9098014831543,93.55750274658203,58.00209426879883,185.56117248535156,354.989990234375
2019-05-16,45.70780944824219,95.37850189208984,58.73794937133789,186.2784423828125,359.30999755859375
2019-05-17,45.44810485839844,93.44999694824219,57.90693664550781,184.5948486328125,354.45001220703125
2019-05-20,44.02693557739258,92.94850158691406,56.73863220214844,182.02468872070312,348.1099853515625
2019-05-21,44.87097930908203,92.8759994506836,57.275699615478516,184.11669921875,354.2699890136719
2019-05-22,43.95240020751953,92.98400115966797,57.36488342285156,184.6147918701172,359.7300109863281
2019-05-23,43.202144622802734,90.77400207519531,56.83428955078125,180.18170166015625,352.2099914550781
2019-05-24,43.03622055053711,91.16400146484375,56.47059631347656,180.37098693847656,354.3900146484375
2019-05-28,42.858272552490234,91.82150268554688,56.50447082519531,183.608642578125,355.05999755859375
2019-05-29,42.653873443603516,90.95950317382812,55.62314224243164,181.4967041015625,349.19000244140625
2019-05-30,42.87510681152344,90.81600189208984,55.69737243652344,182.31356811523438,351.8500061035156
2019-05-31,42.09840774536133,88.75350189208984,54.98393630981445,176.79466247558594,343.2799987792969
2019-06-03,41.67277526855469,84.6344985961914,51.62600326538086,163.52532958984375,336.6300048828125
2019-06-04,43.197330474853516,86.47799682617188,52.463993072509766,166.86260986328125,353.3999938964844
2019-06-05,43.894691467285156,86.92500305175781,51.92443084716797,167.53004455566406,355.7300109863281
2019-06-06,44.539127349853516,87.71800231933594,52.030052185058594,167.689453125,357.1300048828125
2019-06-07,45.72462463378906,90.20149993896484,53.111167907714844,172.6903533935547,360.8699951171875
2019-06-10,46.30896759033203,93.03150177001953,53.825599670410156,174.15475463867188,352.010009765625
2019-06-11,46.845211029052734,93.18499755859375,53.742897033691406,177.42225646972656,351.2699890136719
2019-06-12,46.69611358642578,92.76599884033203,53.65869903564453,174.37388610839844,345.55999755859375
2019-06-13,46.686500549316406,93.51499938964844,54.24359893798828,176.79466247558594,343.42999267578125
2019-06-14,46.347442626953125,93.4834976196289,54.073211669921875,180.63995361328125,339.7300109863281
2019-06-17,46.62397766113281,94.30149841308594,54.42942810058594,188.29074096679688,350.6199951171875
2019-06-18,47.720489501953125,95.06849670410156,54.982444763183594,187.7528076171875,357.1199951171875
2019-06-19,47.581024169921875,95.43949890136719,54.919166564941406,186.7665557861328,363.5199890136719
2019-06-20,47.96337890625,95.90950012207031,55.37204360961914,188.80877685546875,365.2099914550781
2019-06-21,47.79985427856445,95.56500244140625,55.89317321777344,190.41262817382812,369.2099914550781
2019-06-24,47.75175476074219,95.69499969482422,55.57630920410156,191.86708068847656,371.0400085449219
2019-06-25,47.027950286865234,93.91349792480469,54.1230354309082,188.12139892578125,360.29998779296875
2019-06-26,48.04513931274414,94.8915023803711,53.79670715332031,186.9458770751953,362.20001220703125
2019-06-27,48.030704498291016,95.21399688720703,53.607879638671875,188.7788848876953,370.0199890136719
2019-06-28,47.593055725097656,94.68150329589844,53.85200881958008,192.2655487060547,367.32000732421875
2019-07-01,48.46595001220703,96.1094970703125,54.700950622558594,192.2655487060547,374.6000061035156
2019-07-02,48.749698638916016,96.71549987792969,55.36357498168945,194.2579345703125,375.42999267578125
2019-07-03,49.1536750793457,96.94999694824219,55.87822341918945,196.4495849609375,381.7200012207031
2019-07-05,49.110389709472656,97.14550018310547,56.37692642211914,195.65261840820312,380.54998779296875
2019-07-08,48.0980224609375,97.61599731445312,55.6176643371582,195.0150604248047,376.1600036621094
2019-07-09,48.39140701293945,99.41500091552734,56.04014587402344,198.4519500732422,379.92999267578125
2019-07-10,48.869930267333984,100.87049865722656,56.81983947753906,201.95851135253906,381.0
2019-07-11,48.51403045654297,100.05349731445312,57.005672454833984,200.4642333984375,379.5
2019-07-12,48.88676071166992,100.55000305175781,57.0400505065918,204.0903778076172,373.25
2019-07-15,49.34605026245117,101.04949951171875,57.311073303222656,203.13404846191406,366.6000061035156
2019-07-16,49.17532730102539,100.49500274658203,57.472496032714844,203.06430053710938,365.989990234375
2019-07-17,48.898780822753906,99.60150146484375,57.1122932434082,201.03207397460938,362.44000244140625
2019-07-18,49.45426559448242,98.8949966430664,57.11129379272461,200.01596069335938,325.2099914550781
2019-07-19,48.716033935546875,98.22599792480469,56.30270004272461,197.60516357421875,315.1000061035156
2019-07-22,49.82938766479492,99.28150177001953,56.699771881103516,201.5500946044922,310.6199951171875
2019-07-23,50.21894836425781,99.72450256347656,57.105316162109375,201.5899200439453,307.29998779296875
2019-07-24,50.178070068359375,100.04049682617188,56.68681716918945,203.88119506835938,317.94000244140625
2019-07-25,49.78129959106445,98.69100189208984,56.40333557128906,199.94622802734375,326.4599914550781
2019-07-26,49.95442581176758,97.15249633789062,62.296661376953125,198.9898681640625,335.7799987792969
2019-07-29,50.420936584472656,95.62249755859375,61.74863052368164,195.19435119628906,332.70001220703125
2019-07-30,50.20451736450195,94.92649841308594,61.03768539428711,196.29017639160156,325.92999267578125
2019-07-31,51.22890090942383,93.33899688720703,60.6161994934082,193.49087524414062,322.989990234375
2019-08-01,50.12034606933594,92.76599884033203,60.234073638916016,191.99658203125,319.5
2019-08-02,49.05990219116211,91.16200256347656,59.48576354980469,188.3007049560547,318.8299865722656
2019-08-05,46.49171447753906,88.25650024414062,57.40972137451172,181.03843688964844,307.6300048828125
2019-08-06,47.371826171875,89.3915023803711,58.288063049316406,183.807861328125,310.1000061035156
2019-08-07,47.86237335205078,89.66999816894531,58.48934555053711,184.44540405273438,304.2900085449219
2019-08-08,48.91802215576172,91.64450073242188,60.02432632446289,189.43637084960938,315.8999938964844
2019-08-09,48.514923095703125,90.37899780273438,59.187835693359375,187.13516235351562,308.92999267578125
2019-08-12,48.39181137084961,89.24600219726562,58.525211334228516,184.6645965576172,310.8299865722656
2019-08-13,50.441123962402344,91.21700286865234,59.649173736572266,187.73287963867188,312.2799987792969
2019-08-14,48.93974304199219,88.14800262451172,58.00607681274414,179.02615356445312,299.1099853515625
2019-08-15,48.69594955444336,88.80599975585938,58.15404510498047,181.8951873779297,295.760009765625
2019-08-16,49.84492492675781,89.62850189208984,58.66919708251953,183.00094604492188,302.79998779296875
2019-08-19,50.774234771728516,90.80599975585938,59.70796585083008,185.4615478515625,309.3800048828125
2019-08-20,50.776641845703125,90.06900024414062,58.92278289794922,183.1105194091797,298.989990234375
2019-08-21,51.32699203491211,91.177001953125,59.34925079345703,182.8515167236328,297.80999755859375
2019-08-22,51.283538818359375,90.23300170898438,59.2635612487793,181.34725952148438,296.92999267578125
2019-08-23,48.91320037841797,87.48100280761719,57.35840606689453,177.07359313964844,291.44000244140625
2019-08-26,49.842506408691406,88.44349670410156,58.23525619506836,179.6736602783203,294.9800109863281
2019-08-27,49.280094146728516,88.09149932861328,58.182945251464844,180.61007690429688,291.0299987792969
2019-08-28,49.610782623291016,88.2125015258789,58.341373443603516,181.0683135986328,291.7699890136719
2019-08-29,50.45079040527344,89.31999969482422,59.42897033691406,184.86383056640625,296.7799987792969
2019-08-30,50.3856086730957,88.81449890136719,59.19231414794922,184.96343994140625,293.75
2019-09-03,49.65181350708008,89.49199676513672,58.21034240722656,181.6959228515625,289.2900085449219
2019-09-04,50.49423599243164,90.03099822998047,58.859012603759766,186.42784118652344,291.5199890136719
2019-09-05,51.481468200683594,92.03600311279297,60.35214614868164,190.17355346679688,293.25
2019-09-06,51.47663879394531,91.67549896240234,60.03080368041992,186.7765350341797,290.1700134277344
2019-09-09,51.69630432128906,91.56749725341797,60.00489807128906,188.0417022705078,294.3399963378906
2019-09-10,52.30699920654297,91.02749633789062,60.084110260009766,185.4615478515625,287.989990234375
2019-09-11,53.970096588134766,91.14949798583984,60.79007339477539,187.77272033691406,288.2699890136719
2019-09-12,53.84940719604492,92.17749786376953,61.49155807495117,186.75662231445312,288.8599853515625
2019-09-13,52.80181884765625,91.96700286865234,61.756107330322266,186.47767639160156,294.1499938964844
2019-09-16,53.07939147949219,90.39199829101562,61.34457778930664,185.51136779785156,294.2900085449219
2019-09-17,53.272518157958984,91.12750244140625,61.237464904785156,187.36428833007812,298.6000061035156
2019-09-18,53.77216339111328,90.87300109863281,61.39988327026367,187.42404174804688,291.55999755859375
2019-09-19,53.33527374267578,91.07499694824219,61.71375274658203,189.41644287109375,286.6000061035156
2019-09-20,52.555599212646484,89.70800018310547,61.276329040527344,189.20724487304688,270.75
2019-09-23,52.79458236694336,89.26499938964844,61.480594635009766,186.1090850830078,265.9200134277344
2019-09-24,52.543540954589844,87.08049774169922,60.719825744628906,180.5901641845703,254.58999633789062
2019-09-25,53.35215759277344,88.41649627685547,62.10285949707031,182.1043701171875,264.75
2019-09-26,53.07698440551758,86.99199676513672,61.84727478027344,179.42462158203125,263.30999755859375
2019-09-27,52.81871795654297,86.27249908447266,61.03519821166992,176.42608642578125,263.0799865722656
2019-09-30,54.06182098388672,86.79550170898438,60.73178482055664,177.40234375,267.6199951171875
2019-10-01,54.21146774291992,86.78250122070312,60.039276123046875,175.14097595214844,269.5799865722656
2019-10-02,52.852516174316406,85.6614990234375,58.62086868286133,173.93557739257812,268.0299987792969
2019-10-03,53.301475524902344,86.22100067138672,59.17885971069336,178.6973876953125,268.1499938964844
2019-10-04,54.795616149902344,86.98249816894531,60.23357391357422,179.7633056640625,272.7900085449219
2019-10-07,54.80769729614258,86.63300323486328,60.167808532714844,178.99624633789062,274.4599914550781
2019-10-08,54.165611267089844,85.27549743652344,59.24363327026367,177.07359313964844,270.7200012207031
2019-10-09,54.80044937133789,86.09950256347656,59.900272369384766,179.16558837890625,267.5299987792969
2019-10-10,55.539066314697266,86.01300048828125,60.217132568359375,179.34490966796875,280.4800109863281
2019-10-11,57.01631164550781,86.59600067138672,60.5549201965332,183.4890899658203,282.92999267578125
2019-10-14,56.934242248535156,86.82150268554688,60.63911437988281,182.58255004882812,285.5299987792969
2019-10-15,56.80147933959961,88.36900329589844,61.92798614501953,188.1711883544922,284.25
2019-10-16,56.572166442871094,88.87149810791016,61.959373474121094,188.82867431640625,286.2799987792969
2019-10-17,56.79184341430664,89.3740005493164,62.42918395996094,189.66549682617188,293.3500061035156
2019-10-18,57.0645866394043,87.87550354003906,62.05154800415039,185.1427764892578,275.29998779296875
2019-10-21,58.05424499511719,89.28299713134766,62.08442306518555,189.0378875732422,278.04998779296875
2019-10-22,57.921485900878906,88.2864990234375,61.91752624511719,181.6461181640625,266.69000244140625
2019-10-23,58.698734283447266,88.1084976196289,62.73110580444336,185.4416046142578,271.2699890136719
2019-10-24,58.7952880859375,89.03900146484375,62.823768615722656,185.67074584960938,271.5
2019-10-25,59.5194206237793,88.06649780273438,63.030029296875,187.1750030517578,276.82000732421875
2019-10-28,60.11562728881836,88.85399627685547,64.26907348632812,188.67926025390625,281.8599853515625
2019-10-29,58.72526931762695,88.135498046875,62.90497589111328,188.589599609375,281.2099914550781
2019-10-30,58.7180290222168,88.99949645996094,62.838714599609375,187.53363037109375,291.45001220703125
2019-10-31,60.04562759399414,88.83300018310547,62.77992630004883,190.9207000732422,287.4100036621094
2019-11-01,61.74976348876953,89.5719985961914,63.458988189697266,192.88319396972656,286.80999755859375
2019-11-04,62.155277252197266,90.23300170898438,64.33732604980469,193.97901916503906,292.8599853515625
2019-11-05,62.06597137451172,90.08550262451172,64.37020874023438,193.58055114746094,288.0299987792969
2019-11-06,62.092529296875,89.78849792480469,64.35874938964844,190.8210906982422,288.5899963378906
2019-11-07,62.80915069580078,89.41000366210938,65.20869445800781,189.69537353515625,289.57000732421875
2019-11-08,62.981056213378906,89.29399871826172,65.33374786376953,190.11378479003906,291.57000732421875
2019-11-11,63.47978591918945,88.5824966430664,64.72693634033203,188.8884735107422,294.17999267578125
2019-11-12,63.42166519165039,88.9000015258789,64.70750427246094,193.72996520996094,292.010009765625
2019-11-13,64.02936553955078,87.65550231933594,64.66764831542969,192.45484924316406,283.1099853515625
2019-11-14,63.58631896972656,87.7300033569336,65.3382339477539,192.4149932861328,289.6199951171875
2019-11-15,64.34166717529297,86.97450256347656,66.50454711914062,194.3575897216797,295.0299987792969
2019-11-18,64.66608428955078,87.62650299072266,65.798583984375,196.6488037109375,302.57000732421875
2019-11-19,64.46998596191406,87.6395034790039,65.53751373291016,198.5615234375,302.6000061035156
2019-11-20,63.719459533691406,87.27649688720703,64.91923522949219,196.7583770751953,305.1600036621094
2019-11-21,63.433780670166016,86.7354965209961,64.83454132080078,197.17677307128906,311.69000244140625
2019-11-22,63.378089904785156,87.28600311279297,64.53511810302734,198.06341552734375,310.4800109863281
2019-11-25,64.4893569946289,88.69200134277344,65.10059356689453,199.0297088623047,315.54998779296875
2019-11-26,63.98576736450195,89.84700012207031,65.4423599243164,198.2128448486328,312.489990234375
2019-11-27,64.84525299072266,90.92549896240234,65.41445922851562,201.23130798339844,315.92999267578125
2019-11-29,64.70240783691406,90.04000091552734,65.01439666748047,200.87266540527344,314.6600036621094
2019-12-02,63.954315185546875,89.08000183105469,64.26509857177734,198.9400634765625,309.989990234375
2019-12-03,62.81400680541992,88.49800109863281,64.5321273803711,198.06341552734375,306.1600036621094
2019-12-04,63.3683967590332,88.03450012207031,65.79061126708984,197.95382690429688,304.32000732421875
2019-12-05,64.29810333251953,87.02400207519531,66.16875457763672,198.60134887695312,302.8599853515625
2019-12-06,65.54010772705078,87.58000183105469,66.791015625,200.284912109375,307.3500061035156
2019-12-09,64.62251281738281,87.47550201416016,66.93748474121094,200.57382202148438,302.5
2019-12-10,65.00020599365234,86.96050262451172,66.99229431152344,200.1055908203125,293.1199951171875
2019-12-11,65.55459594726562,87.43599700927734,67.01022338867188,201.49032592773438,298.92999267578125
2019-12-12,65.7216796875,88.0165023803711,67.27178192138672,196.0012969970703,298.44000244140625
2019-12-13,66.61503601074219,88.0469970703125,67.15022277832031,193.37132263183594,298.5
2019-12-16,67.75535583496094,88.46050262451172,67.81483459472656,197.16683959960938,304.2099914550781
2019-12-17,67.88850402832031,89.53299713134766,67.51341247558594,197.63504028320312,315.4800109863281
2019-12-18,67.72628784179688,89.20149993896484,67.38886260986328,201.72940063476562,320.79998779296875
2019-12-19,67.79405212402344,89.61399841308594,67.55925750732422,205.27586364746094,332.2200012207031
2019-12-20,67.65367889404297,89.32499694824219,67.23789978027344,205.51495361328125,336.8999938964844
2019-12-23,68.75764465332031,89.6500015258789,67.20054626464844,205.39540100097656,333.1000061035156
2019-12-24,68.8230209350586,89.46050262451172,66.93748474121094,204.3394317626953,333.20001220703125
2019-12-26,70.18848419189453,93.4384994506836,67.7764663696289,206.999267578125,332.6300048828125
2019-12-27,70.16187286376953,93.48999786376953,67.35249328613281,207.30810546875,329.0899963378906
2019-12-30,70.5782699584961,92.34449768066406,66.56781005859375,203.63214111328125,323.30999755859375
2019-12-31,71.09396362304688,92.39199829101562,66.61166381835938,204.4689483642578,323.57000732421875
2020-01-02,72.71607971191406,94.90049743652344,68.12371826171875,208.981689453125,329.80999755859375
2020-01-03,72.0091323852539,93.74849700927734,67.78942108154297,207.8759307861328,325.8999938964844
2020-01-06,72.58290100097656,95.14399719238281,69.46092224121094,211.7909698486328,335.8299865722656
2020-01-07,72.2415542602539,95.34300231933594,69.4175796508789,212.24920654296875,330.75
2020-01-08,73.40364837646484,94.59850311279297,69.96461486816406,214.4010009765625,339.260009765625
2020-01-09,74.9627914428711,95.05249786376953,70.7373275756836,217.4692840576172,335.6600036621094
2020-01-10,75.13226318359375,94.15799713134766,71.2305679321289,217.23020935058594,329.04998779296875
2020-01-13,76.73741149902344,94.56500244140625,71.70386505126953,221.06556701660156,338.9200134277344
2020-01-14,75.70121765136719,93.47200012207031,71.28784942626953,218.22637939453125,338.69000244140625
2020-01-15,75.37680053710938,93.10099792480469,71.70236206054688,220.3084259033203,339.07000732421875
2020-01-16,76.32098388671875,93.89700317382812,72.32512664794922,220.92608642578125,338.6199951171875
2020-01-17,77.16592407226562,93.23600006103516,73.7544937133789,221.294677734375,339.6700134277344
2020-01-21,76.64300537109375,94.5999984741211,73.95427703857422,220.59732055664062,338.1099853515625
2020-01-22,76.91658020019531,94.37300109863281,74.03150177001953,220.47781372070312,326.0
2020-01-23,77.2870101928711,94.22899627685547,74.06637573242188,218.92372131347656,349.6000061035156
2020-01-24,77.06427764892578,93.08200073242188,73.07294464111328,217.1106414794922,353.1600036621094
2020-01-27,74.79816436767578,91.41699981689453,71.43831634521484,214.0523223876953,342.8800048828125
2020-01-28,76.9141616821289,92.6624984741211,72.36797332763672,216.96119689941406,348.5199890136719
2020-01-29,78.52413940429688,92.9000015258789,72.67039489746094,222.38052368164062,343.1600036621094
2020-01-30,78.41036224365234,93.53399658203125,72.53138732910156,208.732666015625,347.739990234375
2020-01-31,74.93374633789062,100.43599700927734,71.45475769042969,201.14166259765625,345.0899963378906
2020-02-03,74.72795867919922,100.20999908447266,74.03099822998047,203.41299438476562,358.0
2020-02-04,77.19500732421875,102.4834976196289,72.0944595336914,209.03150939941406,369.010009765625
2020-02-05,77.82447814941406,101.99349975585938,72.15225219726562,209.31045532226562,369.6700134277344
2020-02-06,78.73477935791016,102.5114974975586,73.54723358154297,210.04763793945312,366.95001220703125
2020-02-07,77.66455841064453,103.96399688720703,73.69670867919922,211.5220184326172,366.7699890136719
2020-02-10,78.03343200683594,106.69550323486328,75.16392517089844,212.24920654296875,371.07000732421875
2020-02-11,77.56263732910156,107.54000091552734,75.1694107055664,206.4015655517578,373.69000244140625
2020-02-12,79.40457153320312,108.0,75.64170837402344,209.95797729492188,380.010009765625
2020-02-13,78.83912658691406,107.49349975585938,75.46186065673828,212.32891845703125,381.3999938964844
2020-02-14,78.85855102539062,106.74349975585938,75.7647705078125,213.36495971679688,380.3999938964844
2020-02-18,77.41461944580078,107.78350067138672,75.71145629882812,216.97120666503906,387.7799987792969
2020-02-19,78.53578186035156,108.51100158691406,76.06121063232422,216.66236877441406,386.19000244140625
2020-02-20,77.73008728027344,107.65499877929688,75.63573455810547,213.76344299316406,386.0
2020-02-21,75.97066497802734,104.79850006103516,73.9896469116211,209.38015747070312,380.07000732421875
2020-02-24,72.36203002929688,100.4645004272461,70.82501220703125,199.95619201660156,368.70001220703125
2020-02-25,69.91095733642578,98.63700103759766,69.1739501953125,196.02122497558594,360.0899963378906
2020-02-26,71.02001190185547,98.97949981689453,69.40959930419922,196.4495849609375,379.239990234375
2020-02-27,66.37757110595703,94.21499633789062,65.66854858398438,189.0279083251953,371.7099914550781
2020-02-28,66.3387222290039,94.1875,66.72673797607422,191.73757934570312,369.0299987792969
2020-03-02,72.51492309570312,97.69750213623047,69.20683288574219,195.69247436523438,381.04998779296875
2020-03-03,70.21189880371094,95.44950103759766,66.82937622070312,185.18260192871094,368.7699890136719
2020-03-04,73.4686508178711,98.79149627685547,69.07778930664062,191.0302734375,383.7900085449219
2020-03-05,71.08554077148438,96.20149993896484,65.71588134765625,184.46534729003906,372.7799987792969
2020-03-06,70.14151763916016,95.05449676513672,64.68807220458984,180.40087890625,368.9700012207031
2020-03-09,64.5938720703125,90.03050231933594,60.56039810180664,168.85499572753906,346.489990234375
2020-03-10,69.24604797363281,94.59100341796875,63.7902946472168,177.5119171142578,364.1300048828125
2020-03-11,66.841064453125,91.04299926757812,60.55292892456055,169.59217834472656,349.9200134277344
2020-03-12,60.24020767211914,83.83049774169922,55.54591751098633,153.88218688964844,315.25
2020-03-13,67.4574966430664,89.25,60.76815414428711,169.63201904296875,336.29998779296875
2020-03-16,58.7792854309082,84.4574966430664,54.02239227294922,145.45436096191406,298.8399963378906
2020-03-17,61.36381912231445,90.39199829101562,55.78954315185547,148.85140991210938,319.75
2020-03-18,59.86163330078125,91.5,54.64366149902344,146.40077209472656,315.4700012207031
2020-03-19,59.40297317504883,94.04650115966797,55.564849853515625,152.54730224609375,332.0299987792969
2020-03-20,55.631744384765625,92.30449676513672,53.42404556274414,149.1602020263672,332.8299865722656
2020-03-23,54.449886322021484,95.1415023803711,52.6418571472168,147.5364227294922,360.2699890136719
2020-03-24,59.91259765625,97.00499725341797,56.519920349121094,160.36740112304688,357.32000732421875
2020-03-25,59.58256149291992,94.29199981689453,54.92714309692383,155.61557006835938,342.3900146484375
2020-03-26,62.71797561645508,97.77449798583984,57.87953567504883,162.7184295654297,362.989990234375
2020-03-27,60.121307373046875,95.00499725341797,55.336669921875,156.19334411621094,357.1199951171875
2020-03-30,61.837039947509766,98.19750213623047,57.13570785522461,165.3184814453125,370.9599914550781
2020-03-31,61.710845947265625,97.48600006103516,57.93233871459961,166.16526794433594,375.5
2020-04-01,58.463802337646484,95.38500213623047,55.08308029174805,158.99267578125,364.0799865722656
2020-04-02,59.439369201660156,95.94149780273438,55.84135818481445,157.58802795410156,370.0799865722656
2020-04-03,58.58515167236328,95.32949829101562,54.69746398925781,153.59327697753906,361.760009765625
2020-04-06,63.695960998535156,99.87950134277344,59.13352966308594,164.92001342773438,379.9599914550781
2020-04-07,62.958213806152344,100.58000183105469,59.113101959228516,168.18753051757812,372.2799987792969
2020-04-08,64.56961822509766,102.1500015258789,60.29734420776367,173.6167755126953,371.1199951171875
2020-04-09,65.03555297851562,102.13800048828125,60.35563278198242,174.52333068847656,370.7200012207031
2020-04-13,66.31204223632812,108.44349670410156,60.66004180908203,174.12486267089844,396.7200012207031
2020-04-14,69.66100311279297,114.16600036621094,63.23429489135742,177.4919891357422,413.54998779296875
2020-04-15,69.02520751953125,115.38400268554688,62.89750289916992,176.29656982421875,426.75
2020-04-16,69.57363891601562,120.40950012207031,62.947322845458984,175.5792999267578,439.1700134277344
2020-04-17,68.62962341308594,118.75,63.932777404785156,178.5579071044922,422.9599914550781
2020-04-20,67.20509338378906,119.68049621582031,63.10376739501953,177.56173706054688,437.489990234375
2020-04-21,65.12775421142578,116.40599822998047,60.59926223754883,170.1500244140625,433.8299865722656
2020-04-22,67.0036849975586,118.17449951171875,62.93436813354492,181.5863494873047,421.4200134277344
2020-04-23,66.74403381347656,119.97250366210938,63.5870246887207,184.42552185058594,426.70001220703125
2020-04-24,68.6708755493164,120.51100158691406,63.736488342285156,189.34671020507812,424.989990234375
2020-04-27,68.71940612792969,118.80000305175781,63.56560134887695,186.78648376464844,421.3800048828125
2020-04-28,67.60552215576172,115.7040023803711,61.46265411376953,182.21397399902344,403.8299865722656
2020-04-29,69.82601928710938,118.635498046875,66.83385467529297,193.45103454589844,411.8900146484375
2020-04-30,71.2990951538086,123.69999694824219,67.19156646728516,203.93099975585938,419.8500061035156
2020-05-01,70.15121459960938,114.302001953125,65.79409790039062,201.50027465820312,415.2699890136719
2020-05-04,71.1437759399414,115.79949951171875,66.10248565673828,204.47889709472656,428.1499938964844
2020-05-05,72.21158599853516,115.88999938964844,67.31362915039062,206.28201293945312,424.67999267578125
2020-05-06,72.95661163330078,117.56300354003906,67.12380981445312,207.67669677734375,434.260009765625
2020-05-07,73.71134185791016,118.38050079345703,68.3823013305664,210.4560546875,436.5299987792969
2020-05-08,75.46578216552734,118.98049926757812,69.16996765136719,211.54193115234375,435.54998779296875
2020-05-11,76.65327453613281,120.44999694824219,69.91179656982422,212.3687744140625,440.5199890136719
2020-05-12,75.77725219726562,117.84750366210938,68.54072570800781,209.30047607421875,431.82000732421875
2020-05-13,74.86229705810547,118.39600372314453,67.2249526977539,204.31951904296875,438.2699890136719
2020-05-14,75.32221221923828,119.44249725341797,67.5637435913086,206.0229949951172,441.95001220703125
2020-05-15,74.87690734863281,120.48899841308594,68.41368103027344,210.0775146484375,454.19000244140625
2020-05-18,76.64109802246094,121.31300354003906,68.94925689697266,212.37872314453125,452.5799865722656
2020-05-19,76.19823455810547,122.46649932861328,68.42838287353516,216.05467224121094,451.0400085449219
2020-05-20,77.68013000488281,124.89700317382812,70.08418273925781,229.09487915039062,447.6700134277344
2020-05-21,77.10102081298828,122.33699798583984,69.88888549804688,230.50946044921875,436.25
2020-05-22,77.59740447998047,121.84400177001953,70.26851654052734,234.0160675048828,429.32000732421875
2020-05-26,77.07179260253906,121.09300231933594,70.59732818603516,231.31637573242188,414.7699890136719
2020-05-27,77.40758514404297,120.51950073242188,70.63818359375,228.26803588867188,419.8900146484375
2020-05-28,77.44166564941406,120.05500030517578,70.5828857421875,224.60203552246094,413.44000244140625
2020-05-29,77.36622619628906,122.11849975585938,71.1902084350586,224.2334442138672,419.7300109863281
2020-06-01,78.31768798828125,123.552001953125,71.33468627929688,231.02748107910156,425.9200134277344
2020-06-02,78.68024444580078,123.62049865722656,71.70336151123047,231.83441162109375,427.30999755859375
2020-06-03,79.1133804321289,123.91999816894531,71.56187438964844,229.28416442871094,421.9700012207031
2020-06-04,78.43205261230469,123.02999877929688,70.356201171875,225.42886352539062,414.3299865722656
2020-06-05,80.66587829589844,124.1500015258789,71.6620101928711,229.89183044433594,419.6000061035156
2020-06-08,81.14279174804688,126.2030029296875,72.07154083251953,230.51942443847656,419.489990234375
2020-06-09,83.70513916015625,130.04299926757812,72.54732513427734,237.7617645263672,434.04998779296875
2020-06-10,85.858642578125,132.37249755859375,73.03009796142578,235.8291473388672,434.4800109863281
2020-06-11,81.73655700683594,127.89800262451172,69.9406967163086,223.57595825195312,425.55999755859375
2020-06-12,82.44222259521484,127.2509994506836,70.4060287475586,227.71014404296875,418.07000732421875
2020-06-15,83.4617919921875,128.63400268554688,70.73832702636719,231.615234375,425.5
2020-06-16,85.67371368408203,130.7635040283203,71.87773895263672,234.7532501220703,436.1300048828125
2020-06-17,85.55447387695312,132.0489959716797,72.29623413085938,234.6337127685547,447.7699890136719
2020-06-18,85.58856964111328,132.69900512695312,71.54093933105469,235.0421600341797,449.8699951171875
2020-06-19,85.09944915771484,133.75050354003906,71.32970428466797,237.8813018798828,453.7200012207031
2020-06-22,87.32597351074219,135.6909942626953,72.33309936523438,238.30966186523438,468.0400085449219
2020-06-23,89.18991088867188,138.2205047607422,72.9583511352539,241.3181915283203,466.260009765625
2020-06-24,87.61553955078125,136.72000122070312,71.3421630859375,233.1294708251953,457.8500061035156
2020-06-25,88.77867889404297,137.72900390625,71.80847930908203,234.7831268310547,465.9100036621094
2020-06-26,86.0509033203125,134.64349365234375,67.75157165527344,215.2577362060547,443.3999938964844
2020-06-29,88.0340805053711,134.0189971923828,69.498779296875,219.80038452148438,447.239990234375
2020-06-30,88.76895141601562,137.9409942626953,70.42744445800781,226.20590209960938,455.0400085449219
2020-07-01,88.60103607177734,143.93499755859375,71.64456939697266,236.6460418701172,485.6400146484375
2020-07-02,88.60103607177734,144.51499938964844,72.97280883789062,232.53175354003906,476.8900146484375
2020-07-06,90.97114562988281,152.8520050048828,74.51725769042969,239.36563110351562,493.80999755859375
2020-07-07,90.68887329101562,150.00599670410156,73.9931411743164,239.94345092773438,493.1600036621094
2020-07-08,92.80103302001953,154.0554962158203,74.53219604492188,242.653076171875,502.7799987792969
2020-07-09,93.20010375976562,159.13150024414062,75.27901458740234,243.56956481933594,507.760009765625
2020-07-10,93.3631362915039,160.0,76.81100463867188,244.1374053955078,548.72998046875
2020-07-13,92.93243408203125,155.1999969482422,75.29645538330078,238.09051513671875,525.5
2020-07-14,94.47030639648438,154.1999969482422,75.75679779052734,238.81771850585938,524.8800048828125
2020-07-15,95.12002563476562,150.44349670410156,75.41104125976562,239.36563110351562,523.260009765625
2020-07-16,93.9495620727539,149.9949951171875,75.62825775146484,240.01315307617188,527.3900146484375
2020-07-17,93.759765625,148.09849548339844,75.50619506835938,241.10899353027344,492.989990234375
2020-07-20,95.73566436767578,159.8419952392578,78.0057144165039,244.48609924316406,502.4100036621094
2020-07-21,94.41434478759766,156.9145050048828,77.64202117919922,240.83004760742188,490.1000061035156
2020-07-22,94.6795883178711,154.99549865722656,78.14372253417969,238.95718383789062,489.82000732421875
2020-07-23,90.3701171875,149.32749938964844,75.5126724243164,231.71485900878906,477.5799865722656
2020-07-24,90.14624786376953,150.44549560546875,75.3228530883789,229.83206176757812,480.45001220703125
2020-07-27,92.28272247314453,152.760498046875,76.23607635498047,232.61143493652344,495.6499938964844
2020-07-28,90.7667465209961,150.01649475097656,74.74842071533203,229.24429321289062,488.510009765625
2020-07-29,92.50658416748047,151.67649841308594,75.82853698730469,232.40223693847656,484.4800109863281
2020-07-30,93.62594604492188,152.593994140625,76.2983627319336,233.60765075683594,485.79998779296875
2020-07-31,103.42750549316406,158.23399353027344,73.88253021240234,252.70469665527344,488.8800048828125
2020-08-03,106.03363800048828,155.59449768066406,73.45855712890625,251.00119018554688,498.6199951171875
2020-08-04,106.74173736572266,156.94149780273438,72.98625183105469,248.87930297851562,509.6400146484375
2020-08-05,107.128662109375,160.25149536132812,73.41670989990234,248.17198181152344,502.1099853515625
2020-08-06,110.86627960205078,161.25,74.73646545410156,264.2705078125,509.0799865722656
2020-08-07,108.34566497802734,158.3730010986328,74.45697021484375,267.41845703125,494.7300109863281
2020-08-10,109.9204330444336,157.4080047607422,74.53717803955078,261.9991760253906,483.3800048828125
2020-08-11,106.65142059326172,154.0334930419922,73.75100708007812,255.15533447265625,466.92999267578125
2020-08-12,110.19593048095703,158.11199951171875,75.0613021850586,258.9010314941406,475.4700012207031
2020-08-13,112.1461181640625,158.05099487304688,75.65068054199219,260.3056335449219,481.3299865722656
2020-08-14,112.04617309570312,157.4010009765625,75.11659240722656,260.2458801269531,482.67999267578125
2020-08-17,111.75362396240234,159.12049865722656,75.62726593017578,260.16619873046875,482.3500061035156
2020-08-18,112.68485260009766,165.62449645996094,77.65099334716797,261.3416748046875,491.8699951171875
2020-08-19,112.82624053955078,163.0240020751953,77.09947204589844,261.59075927734375,484.5299987792969
2020-08-20,115.3298110961914,164.86849975585938,78.8043441772461,267.986328125,497.8999938964844
2020-08-21,121.27304077148438,164.23599243164062,78.73809051513672,265.9939270019531,492.30999755859375
2020-08-24,122.7234878540039,165.3730010986328,79.12570190429688,270.3572692871094,488.80999755859375
2020-08-25,121.7166976928711,167.32449340820312,80.12310791015625,279.7513732910156,490.5799865722656
2020-08-26,123.37193298339844,172.09249877929688,82.32321166992188,302.7535095214844,547.530029296875
2020-08-27,121.89708709716797,170.0,81.42393493652344,292.10418701171875,526.27001953125
2020-08-28,121.69962310791016,170.08999633789062,81.9261245727539,292.54248046875,523.8900146484375
2020-08-31,125.82675170898438,172.54800415039062,81.41646575927734,292.0842590332031,529.5599975585938
2020-09-01,130.83872985839844,174.95599365234375,82.73821258544922,294.31573486328125,556.5499877929688
2020-09-02,128.12796020507812,176.57249450683594,86.10462188720703,301.348876953125,552.8400268554688
2020-09-03,117.86993408203125,168.39999389648438,81.798095703125,290.01214599609375,525.75
2020-09-04,117.94795227050781,164.7310028076172,79.2671890258789,281.6540832519531,516.0499877929688
2020-09-08,110.01065063476562,157.49200439453125,76.3451919555664,270.1281433105469,507.0199890136719
2020-09-09,114.39859008789062,163.4304962158203,77.56928253173828,272.67840576171875,500.19000244140625
2020-09-10,110.66395568847656,158.7554931640625,76.32675170898438,267.06982421875,480.6700134277344
2020-09-11,109.21105194091797,155.81100463867188,75.76377868652344,265.5954284667969,482.0299987792969
2020-09-14,112.48739624023438,155.14849853515625,75.69202423095703,265.13720703125,476.260009765625
2020-09-15,112.66292572021484,157.80650329589844,76.79606628417969,271.3833312988281,495.989990234375
2020-09-16,109.33781433105469,153.90499877929688,75.77273559570312,262.5171813964844,483.8599853515625
2020-09-17,107.59239196777344,150.43649291992188,74.50878143310547,253.85031127929688,470.20001220703125
2020-09-18,104.17955017089844,147.74549865722656,72.73814392089844,251.56903076171875,469.9599914550781
2020-09-21,107.33888244628906,148.02349853515625,71.30180358886719,247.2056884765625,487.3500061035156
2020-09-22,109.02578735351562,156.44949340820312,73.01066589355469,253.7805938720703,491.1700134277344
2020-09-23,104.45257568359375,149.9929962158203,70.50716400146484,248.0723876953125,470.6099853515625
2020-09-24,105.52518463134766,150.989501953125,71.1588134765625,248.58045959472656,473.0799865722656
2020-09-25,109.4841079711914,154.75650024414062,71.98934173583984,253.85031127929688,482.8800048828125
2020-09-28,112.09735107421875,158.70249938964844,72.96382904052734,255.8427276611328,490.6499938964844
2020-09-29,111.2490234375,157.24400329589844,73.2034683227539,260.7937927246094,493.4800109863281
2020-09-30,112.92618560791016,157.43649291992188,73.2169189453125,260.9033508300781,500.0299987792969
2020-10-01,113.88178253173828,161.06300354003906,74.23775482177734,265.6153564453125,527.510009765625
2020-10-02,110.20565032958984,156.25,72.65991973876953,258.9508056640625,503.05999755859375
2020-10-05,113.59899139404297,159.9600067138672,74.03498077392578,263.64288330078125,520.6500244140625
2020-10-06,110.34215545654297,154.9980010986328,72.41181182861328,257.67572021484375,505.8699951171875
2020-10-07,112.21437072753906,159.7845001220703,72.75309753417969,257.1377258300781,534.6599731445312
2020-10-08,112.10712432861328,159.52749633789062,74.03050231933594,262.75628662109375,531.7899780273438
2020-10-09,114.05728912353516,164.33250427246094,75.48975372314453,263.4436950683594,539.4400024414062
2020-10-12,121.30229187011719,172.14649963378906,78.17660522460938,274.7006530761719,539.8099975585938
2020-10-13,118.0844497680664,172.18150329589844,78.30265045166016,275.0892028808594,554.0900268554688
2020-10-14,118.17223358154297,168.1855010986328,78.12329864501953,270.7856140136719,541.4500122070312
2020-10-15,117.70417785644531,166.9324951171875,77.6773910522461,265.70501708984375,541.9400024414062
2020-10-16,116.05625915527344,163.635498046875,78.36891174316406,264.9180603027344,530.7899780273438
2020-10-19,113.09196472167969,160.36050415039062,76.45578002929688,260.4052734375,530.719970703125
2020-10-20,114.5838623046875,160.85049438476562,77.51797485351562,266.5418395996094,525.4199829101562
2020-10-21,113.95980834960938,159.2469940185547,79.38027954101562,277.6693420410156,489.04998779296875
2020-10-22,112.86767578125,158.82000732421875,80.47733306884766,277.0616455078125,485.2300109863281
2020-10-23,112.17536163330078,160.22000122070312,81.7562484741211,283.7062683105469,488.2799987792969
2020-10-26,112.18512725830078,160.3520050048828,79.23778533935547,276.0554504394531,488.239990234375
2020-10-27,113.6965103149414,164.31649780273438,79.92581939697266,282.21197509765625,488.92999267578125
2020-10-28,108.43097686767578,158.13900756835938,75.55950927734375,266.6513977050781,486.239990234375
2020-10-29,112.4483871459961,160.55050659179688,78.0814437866211,279.7613220214844,504.2099914550781
2020-10-30,106.14923858642578,151.8074951171875,80.76031494140625,262.10870361328125,475.739990234375
2020-11-02,106.0615005493164,150.2239990234375,81.01042175292969,260.3653869628906,484.1199951171875
2020-11-03,107.68992614746094,152.42050170898438,82.215087890625,264.2904052734375,487.2200012207031
2020-11-04,112.08760070800781,162.05799865722656,87.14337921142578,286.2864074707031,496.95001220703125
2020-11-05,116.06599426269531,166.10000610351562,87.85282897949219,293.55859375,513.760009765625
2020-11-06,115.93415832519531,165.56849670410156,87.7721176147461,292.29345703125,514.72998046875
2020-11-09,113.61917877197266,157.18699645996094,87.83440399169922,277.7091979980469,470.5
2020-11-10,113.27730560302734,151.75100708007812,86.70794677734375,271.3932800292969,480.239990234375
2020-11-11,116.71556854248047,156.8695068359375,87.32174682617188,275.4278869628906,490.760009765625
2020-11-12,116.44207000732422,155.51400756835938,87.17875671386719,274.0332336425781,486.7699890136719
2020-11-13,116.49089813232422,156.4405059814453,88.53289031982422,275.8961181640625,482.8399963378906
2020-11-16,117.50675964355469,156.55299377441406,88.75011444091797,277.8984680175781,479.1000061035156
2020-11-17,116.61788177490234,156.7830047607422,88.19062042236328,273.9534912109375,480.6300048828125
2020-11-18,115.28946685791016,155.2729949951172,87.02629852294922,270.9350280761719,481.7900085449219
2020-11-19,115.88529968261719,155.8509979248047,87.88023376464844,271.9013671875,484.6700134277344
2020-11-20,114.615478515625,154.97000122070312,86.7976303100586,268.6736755371094,488.239990234375
2020-11-23,111.20653533935547,154.91949462890625,86.43243408203125,267.4085388183594,476.6199951171875
2020-11-24,112.4958724975586,155.9029998779297,88.12734985351562,275.8662109375,482.8800048828125
2020-11-25,113.33589172363281,159.2534942626953,88.25440216064453,274.5412902832031,485.0
2020-11-27,113.88289642333984,159.76699829101562,89.3385009765625,276.7528381347656,491.3599853515625
2020-11-30,116.2857894897461,158.40199279785156,87.72180938720703,275.916015625,490.70001220703125
2020-12-01,119.87057495117188,161.00399780273438,89.58311462402344,285.45953369140625,504.5799865722656
2020-12-02,120.22222137451172,160.17649841308594,91.07027435302734,286.4258728027344,503.3800048828125
2020-12-03,120.08544921875,159.3365020751953,91.01148223876953,280.7774658203125,497.5199890136719
2020-12-04,119.4114761352539,158.12899780273438,91.072265625,278.6356506347656,498.30999755859375
2020-12-07,120.87666320800781,157.89999389648438,90.64828491210938,284.4932556152344,515.780029296875
2020-12-08,121.49202728271484,158.864501953125,90.6019515991211,282.321533203125,512.6599731445312
2020-12-09,118.952392578125,155.2100067138672,88.88711547851562,276.8623962402344,493.6000061035156
2020-12-10,120.37849426269531,155.07449340820312,88.44869995117188,276.0654296875,501.0899963378906
2020-12-11,119.56777954101562,155.8209991455078,88.76954650878906,272.509033203125,503.2200012207031
2020-12-14,118.952392578125,157.84849548339844,87.68792724609375,273.1465759277344,522.4199829101562
2020-12-15,124.91077423095703,158.25599670410156,88.07205200195312,274.50140380859375,519.780029296875
2020-12-16,124.84237670898438,162.04800415039062,87.83440399169922,274.6209716796875,524.8300170898438
2020-12-17,125.71173095703125,161.8040008544922,87.08209991455078,273.43548583984375,532.9000244140625
2020-12-18,123.7190933227539,160.08250427246094,86.2406234741211,275.34820556640625,534.4500122070312
2020-12-21,125.25260925292969,160.3090057373047,86.6571273803711,271.751953125,528.9099731445312
2020-12-22,128.81788635253906,160.3260040283203,85.8664779663086,266.0736083984375,527.3300170898438
2020-12-23,127.91924285888672,159.2635040283203,86.30888366699219,267.0897216796875,514.47998046875
2020-12-24,128.90579223632812,158.63450622558594,86.6312255859375,266.3824462890625,513.969970703125
2020-12-28,133.51622009277344,164.197998046875,88.48655700683594,275.9458923339844,519.1199951171875
2020-12-29,131.73843383789062,166.10000610351562,87.62117004394531,275.72674560546875,530.8699951171875
2020-12-30,130.6151885986328,164.29249572753906,86.66460418701172,270.83544921875,524.5900268554688
2020-12-31,129.6090850830078,162.84649658203125,87.2803955078125,272.1205139160156,540.72998046875
2021-01-04,126.40521240234375,159.3314971923828,86.10262298583984,267.91656494140625,522.8599853515625
2021-01-05,127.96807098388672,160.92550659179688,86.7343521118164,269.9388732910156,520.7999877929688
2021-01-06,123.66047668457031,156.91900634765625,86.45386505126953,262.3080139160156,500.489990234375
2021-01-07,127.88019561767578,158.10800170898438,89.04256439208984,267.7173156738281,508.8900146484375
2021-01-08,128.98394775390625,159.13499450683594,90.0369873046875,266.5517883300781,510.3999938964844
2021-01-11,125.98519897460938,155.7104949951172,88.01974487304688,255.8626251220703,499.1000061035156
2021-01-12,125.80940246582031,156.04150390625,87.01483917236328,250.1344757080078,494.25
2021-01-13,127.85086822509766,158.29449462890625,87.40594482421875,250.68240356445312,507.7900085449219
2021-01-14,125.91682434082031,156.37350463867188,86.6974868774414,244.70523071289062,500.8599853515625
2021-01-15,124.18795013427734,155.21249389648438,86.49870300292969,250.4034881591797,497.9800109863281
2021-01-19,124.86192321777344,156.03799438476562,89.22241973876953,260.1064147949219,501.7699890136719
2021-01-20,128.96441650390625,163.16900634765625,94.00721740722656,266.4621276855469,586.3400268554688
2021-01-21,133.69198608398438,165.34950256347656,94.22394561767578,271.8315734863281,579.8400268554688
2021-01-22,135.84092712402344,164.6114959716797,94.7121810913086,273.4554138183594,565.1699829101562
2021-01-25,139.60154724121094,164.6999969482422,94.62998962402344,276.9520568847656,556.780029296875
2021-01-26,139.8359832763672,166.30650329589844,95.51879119873047,280.9766845703125,561.9299926757812
2021-01-27,138.76153564453125,161.62899780273438,91.21176147460938,271.1044006347656,523.280029296875
2021-01-28,133.90692138671875,161.88099670410156,92.82198333740234,263.9915771484375,538.5999755859375
2021-01-29,128.89602661132812,160.30999755859375,91.45838928222656,257.346923828125,532.3900146484375
2021-02-01,131.02542114257812,167.1439971923828,94.72713470458984,261.0129699707031,539.0399780273438
2021-02-02,131.8556671142578,169.0,96.03045654296875,266.0636291503906,548.1599731445312
2021-02-03,130.83006286621094,165.62649536132812,103.1329345703125,265.6352844238281,539.4500122070312
2021-02-04,134.19996643066406,166.5500030517578,102.74931335449219,265.47589111328125,552.1599731445312
2021-02-05,133.78416442871094,167.6074981689453,104.5244369506836,267.0797424316406,550.7899780273438
2021-02-08,133.93092346191406,166.14700317382812,104.27084350585938,265.5655517578125,547.9199829101562
2021-02-09,133.05050659179688,165.25,103.80252075195312,268.4246520996094,559.0700073242188
2021-02-10,132.44398498535156,164.32899475097656,104.3938980102539,270.83544921875,563.5900268554688
2021-02-11,132.1896514892578,163.10650634765625,104.4193115234375,269.361083984375,557.5900268554688
2021-02-12,132.42442321777344,163.885498046875,104.8288345336914,269.4706115722656,556.52001953125
2021-02-16,130.2918701171875,163.44749450683594,105.71515655517578,272.92742919921875,557.280029296875
2021-02-17,127.99301147460938,165.4320068359375,106.03450775146484,272.52899169921875,551.3400268554688
2021-02-18,126.8875961303711,166.4114990234375,105.48099517822266,268.3648681640625,548.219970703125
2021-02-19,127.0440902709961,162.4949951171875,104.68086242675781,260.5646667480469,540.219970703125
2021-02-22,123.25833892822266,159.03700256347656,102.8743667602539,259.33935546875,533.780029296875
2021-02-23,123.12136840820312,159.72500610351562,103.17228698730469,264.8482971191406,546.1500244140625
2021-02-24,122.62246704101562,157.97650146484375,104.3834457397461,263.30419921875,553.4099731445312
2021-02-25,118.35733795166016,152.85800170898438,101.2043685913086,253.72079467773438,546.7000122070312
2021-02-26,118.6214599609375,154.64649963378906,101.47837829589844,256.6396484375,538.8499755859375
2021-03-01,125.00936889648438,157.3070068359375,103.702880859375,263.90191650390625,550.6400146484375
2021-03-02,122.3974838256836,154.72650146484375,103.42039489746094,258.014404296875,547.8200073242188
2021-03-03,119.40404510498047,150.25,100.97270202636719,254.4380645751953,520.7000122070312
2021-03-04,117.51605987548828,148.8784942626953,102.08768463134766,256.65960693359375,511.2900085449219
2021-03-05,118.7779769897461,150.0229949951172,105.04954528808594,263.2742919921875,516.3900146484375
2021-03-08,113.82808685302734,147.59750366210938,100.84615325927734,254.33843994140625,493.3299865722656
2021-03-09,118.45515441894531,153.1425018310547,102.26754760742188,264.728759765625,506.44000244140625
2021-03-10,117.36930847167969,152.8820037841797,102.38362884521484,263.8919372558594,504.5400085449219
2021-03-11,119.30622863769531,155.67950439453125,105.35993194580078,272.8377990722656,523.0599975585938
2021-03-12,118.39647674560547,154.47450256347656,102.72689056396484,267.378662109375,518.02001953125
2021-03-15,121.29204559326172,154.08399963378906,102.95457458496094,272.7082824707031,520.25
2021-03-16,122.83768463134766,154.59300231933594,104.25141143798828,278.21722412109375,524.030029296875
2021-03-17,122.04530334472656,156.7864990234375,104.17967224121094,282.92926025390625,524.4400024414062
2021-03-18,117.90733337402344,151.39950561523438,101.44649505615234,277.55975341796875,504.7900085449219
2021-03-19,117.37909698486328,153.7480010986328,101.79425048828125,289.0059814453125,512.1799926757812
2021-03-22,120.70510864257812,155.5435028076172,101.56455993652344,292.4230041503906,523.1099853515625
2021-03-23,119.87362670898438,156.875,102.2804946899414,289.5240173339844,535.0900268554688
2021-03-24,117.47692108154297,154.35350036621094,101.88690948486328,281.0663757324219,520.8099975585938
2021-03-25,117.9660415649414,152.31300354003906,101.85203552246094,277.6792907714844,502.8599853515625
2021-03-26,118.57254028320312,152.60150146484375,101.4131088256836,281.9429626464844,508.04998779296875
2021-03-29,118.7486343383789,153.7864990234375,102.42945861816406,289.7132873535156,513.9500122070312
2021-03-30,117.29104614257812,152.76449584960938,102.40902709960938,286.904052734375,513.3900146484375
2021-03-31,119.4920883178711,154.70399475097656,103.06118774414062,293.4091796875,521.6599731445312
2021-04-01,120.32359313964844,158.0500030517578,106.50481414794922,297.5234680175781,539.4199829101562
2021-04-05,123.16048431396484,161.3365020751953,110.87909698486328,307.7344970703125,540.6699829101562
2021-04-06,123.46377563476562,161.1909942626953,110.83924102783203,305.0946044921875,544.530029296875
2021-04-07,125.11698913574219,163.96949768066406,112.08129119873047,311.8985595703125,546.989990234375
2021-04-08,127.5234603881836,164.96499633789062,112.86647033691406,311.82879638671875,554.5800170898438
2021-04-09,130.10598754882812,168.61000061035156,113.88480377197266,311.27099609375,555.3099975585938
2021-04-12,128.38429260253906,168.96949768066406,112.33587646484375,310.3544921875,552.780029296875
2021-04-13,131.50486755371094,170.0,112.95763397216797,308.58123779296875,553.72998046875
2021-04-14,129.15708923339844,166.64999389648438,112.33834838867188,301.66766357421875,540.02001953125
2021-04-15,131.5733184814453,168.95449829101562,114.421875,306.6485900878906,549.219970703125
2021-04-16,131.24075317382812,169.9720001220703,114.47666931152344,305.0148620605469,546.5399780273438
2021-04-19,131.9059600830078,168.60049438476562,114.70784759521484,301.0898742675781,554.4400024414062
2021-04-20,130.2135772705078,166.7344970703125,114.27091979980469,301.498291015625,549.5700073242188
2021-04-21,130.59507751464844,168.1009979248047,114.25397491455078,300.32281494140625,508.8999938964844
2021-04-22,129.06906127929688,165.45199584960938,112.9900131225586,295.3916015625,508.7799987792969
2021-04-23,131.39730834960938,167.04400634765625,115.35053253173828,299.98406982421875,505.54998779296875
2021-04-26,131.7886199951172,170.4499969482422,115.92048645019531,301.8868408203125,510.29998779296875
2021-04-27,131.4657440185547,170.8715057373047,114.94300842285156,302.414794921875,505.54998779296875
2021-04-28,130.6733856201172,172.9250030517578,118.56947326660156,305.9313659667969,506.5199890136719
2021-04-29,130.57554626464844,173.5655059814453,121.05951690673828,328.2561340332031,509.0
2021-04-30,128.59951782226562,173.37100219726562,120.07455444335938,323.84295654296875,513.469970703125
2021-05-03,129.656005859375,169.32449340820312,119.32974243164062,321.3524475097656,509.1099853515625
2021-05-04,125.06806182861328,165.593505859375,117.29106903076172,317.14849853515625,503.17999267578125
2021-05-05,125.3126220703125,163.52699279785156,117.41511535644531,313.8211975097656,496.0799865722656
2021-05-06,126.91695404052734,165.31849670410156,118.64120483398438,318.80218505859375,499.54998779296875
2021-05-07,127.59307861328125,164.58050537109375,119.5051040649414,317.8657531738281,503.8399963378906
2021-05-10,124.30059814453125,159.52450561523438,116.66381072998047,304.8056640625,486.69000244140625
2021-05-11,123.37950897216797,161.19549560546875,115.02471160888672,305.3634948730469,495.0799865722656
2021-05-12,120.3025894165039,157.5970001220703,111.55317687988281,301.3986511230469,484.9800109863281
2021-05-13,122.45838165283203,158.07350158691406,112.6935806274414,304.0983581542969,486.6600036621094
2021-05-14,124.8885498046875,161.14500427246094,115.39338684082031,314.73773193359375,493.3699951171875
2021-05-17,123.73225402832031,163.51950073242188,115.65495300292969,314.2595520019531,488.94000244140625
2021-05-18,122.34078216552734,161.61399841308594,114.75916290283203,308.78045654296875,486.2799987792969
2021-05-19,122.18399810791016,161.58999633789062,115.022216796875,312.3966369628906,487.70001220703125
2021-05-20,124.75135040283203,162.38400268554688,117.38272857666016,317.39752197265625,501.6700134277344
2021-05-21,122.90914916992188,160.1540069580078,116.83519744873047,315.026611328125,497.8900146484375
2021-05-24,124.54560089111328,162.24949645996094,119.90267944335938,323.3946533203125,502.8999938964844
2021-05-25,124.349609375,162.95249938964844,120.0222396850586,326.5426330566406,501.3399963378906
2021-05-26,124.30059814453125,163.25799560546875,121.2408676147461,326.4131164550781,502.3599853515625
2021-05-27,122.76215362548828,161.5054931640625,119.69542694091797,331.4837646484375,503.8599853515625
2021-05-28,122.1056137084961,161.15350341796875,120.14630889892578,327.47906494140625,502.80999755859375
2021-06-01,121.78224182128906,160.9324951171875,121.0555419921875,327.8775329589844,499.0799865722656
2021-06-02,122.54657745361328,161.69949340820312,120.63056182861328,327.8974609375,499.239990234375
2021-06-03,121.05713653564453,159.35049438476562,119.80004119873047,324.79931640625,489.42999267578125
2021-06-04,123.35989379882812,160.31100463867188,122.14910888671875,329.0928649902344,494.739990234375
2021-06-07,123.36968231201172,159.90049743652344,122.863037109375,335.29913330078125,494.6600036621094
2021-06-08,124.19281005859375,163.20550537109375,123.69804382324219,332.4101867675781,492.3900146484375
2021-06-09,124.5749740600586,164.0574951171875,124.12400817871094,328.9932861328125,485.80999755859375
2021-06-10,123.57546997070312,167.4824981689453,125.62860870361328,331.1948547363281,487.2699890136719
2021-06-11,124.7905502319336,167.3415069580078,125.2464828491211,329.9994201660156,488.7699890136719
2021-06-14,127.85762023925781,169.19349670410156,125.89962768554688,335.48846435546875,499.8900146484375
2021-06-15,127.03453826904297,169.156494140625,125.58177185058594,335.4685363769531,491.8999938964844
2021-06-16,127.5342788696289,170.7624969482422,125.2464828491211,329.8200988769531,492.4100036621094
2021-06-17,129.14134216308594,174.46200561523438,125.91857147216797,335.2294921875,498.3399963378906
2021-06-18,127.83806610107422,174.34500122070312,125.11793518066406,328.405517578125,500.7699890136719
2021-06-21,129.64109802246094,172.697998046875,126.00225830078125,331.0255126953125,497.0
2021-06-22,131.2873077392578,175.27200317382812,126.5447998046875,337.7398376464844,508.82000732421875
2021-06-23,131.012939453125,175.1909942626953,126.00873565673828,339.2939147949219,512.739990234375
2021-06-24,130.728759765625,172.45399475097656,126.8262939453125,341.87408447265625,518.0599975585938
2021-06-25,130.4347686767578,170.072998046875,126.54032897949219,340.0709228515625,527.0700073242188
2021-06-28,132.0712127685547,172.1945037841797,126.3654556274414,354.2866516113281,533.030029296875
2021-06-29,133.590087890625,172.40699768066406,125.56732177734375,350.55096435546875,533.5
2021-06-30,134.20741271972656,172.00799560546875,124.86734008789062,346.3868408203125,528.2100219726562
2021-07-01,134.51116943359375,171.64849853515625,125.91606903076172,353.04144287109375,533.5399780273438
2021-07-02,137.14712524414062,175.5489959716797,128.25814819335938,353.3502197265625,533.97998046875
2021-07-06,139.1656951904297,183.78700256347656,129.30638122558594,351.4375305175781,541.6400146484375
2021-07-07,141.66448974609375,184.82899475097656,129.61178588867188,349.15625,535.9600219726562
2021-07-08,140.3612060546875,186.57049560546875,128.7145233154297,344.33465576171875,530.760009765625
2021-07-09,142.19361877441406,185.9669952392578,129.11058044433594,349.0865173339844,535.97998046875
2021-07-12,141.59588623046875,185.92750549316406,130.09654235839844,351.81610107421875,537.3099975585938
2021-07-13,142.7129669189453,183.8679962158203,130.5255126953125,350.7501525878906,540.6799926757812
2021-07-14,146.1524200439453,184.08399963378906,131.609619140625,346.3070983886719,547.9500122070312
2021-07-15,145.49588012695312,181.55999755859375,130.79653930664062,343.149169921875,542.9500122070312
2021-07-16,143.4478759765625,178.68150329589844,131.37347412109375,339.8617858886719,530.3099975585938
2021-07-19,139.58706665039062,177.47950744628906,128.79122924804688,335.66778564453125,532.280029296875
2021-07-20,143.2126922607422,178.6595001220703,130.6321258544922,340.3598327636719,531.0499877929688
2021-07-21,142.47776794433594,179.25999450683594,132.12574768066406,344.9124755859375,513.6300048828125
