Date,ASIANPAINT,HDFCBANK,ITC,RELIANCE,TCS
2015-01-01,695.7550659179688,440.3434143066406,178.34396362304688,182.37442016601562,1053.841552734375
2015-01-02,719.8092041015625,446.4718322753906,178.902587890625,181.89173889160156,1067.876220703125
2015-01-05,719.7628784179688,442.7022399902344,179.60690307617188,179.89935302734375,1051.6474609375
2015-01-06,702.5814208984375,435.8106994628906,174.99227905273438,171.73471069335938,1012.876953125
2015-01-07,716.6979370117188,437.0826721191406,171.7377166748047,175.47299194335938,1000.91259765625
2015-01-08,761.88037109375,446.2637023925781,176.03665161132812,172.9568634033203,1011.7177124023438
2015-01-09,754.5899047851562,451.2589111328125,173.36502075195312,176.70541381835938,1040.0767822265625
2015-01-12,750.1785278320312,447.2812194824219,173.8264923095703,174.65139770507812,1038.999755859375
2015-01-13,774.4182739257812,445.56988525390625,174.91943359375,173.18275451660156,1034.1151123046875
2015-01-14,782.5911254882812,445.8243103027344,168.94468688964844,171.49851989746094,1044.0711669921875
2015-01-15,779.5262451171875,459.35308837890625,173.85079956054688,177.5167236328125,1051.1715087890625
2015-01-16,783.3341064453125,463.1457214355469,174.91943359375,178.63616943359375,1048.294189453125
2015-01-19,772.6072387695312,464.62579345703125,174.28793334960938,180.67987060546875,1039.5380859375
2015-01-20,779.3870239257812,472.211181640625,180.2626953125,185.48622131347656,1035.1708984375
2015-01-21,790.6243896484375,471.7486267089844,171.32484436035156,186.24620056152344,1040.69775390625
2015-01-22,805.3448486328125,472.3498840332031,170.3290252685547,181.52198791503906,1040.5943603515625
2015-01-23,800.6546630859375,482.31732177734375,169.74612426757812,182.16903686523438,1036.474609375
2015-01-27,827.0306396484375,496.7710876464844,174.9437255859375,182.6106414794922,1037.905517578125
2015-01-28,845.3731079101562,489.50946044921875,175.98809814453125,186.26673889160156,1053.4822998046875
2015-01-29,818.486328125,506.4608154296875,179.82553100585938,190.8985137939453,1055.5770263671875
2015-01-30,796.6148071289062,498.2973327636719,179.02401733398438,187.9921112060547,1029.6094970703125
2015-02-02,750.5035400390625,500.262939453125,175.18658447265625,186.51324462890625,1042.9459228515625
2015-02-03,756.6331787109375,492.16888427734375,177.8096466064453,192.58282470703125,1061.218505859375
2015-02-04,746.5563354492188,493.8338928222656,178.56256103515625,190.77528381347656,1042.987548828125
2015-02-05,753.0574340820312,497.9041442871094,179.19406127929688,189.7277374267578,1058.792236328125
2015-02-06,740.7984619140625,487.26617431640625,181.42848205566406,186.8932342529297,1068.47802734375
2015-02-09,746.3707885742188,481.0684509277344,178.7082977294922,184.1819305419922,1042.40625
2015-02-10,763.5985107421875,487.7055969238281,179.67977905273438,181.16258239746094,1012.6427612304688
2015-02-11,780.8264770507812,489.5325927734375,180.2869873046875,185.0035400390625,1020.4208374023438
2015-02-12,765.0382690429688,497.6730041503906,179.92263793945312,186.73919677734375,1021.3540649414062
2015-02-13,767.8242797851562,492.9552001953125,183.63865661621094,188.4542694091797,1053.1297607421875
2015-02-16,774.6969604492188,493.7646179199219,189.2491455078125,185.43487548828125,1072.232177734375
2015-02-18,762.5305786132812,497.11798095703125,191.0220947265625,185.19866943359375,1093.3258056640625
2015-02-19,774.6502685546875,499.4305419921875,189.07908630371094,185.2808380126953,1112.1588134765625
2015-02-20,766.8492431640625,496.3085021972656,192.3822021484375,179.3345184326172,1109.8775634765625
2015-02-23,751.896728515625,493.7414855957031,189.56483459472656,174.88760375976562,1118.6298828125
2015-02-24,742.56298828125,493.81085205078125,192.21218872070312,172.83363342285156,1121.9901123046875
2015-02-25,755.8436889648438,486.7804870605469,194.15521240234375,173.18275451660156,1108.4876708984375
2015-02-26,735.458251953125,480.16650390625,192.1879119873047,172.94659423828125,1101.9544677734375
2015-02-27,749.621337890625,487.4974670410156,191.24070739746094,175.729736328125,1104.401611328125
2015-03-02,766.7562255859375,500.7024230957031,166.73448181152344,177.5167236328125,1107.326416015625
2015-03-03,778.551025390625,501.07244873046875,165.90870666503906,185.0240936279297,1151.54638671875
2015-03-04,777.157958984375,492.7239990234375,167.22023010253906,182.36415100097656,1139.101806640625
2015-03-05,774.464599609375,501.88201904296875,168.1917266845703,181.76849365234375,1118.5472412109375
2015-03-09,754.729248046875,489.8100891113281,164.3542938232422,178.62588500976562,1097.95166015625
2015-03-10,750.3642578125,486.8267822265625,164.45144653320312,176.4691925048828,1096.250732421875
2015-03-11,751.3394775390625,488.6305847167969,164.28143310546875,175.81190490722656,1081.2547607421875
2015-03-12,750.5035400390625,487.7750244140625,168.38604736328125,177.4242706298828,1086.4398193359375
2015-03-13,750.7821044921875,482.2479248046875,164.8643341064453,174.61032104492188,1071.2161865234375
2015-03-16,772.5608520507812,486.36431884765625,162.92129516601562,172.96713256835938,1062.8988037109375
2015-03-17,772.1429443359375,489.3706359863281,165.1558074951172,175.99676513671875,1071.7762451171875
2015-03-18,756.1687622070312,491.9145812988281,163.5285186767578,178.4204864501953,1061.6748046875
2015-03-19,775.300537109375,486.6649169921875,161.92555236816406,175.8529815673828,1076.9820556640625
2015-03-20,752.2217407226562,488.3763427734375,159.0595703125,175.43191528320312,1083.07958984375
2015-03-23,753.754150390625,484.6067199707031,159.0353240966797,172.93629455566406,1085.6517333984375
2015-03-24,755.3330078125,480.0740051269531,158.62242126464844,174.168701171875,1074.9285888671875
2015-03-25,750.8750610351562,478.3627014160156,158.71958923339844,173.542236328125,1067.6485595703125
2015-03-26,736.5726928710938,465.73583984375,156.60653686523438,170.3380126953125,1042.4898681640625
2015-03-27,722.688232421875,469.2972412109375,154.22634887695312,166.7229766845703,1043.1947021484375
2015-03-30,749.8998413085938,479.5884094238281,159.108154296875,166.52784729003906,1063.6661376953125
2015-03-31,753.4755859375,473.0205078125,158.2823944091797,169.6602020263672,1059.435302734375
2015-04-01,763.1341552734375,477.900146484375,161.4883575439453,171.72445678710938,1054.7476806640625
2015-04-06,765.734619140625,477.2988586425781,165.6415557861328,169.38287353515625,1056.676513671875
2015-04-07,775.672119140625,477.6689147949219,165.4472198486328,171.06719970703125,1072.3153076171875
2015-04-08,786.49169921875,478.9639587402344,168.1917266845703,177.85562133789062,1095.7110595703125
2015-04-09,792.3427124023438,488.46875,168.62892150878906,183.85330200195312,1105.3140869140625
2015-04-10,798.1936645507812,482.2479248046875,168.38604736328125,185.7532501220703,1100.8343505859375
2015-04-13,800.6083984375,480.4671325683594,170.74195861816406,189.4812774658203,1101.5604248046875
2015-04-15,779.2476196289062,477.1601257324219,172.41778564453125,189.7174835205078,1090.0487060546875
2015-04-16,763.6451416015625,476.235107421875,170.0618896484375,190.68284606933594,1071.4027099609375
2015-04-17,758.5836791992188,470.9623107910156,170.91195678710938,190.374755859375,1026.622802734375
2015-04-20,751.29296875,464.8801574707031,166.07872009277344,181.91226196289062,1007.52001953125
2015-04-21,739.7302856445312,463.9089050292969,166.10301208496094,180.02261352539062,1006.794189453125
2015-04-22,729.468017578125,468.5803527832031,166.80735778808594,180.70042419433594,1014.2820434570312
2015-04-23,730.3502197265625,468.765380859375,166.1758575439453,180.14581298828125,1019.3216552734375
2015-04-24,716.372802734375,465.5046081542969,169.0175018310547,180.5258026123047,1034.172607421875
2015-04-27,691.7152099609375,465.0420837402344,167.51168823242188,179.78640747070312,1037.1385498046875
2015-04-28,710.8934326171875,464.62579345703125,163.96571350097656,177.71188354492188,1034.9813232421875
2015-04-29,700.6311645507812,459.35308837890625,159.399658203125,174.58978271484375,1031.7869873046875
2015-04-30,708.1071166992188,457.3410339355469,156.58224487304688,177.12646484375,1021.997314453125
2015-05-04,723.84912109375,462.960693359375,160.39541625976562,183.0009307861328,1029.402099609375
2015-05-05,725.70654296875,456.8092041015625,158.47669982910156,183.2473907470703,1044.4599609375
2015-05-06,706.621337890625,448.9231262207031,154.6392822265625,180.80313110351562,1021.7278442382812
2015-05-07,711.1720581054688,439.99652099609375,156.67942810058594,178.85183715820312,1055.8258056640625
2015-05-08,705.2745971679688,454.1959533691406,159.32676696777344,187.4077606201172,1048.35888671875
2015-05-11,716.6515502929688,458.0348815917969,158.57383728027344,188.7242431640625,1060.2855224609375
2015-05-12,704.2994995117188,449.547607421875,157.5051727294922,182.9842987060547,1046.554931640625
2015-05-13,708.15380859375,458.0117492675781,159.25390625,186.43881225585938,1043.4434814453125
2015-05-14,739.6838989257812,458.38177490234375,157.72378540039062,184.98538208007812,1036.7445068359375
2015-05-15,733.9721069335938,457.9423522949219,158.549560546875,184.0901336669922,1041.680908203125
2015-05-18,712.1007690429688,467.0771484375,161.7555389404297,187.7974395751953,1045.517578125
2015-05-19,719.5306396484375,466.0133361816406,161.5369415283203,188.64002990722656,1042.32373046875
2015-05-20,716.2335815429688,473.64495849609375,161.2454833984375,191.4415283203125,1060.720947265625
2015-05-21,721.805908203125,473.94561767578125,159.0353240966797,188.8927764892578,1060.078125
2015-05-22,720.1342163085938,473.7606201171875,159.88539123535156,190.38833618164062,1085.9630126953125
2015-05-25,707.5965576171875,473.4136962890625,153.88633728027344,188.4188232421875,1078.9522705078125
2015-05-26,709.0823364257812,475.1944274902344,152.52622985839844,186.33346557617188,1082.2088623046875
2015-05-27,705.1353759765625,480.16650390625,154.32351684570312,186.48094177246094,1084.863525390625
2015-05-28,712.6578979492188,476.1194763183594,156.1450958251953,184.47984313964844,1082.478515625
2015-05-29,730.9539184570312,485.90179443359375,158.88958740234375,184.73263549804688,1082.8104248046875
2015-06-01,733.4615478515625,479.26458740234375,161.29405212402344,190.05130004882812,1085.9007568359375
2015-06-02,705.0887451171875,466.5915222167969,154.7849884033203,189.29298400878906,1078.49609375
2015-06-03,708.3392944335938,465.0882873535156,150.8212127685547,188.8085174560547,1083.059326171875
2015-06-04,705.4603881835938,469.4360046386719,149.43389892578125,192.2525177001953,1080.8812255859375
2015-06-05,704.7172241210938,467.9559631347656,150.7716827392578,191.20982360839844,1078.453369140625
2015-06-08,694.6871337890625,464.11700439453125,150.79644775390625,186.51254272460938,1079.122802734375
2015-06-09,683.263916015625,463.376953125,148.9384002685547,186.1439208984375,1072.507568359375
2015-06-10,686.4677734375,469.7366638183594,149.1861572265625,190.79910278320312,1088.8778076171875
2015-06-11,657.90966796875,462.6138000488281,147.1795196533203,184.7642059326172,1076.5474853515625
2015-06-12,655.355712890625,466.7533874511719,147.42724609375,187.43934631347656,1049.12451171875
2015-06-15,648.761474609375,464.92645263671875,147.89796447753906,189.94598388671875,1048.7064208984375
2015-06-16,654.7054443359375,466.40655517578125,148.1209259033203,190.40940856933594,1051.72021484375
2015-06-17,659.999267578125,464.6951904296875,149.1861572265625,196.14938354492188,1052.4739990234375
2015-06-18,676.9949951171875,471.58673095703125,149.58255004882812,206.20750427246094,1059.2774658203125
2015-06-19,687.2572021484375,476.62823486328125,151.11849975585938,209.9358673095703,1067.4415283203125
2015-06-22,694.4086303710938,484.3292541503906,153.79405212402344,208.8931884765625,1085.0052490234375
2015-06-23,702.5814208984375,486.6186828613281,155.85025024414062,209.5883026123047,1077.9295654296875
2015-06-24,703.9356689453125,483.704833984375,155.4043426513672,208.72467041015625,1076.12939453125
2015-06-25,700.71337890625,492.5851745605469,154.7602081298828,211.5999298095703,1067.630126953125
2015-06-26,700.7598876953125,491.59075927734375,152.58013916015625,210.7889862060547,1085.5498046875
2015-06-29,688.103759765625,488.7231140136719,153.57107543945312,208.71414184570312,1085.5911865234375
2015-06-30,705.5234375,493.5796203613281,156.14752197265625,210.66259765625,1068.0281982421875
2015-07-01,710.6138916015625,495.98468017578125,155.37953186035156,211.83163452148438,1085.6754150390625
2015-07-02,712.575439453125,493.1189270019531,156.09796142578125,212.92701721191406,1079.248291015625
2015-07-03,721.7290649414062,500.5980529785156,156.37049865722656,212.1581268310547,1090.197265625
2015-07-06,731.8632202148438,504.9085998535156,157.75779724121094,213.91702270507812,1102.506103515625
2015-07-07,770.2055053710938,506.4696044921875,157.23756408691406,211.32611083984375,1095.3675537109375
2015-07-08,749.3297119140625,498.0817565917969,155.05747985839844,209.9253387451172,1086.512451171875
2015-07-09,744.3794555664062,500.50494384765625,153.8931121826172,207.98741149902344,1056.11669921875
2015-07-10,742.8381958007812,508.2870178222656,153.5463104248047,211.02066040039062,1035.95703125
2015-07-13,763.7139892578125,510.8035583496094,155.87501525878906,212.1160125732422,1050.6943359375
2015-07-14,768.4307861328125,508.7996826171875,154.73544311523438,210.17811584472656,1046.48681640625
2015-07-15,782.58154296875,511.05975341796875,155.57772827148438,212.9901580810547,1065.85107421875
2015-07-16,792.1085205078125,519.4478149414062,157.53482055664062,215.63372802734375,1063.527099609375
2015-07-17,770.9527587890625,517.5138549804688,159.69015502929688,215.21241760253906,1073.6590576171875
2015-07-20,796.0781860351562,519.7039794921875,158.7982940673828,215.8549041748047,1082.1552734375
2015-07-21,762.2194213867188,511.6888732910156,155.2804412841797,212.28451538085938,1074.708251953125
2015-07-22,787.6719360351562,519.3079223632812,155.82550048828125,221.2578582763672,1060.7152099609375
2015-07-23,790.6608276367188,516.2789306640625,156.12271118164062,220.18356323242188,1044.162841796875
2015-07-24,792.9959716796875,516.2556762695312,155.85025024414062,215.91807556152344,1051.1064453125
2015-07-27,796.8721923828125,510.6636962890625,154.41336059570312,211.76844787597656,1047.7081298828125
2015-07-28,780.0595092773438,516.5584716796875,154.19039916992188,212.8005828857422,1049.8062744140625
2015-07-29,790.9876708984375,516.4886474609375,150.62303161621094,209.79896545410156,1051.778076171875
2015-07-30,800.9818725585938,517.5138549804688,156.5438995361328,210.67311096191406,1040.8272705078125
2015-07-31,824.56640625,518.0265502929688,161.5233917236328,211.03121948242188,1053.456298828125
2015-08-03,819.615966796875,510.4540100097656,164.2732391357422,211.15757751464844,1052.973876953125
2015-08-04,845.9557495117188,506.2833251953125,163.45570373535156,208.11380004882812,1052.6800537109375
2015-08-05,862.3947143554688,508.9627380371094,164.39707946777344,208.0611572265625,1068.7293701171875
2015-08-06,855.6696166992188,510.7102355957031,161.6472625732422,206.20750427246094,1079.700927734375
2015-08-07,839.3707885742188,509.1725158691406,160.7554168701172,207.34498596191406,1070.784912109375
2015-08-10,842.6400146484375,510.1044921875,159.02122497558594,204.090576171875,1079.1976318359375
2015-08-11,825.1267700195312,510.1277160644531,158.60012817382812,203.47972106933594,1092.6663818359375
2015-08-12,813.8715209960938,498.8273010253906,156.9402618408203,198.61387634277344,1120.9874267578125
2015-08-13,816.6737670898438,502.1358642578125,156.74209594726562,196.60223388671875,1105.84130859375
2015-08-14,836.1950073242188,513.4363403320312,157.6339569091797,203.67979431152344,1134.2041015625
2015-08-17,840.6783447265625,508.6366882324219,157.0146026611328,200.25689697265625,1126.462890625
2015-08-18,841.8926391601562,506.2366027832031,155.9988555908203,198.86666870117188,1150.0224609375
2015-08-19,840.398193359375,504.1396484375,157.0146026611328,201.07838439941406,1146.9599609375
2015-08-20,824.9398193359375,500.807861328125,163.1831817626953,193.01084899902344,1127.3443603515625
2015-08-21,828.2557983398438,494.5634765625,163.8768768310547,191.25196838378906,1122.8544921875
2015-08-24,782.2542724609375,474.87506103515625,158.649658203125,174.7376708984375,1081.946044921875
2015-08-25,795.9381103515625,474.5954284667969,158.50100708007812,178.65560913085938,1077.12060546875
2015-08-26,795.70458984375,472.2887268066406,157.38616943359375,179.761474609375,1081.1484375
2015-08-27,798.60009765625,476.29632568359375,161.37474060058594,183.07907104492188,1080.2674560546875
2015-08-28,801.6357421875,479.02239990234375,162.0188446044922,183.763671875,1078.6728515625
2015-08-31,792.6222534179688,478.7893981933594,161.10220336914062,180.28810119628906,1075.81982421875
2015-09-01,765.0682983398438,466.04437255859375,156.29615783691406,176.9072723388672,1064.6378173828125
2015-09-02,752.8323364257812,463.73773193359375,158.60012817382812,178.95050048828125,1087.4635009765625
2015-09-03,772.0733642578125,470.79754638671875,158.550537109375,179.85626220703125,1093.25341796875
2015-09-04,759.2305908203125,464.1570739746094,157.1136932373047,176.0752410888672,1068.85498046875
2015-09-07,736.019775390625,458.75152587890625,155.30520629882812,175.50650024414062,1065.6241455078125
2015-09-08,739.2888793945312,467.88507080078125,155.03271484375,178.7503662109375,1065.8553466796875
2015-09-09,766.9830322265625,473.593505859375,155.7759552001953,184.11122131347656,1069.819580078125
2015-09-10,754.65380859375,471.123779296875,155.25567626953125,182.62620544433594,1067.9945068359375
2015-09-11,762.3128051757812,470.8907470703125,155.453857421875,181.351806640625,1070.76416015625
2015-09-14,784.822998046875,475.1779479980469,155.4043426513672,181.962646484375,1070.616943359375
2015-09-15,776.2767333984375,472.1256408691406,157.0889129638672,182.62620544433594,1064.5753173828125
2015-09-16,769.5983276367188,476.8787841796875,159.6158447265625,183.79525756835938,1070.0716552734375
2015-09-18,785.5703125,489.1811218261719,157.55960083007812,188.60841369628906,1070.44970703125
2015-09-21,774.968994140625,490.6723327636719,155.7015838623047,184.9643096923828,1070.3653564453125
2015-09-22,751.6181640625,480.2806091308594,154.66111755371094,178.60293579101562,1060.1905517578125
2015-09-23,741.7174072265625,488.92486572265625,156.61822509765625,179.11900329589844,1062.6451416015625
2015-09-24,753.159423828125,489.9500732421875,159.81402587890625,176.3806915283203,1082.68017578125
2015-09-28,742.04443359375,487.6201477050781,158.17893981933594,175.72767639160156,1088.260498046875
2015-09-29,751.711669921875,496.1944885253906,158.74876403808594,177.0968475341797,1085.9737548828125
2015-09-30,786.0841064453125,498.0584411621094,162.9107208251953,181.63616943359375,1085.8897705078125
2015-10-01,784.2626953125,497.5225524902344,162.88592529296875,182.14170837402344,1109.616943359375
2015-10-05,798.973876953125,511.82861328125,163.25753784179688,187.04966735839844,1137.75
2015-10-06,797.385986328125,506.05029296875,169.87203979492188,189.16661071777344,1132.8619384765625
2015-10-07,807.9871826171875,506.8890686035156,172.05210876464844,192.4842071533203,1113.5400390625
2015-10-08,816.48681640625,504.72216796875,168.01405334472656,187.2813720703125,1105.08544921875
2015-10-09,797.479248046875,506.14349365234375,170.1693115234375,186.91275024414062,1103.3441162109375
2015-10-12,802.56982421875,503.5339050292969,168.83160400390625,187.83958435058594,1087.7989501953125
2015-10-13,808.2674560546875,501.5766906738281,170.46661376953125,188.22926330566406,1090.2952880859375
2015-10-14,805.3718872070312,505.4910888671875,170.49139404296875,190.1987762451172,1042.106689453125
2015-10-15,812.6572265625,505.2114562988281,173.11737060546875,190.35671997070312,1035.41455078125
2015-10-16,824.2860717773438,512.620849609375,172.84487915039062,192.6948699951172,1037.1978759765625
2015-10-19,821.25048828125,511.5724182128906,173.91014099121094,202.95310974121094,1044.225341796875
2015-10-20,817.7012329101562,510.22100830078125,172.74575805664062,201.520751953125,1060.169921875
2015-10-21,799.767822265625,510.2675476074219,172.69625854492188,201.1626434326172,1061.5338134765625
2015-10-23,801.9625854492188,516.5584716796875,177.55184936523438,201.29957580566406,1066.8525390625
2015-10-26,763.7606201171875,513.296630859375,176.63522338867188,198.60333251953125,1066.600341796875
2015-10-27,772.5407104492188,517.6768798828125,176.3874969482422,197.90818786621094,1064.3087158203125
2015-10-28,775.7715454101562,517.95654296875,175.9911346435547,197.36056518554688,1063.4671630859375
2015-10-29,776.7081298828125,514.2518920898438,173.4146728515625,198.21365356445312,1049.27587890625
2015-10-30,777.9256591796875,512.4111328125,165.8092041015625,199.62496948242188,1049.213134765625
2015-11-02,777.4105224609375,504.72216796875,167.07264709472656,202.17372131347656,1058.52685546875
2015-11-03,762.5198364257812,505.5610046386719,165.90830993652344,203.73248291015625,1069.501220703125
2015-11-04,751.281494140625,504.06976318359375,166.32943725585938,200.38327026367188,1065.44384765625
2015-11-05,754.6996459960938,503.2076721191406,167.0478515625,197.28683471679688,1043.935791015625
2015-11-06,750.3447875976562,503.6970520019531,167.3203887939453,200.61497497558594,1053.6490478515625
2015-11-09,764.5802001953125,496.1944885253906,169.97113037109375,202.4791717529297,1039.1842041015625
2015-11-10,747.1607055664062,491.4412536621094,166.84971618652344,194.3694610595703,1033.6334228515625
2015-11-13,749.5956420898438,490.25299072265625,163.4061737060547,196.53907775878906,1008.088134765625
2015-11-16,750.1107177734375,494.4002380371094,167.61764526367188,196.8023681640625,998.5017700195312
2015-11-17,756.3855590820312,494.3304443359375,172.96876525878906,195.42266845703125,1005.2086181640625
2015-11-18,769.5903930664062,488.645263671875,172.34939575195312,192.10507202148438,988.76708984375
2015-11-19,771.4166259765625,498.10498046875,174.43040466308594,196.89715576171875,993.4345703125
2015-11-20,776.5675659179688,499.0137023925781,170.664794921875,199.44593811035156,1008.4884033203125
2015-11-23,796.3283081054688,496.77691650390625,167.097412109375,200.89935302734375,1005.41845703125
2015-11-24,802.228271484375,495.9847412109375,166.4285430908203,203.8378143310547,995.7048950195312
2015-11-26,807.1451416015625,495.79827880859375,169.8472900390625,208.25076293945312,986.2861938476562
2015-11-27,804.5697631835938,502.998046875,170.61529541015625,206.22857666015625,989.5661010742188
2015-11-30,785.2772216796875,502.2291564941406,171.50709533691406,203.71142578125,998.0601806640625
2015-12-01,790.9901733398438,504.6756286621094,171.55665588378906,203.4586639404297,993.1609497070312
2015-12-02,794.6893310546875,502.2524719238281,173.11737060546875,205.9968719482422,994.5488891601562
2015-12-03,788.9298095703125,501.7631530761719,170.11978149414062,205.83889770507812,988.47265625
2015-12-04,781.7186279296875,493.445068359375,166.45330810546875,203.36383056640625,979.0745239257812
2015-12-07,816.135986328125,494.8663330078125,155.35479736328125,200.54124450683594,975.4585571289062
2015-12-08,806.1150512695312,488.9481506347656,155.9493408203125,198.19259643554688,979.3273315429688
2015-12-09,786.6820068359375,488.109375,157.2623748779297,192.9265594482422,995.5790405273438
2015-12-10,804.6634521484375,494.2373046875,159.1698760986328,200.1831512451172,1002.6852416992188
2015-12-11,803.9142456054688,487.5967712402344,159.04598999023438,200.7308349609375,1003.29541015625
2015-12-14,819.8820190429688,491.6510009765625,158.60012817382812,201.18370056152344,1000.1207275390625
2015-12-15,822.7852783203125,493.70123291015625,160.01217651367188,205.56507873535156,999.0270385742188
2015-12-16,811.5000610351562,497.35943603515625,158.17893981933594,206.1443328857422,1012.7139892578125
2015-12-17,820.4906005859375,503.39404296875,158.7982940673828,212.68475341796875,1025.8966064453125
2015-12-18,823.6281127929688,500.0157470703125,157.1136932373047,208.93531799316406,1016.2462768554688
2015-12-21,818.0557250976562,501.13409423828125,161.79588317871094,208.9774169921875,1028.69287109375
2015-12-22,825.0330200195312,496.9633483886719,158.67442321777344,207.96636962890625,1011.305419921875
2015-12-23,823.159912109375,500.5281677246094,159.2937774658203,211.44195556640625,1020.030517578125
2015-12-24,825.8289184570312,500.48162841796875,160.38381958007812,210.75735473632812,1023.5839233398438
2015-12-28,825.12646484375,501.9961242675781,161.6224822998047,212.83218383789062,1035.546875
2015-12-29,824.2366333007812,502.3222961425781,160.95355224609375,213.88540649414062,1032.6453857421875
2015-12-30,822.4105224609375,500.6214294433594,161.79588317871094,211.58941650390625,1016.877197265625
2015-12-31,827.4679565429688,504.2793884277344,162.41522216796875,213.7168731689453,1024.677001953125
2016-01-01,822.97265625,507.35504150390625,162.26658630371094,213.87486267089844,1016.0781860351562
2016-01-04,824.8923950195312,498.8506164550781,161.07745361328125,209.65150451660156,996.3990478515625
2016-01-05,843.4822998046875,495.0760803222656,160.95355224609375,211.726318359375,987.7159423828125
2016-01-06,830.136962890625,497.2662658691406,156.12271118164062,217.4241943359375,1001.44482421875
2016-01-07,816.9786987304688,492.1867980957031,153.39764404296875,213.43251037597656,997.0928955078125
2016-01-08,819.0859985351562,495.052734375,155.4043426513672,216.06556701660156,1008.1726684570312
2016-01-11,818.383544921875,493.3052062988281,156.59341430664062,221.51060485839844,993.3502807617188
2016-01-12,817.4937744140625,487.8763732910156,156.14752197265625,220.2151641845703,978.5069580078125
2016-01-13,813.4199829101562,494.0276184082031,156.44479370117188,226.82931518554688,958.3865966796875
2016-01-14,832.9466552734375,489.1811218261719,157.18801879882812,223.62754821777344,958.2183837890625
2016-01-15,823.4407348632812,485.6396179199219,155.5281982421875,226.08154296875,950.7756958007812
2016-01-18,796.3283081054688,478.0437927246094,156.27137756347656,214.19081115722656,957.734619140625
2016-01-19,791.8797607421875,482.68048095703125,155.60250854492188,219.8254852294922,958.4282836914062
2016-01-20,787.0100708007812,474.5255432128906,153.07557678222656,211.5999298095703,958.7650756835938
2016-01-21,790.849609375,476.7156982421875,151.81216430664062,207.31338500976562,950.292724609375
2016-01-22,814.7310180664062,480.11749267578125,152.97650146484375,211.51568603515625,967.6801147460938
2016-01-25,822.83203125,485.173583984375,153.29855346679688,211.4735565185547,971.4313354492188
2016-01-27,804.0546875,482.6106262207031,155.05747985839844,210.5045928955078,977.7962036132812
2016-01-28,804.4293212890625,480.7698974609375,157.83213806152344,214.20135498046875,982.6223754882812
2016-01-29,814.6842041015625,489.2278137207031,158.649658203125,218.0982208251953,1007.9555053710938
2016-02-01,831.073486328125,493.8411560058594,160.904052734375,217.02395629882812,1012.760498046875
2016-02-02,826.4845581054688,491.0684814453125,160.6562957763672,210.88377380371094,1010.8214721679688
2016-02-03,808.8778686523438,486.4317626953125,159.51673889160156,206.72360229492188,1018.4927978515625
2016-02-04,832.8995971679688,488.92486572265625,159.44241333007812,204.9647216796875,1020.0736694335938
2016-02-05,842.17138671875,491.7441101074219,160.50765991210938,204.51187133789062,1020.8743896484375
2016-02-08,832.197265625,482.7037353515625,156.1970672607422,202.43704223632812,996.00537109375
2016-02-09,828.0765380859375,478.13702392578125,154.7849884033203,201.68927001953125,961.6310424804688
2016-02-10,820.9121704101562,472.0324401855469,153.10037231445312,202.77403259277344,956.320068359375
2016-02-11,801.3856811523438,454.4876403808594,147.92269897460938,194.74859619140625,926.456298828125
2016-02-12,800.6362915039062,452.6702575683594,148.69070434570312,190.95704650878906,938.5326538085938
2016-02-15,804.1951293945312,453.6954040527344,150.4744110107422,199.4248504638672,956.4680786132812
2016-02-16,786.9630737304688,453.62554931640625,146.4115447998047,196.0124969482422,954.950439453125
2016-02-17,801.6664428710938,454.30126953125,148.56680297851562,200.6571044921875,959.1654052734375
2016-02-18,782.233642578125,461.0815124511719,151.34146118164062,198.0240936279297,976.152587890625
2016-02-19,800.448974609375,461.0115966796875,150.89553833007812,198.9193115234375,977.7540893554688
2016-02-22,815.5740966796875,460.7553405761719,148.56680297851562,202.7003173828125,976.1734619140625
2016-02-23,821.42724609375,452.0411682128906,145.56922912597656,200.03573608398438,954.2970581054688
2016-02-24,825.8289184570312,442.511474609375,142.497314453125,200.6676483154297,931.935791015625
2016-02-25,807.0048217773438,439.27276611328125,141.80364990234375,198.86666870117188,932.73681640625
2016-02-26,807.8007202148438,447.8238830566406,144.15713500976562,200.1831512451172,931.7461547851562
2016-02-29,792.3949584960938,452.87994384765625,146.48583984375,203.61660766601562,917.5414428710938
2016-03-01,816.6041259765625,458.61175537109375,161.20130920410156,206.7025146484375,959.629150390625
2016-03-02,816.510498046875,469.3529968261719,158.32760620117188,210.95748901367188,977.4166870117188
2016-03-03,824.3773803710938,473.3838195800781,157.6339569091797,213.34823608398438,1000.3047485351562
2016-03-04,810.8444213867188,475.573974609375,156.1722869873047,211.98960876464844,993.7291870117188
2016-03-08,820.1160278320312,472.5916442871094,158.67442321777344,216.32884216308594,992.359130859375
2016-03-09,820.58447265625,477.5545349121094,158.50100708007812,219.42527770996094,993.6024169921875
2016-03-10,837.956787109375,475.9002380371094,156.61822509765625,213.11656188964844,989.8306274414062
2016-03-11,841.328369140625,479.3719177246094,159.1946563720703,213.69581604003906,996.974609375
2016-03-14,842.264892578125,478.83599853515625,161.0526885986328,214.8016815185547,992.6543579101562
2016-03-15,828.4511108398438,478.43988037109375,156.81640625,214.95965576171875,982.0747680664062
2016-03-16,810.0015869140625,480.1874084472656,159.56626892089844,215.2229766845703,980.873046875
2016-03-17,817.1661376953125,474.5721435546875,160.35899353027344,218.88583374023438,991.4110717773438
2016-03-18,819.7882690429688,479.2320861816406,160.904052734375,221.29876708984375,1022.5180053710938
2016-03-21,805.0848999023438,487.24725341796875,164.2236785888672,223.47470092773438,1031.1173095703125
2016-03-22,799.1847534179688,491.09173583984375,160.1112823486328,225.74757385253906,1042.434814453125
2016-03-23,796.04736328125,488.9947509765625,160.6562957763672,221.7296142578125,1042.7296142578125
2016-03-28,791.7394409179688,488.132568359375,159.7644500732422,219.83377075195312,1042.56103515625
2016-03-29,801.7601928710938,491.0684814453125,158.550537109375,223.24847412109375,1040.8748779296875
2016-03-30,825.8758544921875,496.2642822265625,162.19227600097656,225.57521057128906,1049.3470458984375
2016-03-31,813.2794189453125,499.153564453125,162.63819885253906,225.17666625976562,1062.330078125
2016-04-01,814.7779541015625,496.03131103515625,166.50283813476562,222.86070251464844,1034.3416748046875
2016-04-04,829.9027709960938,498.1749572753906,163.85211181640625,222.9899444580078,1041.6546630859375
2016-04-05,814.6373291015625,492.7693786621094,161.746337890625,221.24490356445312,1038.0716552734375
2016-04-06,808.5031127929688,494.65667724609375,161.47384643554688,222.70989990234375,1046.14404296875
2016-04-07,803.7738037109375,491.8606262207031,158.27804565429688,223.46389770507812,1041.465087890625
2016-04-08,797.4990234375,493.6547546386719,159.1451416015625,223.27003479003906,1025.131591796875
2016-04-11,805.4126586914062,499.06024169921875,162.1427001953125,224.12100219726562,1056.5762939453125
2016-04-12,811.8746337890625,495.3556213378906,159.73968505859375,225.65061950683594,1061.423583984375
2016-04-13,818.8517456054688,504.0930480957031,164.1245880126953,229.66856384277344,1064.8165283203125
2016-04-18,829.0131225585938,506.9124755859375,166.18075561523438,229.38848876953125,1062.0977783203125
2016-04-20,829.5750732421875,511.5956115722656,166.23037719726562,223.47470092773438,1032.8455810546875
2016-04-21,832.7125244140625,508.4735107421875,163.48048400878906,224.30413818359375,1021.9071044921875
2016-04-22,816.2294311523438,508.9395446777344,161.42425537109375,223.8301544189453,1018.8089599609375
2016-04-25,807.0515747070312,509.45208740234375,159.02122497558594,219.07972717285156,1033.2244873046875
2016-04-26,821.2398681640625,519.0515747070312,162.217041015625,219.09048461914062,1049.4735107421875
2016-04-27,833.367919921875,523.8746948242188,165.26414489746094,219.6183319091797,1058.4517822265625
2016-04-28,817.68115234375,519.0982055664062,159.98741149902344,214.72787475585938,1065.469970703125
2016-04-29,811.265869140625,527.6725463867188,161.00315856933594,211.7117156982422,1068.73681640625
2016-05-02,809.9078979492188,520.8223876953125,159.120361328125,212.62734985351562,1065.0277099609375
2016-05-03,816.6510620117188,520.985595703125,156.59341430664062,210.22520446777344,1044.54248046875
2016-05-04,818.1494140625,525.342529296875,154.9088592529297,210.72068786621094,1044.4998779296875
2016-05-05,812.0150756835938,527.6493530273438,157.38616943359375,210.10670471191406,1041.254150390625
2016-05-06,832.6187133789062,521.75439453125,157.41098022460938,208.7494354248047,1042.56103515625
2016-05-09,849.0548095703125,531.8898315429688,160.92880249023438,211.79791259765625,1059.0633544921875
2016-05-10,841.328369140625,533.5208740234375,160.28469848632812,211.67941284179688,1063.425537109375
2016-05-11,850.225341796875,530.67822265625,157.55960083007812,210.13902282714844,1061.4869384765625
2016-05-12,869.8456420898438,535.47802734375,157.65870666503906,213.8876495361328,1081.67724609375
2016-05-13,883.7531127929688,531.6567993164062,158.22848510742188,210.73150634765625,1063.6365966796875
2016-05-16,892.1817626953125,541.8621826171875,163.20794677734375,210.25750732421875,1075.3333740234375
2016-05-17,908.102783203125,537.505126953125,163.7530059814453,208.7925262451172,1083.36328125
2016-05-18,902.1090087890625,531.5403442382812,164.84303283691406,209.0941619873047,1075.31201171875
2016-05-19,896.0684814453125,530.9113159179688,160.95355224609375,204.92538452148438,1077.7781982421875
2016-05-20,895.319091796875,531.6567993164062,163.67869567871094,201.262939453125,1066.1236572265625
2016-05-23,886.5157470703125,529.7229614257812,171.8539276123047,200.3581085205078,1050.169189453125
2016-05-24,895.5533447265625,531.2141723632812,172.44850158691406,202.60943603515625,1040.158447265625
2016-05-25,919.9030151367188,546.755126953125,176.4122314453125,204.92538452148438,1064.922119140625
2016-05-26,928.8937377929688,551.3919067382812,179.58326721191406,203.98826599121094,1074.3009033203125
2016-05-27,934.8872680664062,553.0462646484375,178.02255249023438,209.98822021484375,1084.39599609375
2016-05-30,922.3848266601562,549.7609252929688,179.88955688476562,208.69558715820312,1111.266845703125
2016-05-31,922.3378295898438,550.7627563476562,177.1394805908203,206.3580780029297,1083.0255126953125
2016-06-01,956.848876953125,547.6172485351562,182.36209106445312,205.4424591064453,1110.065673828125
2016-06-02,959.0498657226562,547.5241088867188,180.64646911621094,206.01339721679688,1117.062744140625
2016-06-03,960.2203979492188,546.032958984375,178.5775909423828,206.74586486816406,1108.379638671875
2016-06-06,961.1570434570312,545.7299194335938,179.4354248046875,205.70098876953125,1112.617431640625
2016-06-07,967.1975708007812,546.9415283203125,183.0432891845703,205.7548370361328,1120.5596923828125
2016-06-08,953.4305419921875,541.7689819335938,183.06854248046875,205.55018615722656,1112.872802734375
2016-06-09,935.4024658203125,540.2777709960938,178.6785125732422,209.22341918945312,1097.6046142578125
2016-06-10,929.0809326171875,541.1865844726562,176.962890625,210.4191131591797,1088.4486083984375
2016-06-13,931.7500610351562,537.2488403320312,176.5592041015625,211.36703491210938,1084.7216796875
2016-06-14,923.8831787109375,536.759521484375,178.2748565673828,210.32212829589844,1079.5478515625
2016-06-15,935.02783203125,545.0077514648438,181.4285888671875,212.12107849121094,1088.917236328125
2016-06-16,947.6913452148438,541.559326171875,179.0821990966797,210.3329315185547,1089.5345458984375
2016-06-17,941.1478881835938,545.2173461914062,181.5799560546875,210.0312957763672,1108.400634765625
2016-06-20,933.5215454101562,546.1727294921875,180.6716766357422,213.32752990722656,1132.5487060546875
2016-06-21,924.6241455078125,543.6563110351562,180.8987579345703,212.65966796875,1129.0985107421875
2016-06-22,927.8251953125,545.9163818359375,178.98129272460938,211.23779296875,1136.1046142578125
2016-06-23,926.5540771484375,554.5839233398438,181.7818145751953,211.2269744873047,1126.607421875
2016-06-24,931.6853637695312,541.4428100585938,178.6785125732422,204.979248046875,1096.1995849609375
2016-06-27,917.3270874023438,540.5341796875,181.12582397460938,205.8841094970703,1062.938232421875
2016-06-28,922.88232421875,543.796142578125,185.94473266601562,206.3472900390625,1049.3524169921875
2016-06-29,936.063720703125,548.8937377929688,184.83460998535156,208.3077850341797,1065.940673828125
2016-06-30,944.63134765625,552.7227172851562,185.894287109375,208.7925262451172,1087.3199462890625
2016-07-01,943.878173828125,551.8065795898438,191.0033721923828,209.7189178466797,1065.0675048828125
2016-07-04,941.9010009765625,551.0078735351562,185.3644561767578,212.57350158691406,1062.2353515625
2016-07-05,927.49560546875,547.6251220703125,184.34262084960938,213.95228576660156,1058.44482421875
2016-07-07,929.943603515625,557.0450439453125,186.9539794921875,212.83203125,1034.8089599609375
2016-07-08,951.5986328125,551.9710693359375,186.08352661132812,210.7853240966797,1033.4459228515625
2016-07-11,966.7573852539062,563.6694946289062,188.5812530517578,213.8230438232422,1049.437744140625
2016-07-12,960.7786254882812,564.797119140625,188.0135955810547,216.1713104248047,1049.7779541015625
2016-07-13,950.4688110351562,562.7299194335938,187.0296630859375,217.3238983154297,1061.7666015625
2016-07-14,958.09521484375,563.9514770507812,188.2406768798828,216.49447631835938,1074.0321044921875
2016-07-15,965.909912109375,574.9218139648438,188.35423278808594,218.06715393066406,1041.43115234375
2016-07-18,968.3578491210938,576.6837158203125,188.39205932617188,216.78530883789062,1036.363037109375
2016-07-19,970.4291381835938,572.4082641601562,188.50559997558594,219.2736358642578,1050.310791015625
2016-07-20,968.4049072265625,578.9152221679688,189.4138641357422,220.3939208984375,1062.5550537109375
2016-07-21,981.7274169921875,577.2239990234375,189.67877197265625,216.80686950683594,1067.281982421875
2016-07-22,985.8232421875,578.2575073242188,189.11111450195312,218.63807678222656,1071.13623046875
2016-07-25,1008.0430908203125,585.84521484375,190.5491943359375,220.34002685546875,1092.6353759765625
2016-07-26,998.7219848632812,582.0161743164062,190.5491943359375,220.62013244628906,1089.9237060546875
2016-07-27,999.710693359375,581.14697265625,187.25668334960938,218.26104736328125,1100.5767822265625
2016-07-28,1062.0396728515625,586.5499267578125,192.47930908203125,221.1156463623047,1118.3818359375
2016-07-29,1048.9996337890625,585.4927978515625,191.0790252685547,218.64886474609375,1118.4036865234375
2016-08-01,1055.3548583984375,583.6605834960938,189.67877197265625,217.48548889160156,1156.3839111328125
2016-08-02,1057.6617431640625,584.13037109375,197.39913940429688,218.19644165039062,1152.5198974609375
2016-08-03,1076.538818359375,582.7913208007812,191.26828002929688,214.1354217529297,1134.2021484375
2016-08-04,1061.38037109375,583.0498046875,190.8141326904297,213.93072509765625,1132.365966796875
2016-08-05,1076.491943359375,586.9259643554688,191.1547393798828,218.93971252441406,1131.127685546875
2016-08-08,1081.199462890625,587.0902099609375,189.18678283691406,221.7404022216797,1131.2984619140625
2016-08-09,1079.457763671875,585.962646484375,187.4459228515625,222.0527801513672,1131.5975341796875
2016-08-10,1063.87548828125,576.42529296875,186.5755157470703,216.22515869140625,1142.3572998046875
2016-08-11,1078.1395263671875,577.0595092773438,190.47352600097656,218.47650146484375,1157.088623046875
2016-08-12,1070.984130859375,577.2709350585938,192.32794189453125,223.15151977539062,1169.27880859375
2016-08-16,1063.5931396484375,576.6132202148438,193.08485412597656,220.80323791503906,1149.317138671875
2016-08-17,1048.434326171875,580.183837890625,192.02517700195312,218.3041534423828,1120.64501953125
2016-08-18,1042.59716796875,588.4527587890625,190.8519744873047,219.32748413085938,1126.623291015625
2016-08-19,1048.38720703125,585.915771484375,189.94369506835938,218.64886474609375,1111.656982421875
2016-08-22,1048.7642822265625,587.4191284179688,192.32794189453125,217.9917755126953,1088.258544921875
2016-08-23,1060.3917236328125,587.9593505859375,190.2843017578125,217.69015502929688,1110.611083984375
2016-08-24,1053.424560546875,592.8220825195312,189.4138641357422,219.8553009033203,1098.2286376953125
2016-08-25,1041.2318115234375,591.295166015625,191.8359375,218.17489624023438,1089.26171875
2016-08-26,1057.6141357421875,590.6138305664062,192.10084533691406,221.44955444335938,1078.117919921875
2016-08-29,1046.8338623046875,581.687255859375,191.34393310546875,227.81578063964844,1067.6986083984375
2016-08-30,1079.1751708984375,596.0404663085938,194.74998474121094,229.74395751953125,1086.3155517578125
2016-08-31,1090.191162109375,606.634765625,196.8314666748047,228.3651580810547,1072.289306640625
2016-09-01,1089.2965087890625,603.111083984375,197.55052185058594,221.7296142578125,1070.66650390625
2016-09-02,1099.27685546875,603.7689208984375,198.98861694335938,218.31492614746094,1073.78369140625
2016-09-06,1133.736572265625,610.957275390625,198.7615509033203,219.72605895996094,1060.654052734375
2016-09-07,1108.362548828125,604.5441284179688,198.9129180908203,219.24130249023438,1042.080078125
2016-09-08,1113.44677734375,605.7891845703125,200.50242614746094,222.63450622558594,991.5034790039062
2016-09-09,1103.2313232421875,606.259033203125,195.5069122314453,225.03660583496094,1004.4624633789062
2016-09-12,1087.0838623046875,601.3258666992188,190.92767333984375,225.45672607421875,1007.2806396484375
2016-09-14,1095.5577392578125,596.4161376953125,190.62489318847656,225.0797119140625,994.214599609375
2016-09-15,1104.9259033203125,601.1849365234375,193.6903533935547,229.44236755371094,993.5744018554688
2016-09-16,1087.6019287109375,609.7592163085938,197.0585479736328,231.7152099609375,1008.4119262695312
2016-09-19,1095.5577392578125,606.1414794921875,195.92320251464844,233.19094848632812,1029.6546630859375
2016-09-20,1096.923095703125,605.3428344726562,194.485107421875,231.42437744140625,1027.5411376953125
2016-09-21,1102.1488037109375,607.48046875,191.9873046875,231.0042724609375,1030.4871826171875
2016-09-22,1122.29736328125,614.0111083984375,193.19834899902344,234.6020965576172,1015.3720092773438
2016-09-23,1121.5438232421875,616.7360229492188,191.8359375,237.58590698242188,1023.9542236328125
2016-09-26,1113.8233642578125,608.9605102539062,187.74868774414062,238.5338592529297,1025.2349853515625
2016-09-27,1122.815185546875,609.8531494140625,186.08352661132812,239.24481201171875,1040.1798095703125
2016-09-28,1123.7093505859375,608.5374755859375,186.9160919189453,234.96835327148438,1034.607666015625
2016-09-29,1099.0887451171875,600.1983032226562,185.96998596191406,231.04736328125,1040.9056396484375
2016-09-30,1092.8272705078125,598.0136108398438,182.67747497558594,233.47103881835938,1037.9169921875
2016-10-03,1123.238525390625,604.755615234375,183.39651489257812,234.9791259765625,1029.7613525390625
2016-10-04,1122.815185546875,605.8596801757812,182.5639190673828,236.19635009765625,1026.9644775390625
2016-10-05,1138.0675048828125,604.2387084960938,181.80703735351562,234.69903564453125,1018.9371948242188
2016-10-06,1138.773681640625,602.2890014648438,179.68771362304688,239.30946350097656,1019.9617919921875
2016-10-07,1115.3297119140625,601.6547241210938,180.86090087890625,238.92164611816406,1011.016845703125
2016-10-10,1141.7396240234375,603.4165649414062,181.73135375976562,236.19635009765625,1016.3541259765625
2016-10-13,1145.45849609375,593.2684326171875,180.86090087890625,227.7511444091797,994.4070434570312
2016-10-14,1135.2431640625,592.8220825195312,181.5799560546875,232.1676483154297,1010.333740234375
2016-10-17,1113.1641845703125,581.4993286132812,182.10980224609375,228.5051727294922,1008.7322387695312
2016-10-18,1105.8204345703125,590.9662475585938,186.15919494628906,232.91090393066406,1024.8509521484375
2016-10-19,1100.924560546875,591.2012329101562,181.23934936523438,234.25738525390625,1022.6736450195312
2016-10-20,1097.582275390625,589.8623046875,181.16366577148438,234.3004913330078,1025.257080078125
2016-10-21,1086.0484619140625,597.0035400390625,181.76919555664062,229.26998901367188,1036.998779296875
2016-10-24,1061.5687255859375,593.644287109375,182.67747497558594,229.0760955810547,1039.375
2016-10-25,1073.1024169921875,587.4191284179688,180.70953369140625,228.5482635498047,1026.85205078125
2016-10-26,1057.426025390625,582.2510986328125,180.70953369140625,227.0832977294922,1025.910400390625
2016-10-27,1021.9775390625,588.2647705078125,184.00205993652344,225.93067932128906,1035.264892578125
2016-10-28,1007.3369140625,591.5301513671875,184.00205993652344,227.2771759033203,1026.958984375
2016-11-01,1016.256591796875,591.8824462890625,181.6177978515625,226.4261932373047,1006.1090087890625
2016-11-02,1003.089599609375,585.4692993164062,179.61203002929688,220.55548095703125,986.4365844726562
2016-11-03,978.9266967773438,589.6036987304688,181.88272094726562,220.5985565185547,993.0297241210938
2016-11-04,984.4955444335938,584.3181762695312,188.50559997558594,216.634521484375,997.7820434570312
2016-11-07,979.1153564453125,587.019775390625,194.1444854736328,215.68658447265625,974.876953125
2016-11-08,997.6622924804688,589.2984619140625,193.46327209472656,216.19284057617188,977.5096435546875
2016-11-09,991.9520263671875,587.8654174804688,187.82437133789062,216.42982482910156,928.9813232421875
2016-11-10,954.5279541015625,600.6915893554688,190.01937866210938,217.6793670654297,922.8162231445312
2016-11-11,908.2786254882812,599.399658203125,183.88848876953125,215.81582641601562,899.5685424804688
2016-11-15,840.7925415039062,589.5098876953125,179.76341247558594,212.29339599609375,908.1954956054688
2016-11-16,883.1719360351562,584.6236572265625,174.7678680419922,212.54115295410156,937.436767578125
2016-11-17,866.8903198242188,577.9756469726562,175.22203063964844,210.6453094482422,915.0027465820312
2016-11-18,857.2156982421875,569.1429443359375,172.45936584472656,212.74583435058594,909.8221435546875
2016-11-21,849.4761962890625,563.17626953125,169.6966552734375,213.60760498046875,913.161865234375
2016-11-22,856.7908935546875,562.870849609375,171.134765625,215.75120544433594,914.060791015625
2016-11-23,889.1654052734375,556.6222534179688,170.03726196289062,217.37777709960938,923.2015380859375
2016-11-24,883.54931640625,547.578125,169.16680908203125,212.71351623535156,936.944580078125
2016-11-25,892.37451171875,558.7599487304688,173.17840576171875,214.08154296875,984.8524780273438
2016-11-28,883.54931640625,556.4813232421875,176.88719177246094,212.56268310546875,977.2529296875
2016-11-29,904.7391967773438,553.8032836914062,174.8814239501953,214.94329833984375,967.51318359375
2016-11-30,915.4520874023438,563.5991821289062,175.97889709472656,213.29519653320312,974.4486083984375
2016-12-01,886.4282836914062,562.4950561523438,176.73582458496094,214.95408630371094,969.0543212890625
2016-12-02,854.0536499023438,558.6659545898438,172.95130920410156,214.30775451660156,951.243896484375
2016-12-05,885.012451171875,562.0722045898438,176.01678466796875,214.11386108398438,935.8954467773438
2016-12-06,881.7090454101562,561.1795043945312,174.23805236816406,216.55909729003906,934.3328247070312
2016-12-07,879.8682861328125,555.1422729492188,171.9673309326172,215.25567626953125,922.430908203125
2016-12-08,883.5966796875,563.5521850585938,176.5844268798828,219.75839233398438,940.069580078125
2016-12-09,888.8822631835938,562.9883422851562,178.7415771484375,221.67578125,939.855712890625
2016-12-12,859.1506958007812,556.4813232421875,175.8275604248047,221.29876708984375,945.39990234375
2016-12-13,855.8471069335938,557.3270874023438,178.36312866210938,224.01327514648438,942.01806640625
2016-12-14,863.0203857421875,552.3703002929688,176.47091674804688,228.2574462890625,945.1431274414062
2016-12-15,852.3075561523438,552.7931518554688,173.85960388183594,226.84629821777344,967.2778930664062
2016-12-16,849.3816528320312,555.4711303710938,171.32400512695312,227.7511444091797,977.274658203125
2016-12-19,829.0888061523438,552.8637084960938,171.8159637451172,228.91452026367188,979.9505004882812
2016-12-20,817.1014404296875,555.2832641601562,174.048828125,227.9127197265625,1001.5281982421875
2016-12-21,816.9598388671875,554.390625,171.28614807128906,229.06533813476562,990.5250244140625
2016-12-22,821.4432983398438,551.1488647460938,172.23226928710938,226.9324951171875,987.998779296875
2016-12-23,824.9354858398438,557.3270874023438,170.0751190185547,227.78346252441406,979.6078491210938
2016-12-26,819.0836791992188,552.0414428710938,170.3021697998047,225.661376953125,981.7483520507812
2016-12-27,826.8232421875,556.833740234375,177.15211486816406,229.37770080566406,994.7206420898438
2016-12-28,826.5401611328125,557.5619506835938,178.21176147460938,226.14613342285156,990.4395141601562
2016-12-29,830.6460571289062,566.2301025390625,178.6280517578125,229.5392608642578,1006.8372802734375
2016-12-30,841.0285034179688,566.6998901367188,182.90455627441406,233.19094848632812,1012.7662353515625
2017-01-02,853.8651123046875,562.4246215820312,182.3747100830078,233.77267456054688,1010.968505859375
2017-01-03,846.266845703125,559.0418701171875,184.19126892089844,234.69903564453125,1013.9225463867188
2017-01-04,855.70556640625,556.9746704101562,185.78074645996094,229.90554809570312,1018.7391967773438
2017-01-05,865.0497436523438,557.303466796875,186.7647247314453,232.11376953125,999.4304809570312
2017-01-06,877.3200073242188,560.8037719726562,183.69927978515625,231.5859375,976.7391967773438
2017-01-09,859.0089721679688,561.5319213867188,186.08352661132812,232.17840576171875,986.286376953125
2017-01-10,871.7512817382812,570.5289916992188,188.4298858642578,234.79600524902344,991.2743530273438
2017-01-11,882.1807861328125,579.760986328125,187.37022399902344,233.97732543945312,995.148681640625
2017-01-12,881.142578125,580.2308349609375,185.1752471923828,233.38490295410156,1003.6903686523438
2017-01-13,880.8594360351562,579.0562744140625,188.959716796875,234.9144744873047,962.9961547851562
2017-01-16,882.7471923828125,586.174072265625,188.31634521484375,231.86605834960938,966.9566650390625
2017-01-17,906.2493896484375,581.875244140625,190.70059204101562,224.32566833496094,975.6046752929688
2017-01-18,909.26953125,583.8014526367188,189.86802673339844,222.45135498046875,982.604736328125
2017-01-19,908.6560668945312,580.8417358398438,192.36573791503906,222.69911193847656,980.8490600585938
2017-01-20,912.9036254882812,580.8651123046875,193.3118896484375,220.99713134765625,978.43017578125
2017-01-23,910.5439453125,584.7646484375,196.52871704101562,218.86427307128906,990.3878173828125
2017-01-24,918.8026733398438,595.5235595703125,196.68008422851562,221.3203125,995.3899536132812
2017-01-25,922.8140258789062,606.3529052734375,200.9565887451172,219.1659393310547,1010.266845703125
2017-01-27,915.1687622070312,606.9637451171875,194.82568359375,220.84632873535156,1012.327392578125
2017-01-30,918.566650390625,603.698486328125,193.8417205810547,225.09048461914062,1001.6366577148438
2017-01-31,916.2070922851562,604.4971923828125,195.35552978515625,225.17666625976562,957.3705444335938
2017-02-01,935.367431640625,613.447265625,204.13555908203125,226.13536071777344,930.793701171875
2017-02-02,933.479736328125,610.158447265625,207.61727905273438,224.81039428710938,947.8604736328125
2017-02-03,930.5538330078125,615.9608764648438,206.67117309570312,222.6883544921875,958.5513305664062
2017-02-06,936.7833251953125,617.393798828125,209.509521484375,224.41183471679688,962.0720825195312
2017-02-07,943.2013549804688,614.1285400390625,209.73660278320312,222.09585571289062,963.7252807617188
2017-02-08,941.6914672851562,613.4237670898438,207.99569702148438,220.85711669921875,975.0387573242188
2017-02-09,946.5520629882812,609.6651611328125,210.1529083251953,222.4944305419922,994.9389038085938
2017-02-10,937.3023681640625,612.460693359375,206.89822387695312,221.93429565429688,1029.5665283203125
2017-02-13,929.4683837890625,615.5614624023438,204.81674194335938,221.8696746826172,1036.56494140625
2017-02-14,925.7400512695312,615.9842529296875,204.96812438964844,226.16766357421875,1033.130126953125
2017-02-15,926.5894775390625,621.1994018554688,206.93609619140625,226.49082946777344,1036.32861328125
2017-02-16,915.4520874023438,623.8773193359375,201.8269805908203,229.9809112548828,1050.9478759765625
2017-02-17,906.8627319335938,646.9691162109375,202.9623565673828,231.70445251464844,1033.83837890625
2017-02-20,920.9736328125,662.0269775390625,201.37283325195312,231.68292236328125,1074.326416015625
2017-02-21,935.8394775390625,665.0573120117188,199.1778564453125,234.4405059814453,1058.504638671875
2017-02-22,963.0225830078125,657.3521728515625,199.40493774414062,260.1423645019531,1035.3839111328125
2017-02-23,952.3569946289062,655.0736694335938,201.07009887695312,254.810302734375,1065.5677490234375
2017-02-27,945.7027587890625,654.7447509765625,200.2753448486328,266.90716552734375,1069.0240478515625
2017-02-28,966.7037353515625,653.100341796875,198.45883178710938,266.7240295410156,1058.89111328125
2017-03-01,974.773681640625,653.8285522460938,203.2272186279297,265.959228515625,1064.601318359375
2017-03-02,970.9983520507812,648.4020385742188,200.38890075683594,266.4440002441406,1074.00439453125
2017-03-03,956.7930908203125,646.945556640625,197.96678161621094,271.1404724121094,1070.827392578125
2017-03-06,971.6116333007812,648.70751953125,199.8968963623047,281.2230224609375,1061.5745849609375
2017-03-07,966.4676513671875,651.2679443359375,200.0104217529297,281.1368408203125,1073.2960205078125
2017-03-08,965.1463012695312,654.0870361328125,199.9347686767578,278.17462158203125,1078.6199951171875
2017-03-09,973.21630859375,655.0265502929688,200.540283203125,277.2159118652344,1081.861328125
2017-03-10,972.4139404296875,657.7984619140625,199.40493774414062,276.1171569824219,1091.521728515625
2017-03-14,1011.2539672851562,662.7786865234375,202.16761779785156,277.8083190917969,1102.3631591796875
2017-03-15,1004.3164672851562,665.550537109375,203.00021362304688,281.1368408203125,1072.6519775390625
2017-03-16,1026.497802734375,665.9029541015625,203.18942260742188,279.564208984375,1082.354736328125
2017-03-17,1018.8521728515625,669.896484375,212.8777618408203,280.2212829589844,1084.4378662109375
2017-03-20,1019.0880126953125,674.7120971679688,213.3697052001953,275.9340515136719,1064.794921875
2017-03-21,1008.7052612304688,676.9907836914062,217.91110229492188,272.2716369628906,1067.67138671875
2017-03-22,998.4647827148438,672.2691040039062,211.81805419921875,271.3882751464844,1064.34375
2017-03-23,1002.0040283203125,672.2691040039062,210.11502075195312,274.3182678222656,1056.3580322265625
2017-03-24,1004.5055541992188,669.1918334960938,212.6885223388672,277.2159118652344,1042.1248779296875
2017-03-27,984.3539428710938,662.3792724609375,213.14260864257812,269.5355224609375,1035.6199951171875
2017-03-28,998.4647827148438,667.2418823242188,212.31005859375,268.3829040527344,1043.3055419921875
2017-03-29,1008.13916015625,671.1884765625,214.35365295410156,270.731201171875,1049.5953369140625
2017-03-30,1010.0270385742188,688.853759765625,214.0131072998047,273.74737548828125,1048.0498046875
2017-03-31,1013.2362670898438,677.7424926757812,212.15869140625,284.5731201171875,1044.10009765625
2017-04-03,1028.668212890625,673.3496704101562,213.10476684570312,296.1529541015625,1035.469970703125
2017-04-05,1021.778076171875,672.9502563476562,211.1368408203125,304.84588623046875,1030.9837646484375
2017-04-06,1025.8837890625,675.8396606445312,207.4658966064453,309.9087219238281,1030.4678955078125
2017-04-07,1022.1555786132812,676.0042114257812,206.368408203125,303.0362548828125,1042.919189453125
2017-04-10,999.7388916015625,673.7960205078125,207.0496063232422,297.596435546875,1039.999267578125
2017-04-11,1012.2919311523438,676.3095703125,213.4832305908203,295.657470703125,1038.7330322265625
2017-04-12,1010.3571166992188,678.2827758789062,213.3697052001953,291.7041931152344,1027.548095703125
2017-04-13,1017.7664184570312,676.6854858398438,211.28823852539062,294.03094482421875,999.81201171875
2017-04-17,999.8805541992188,675.0410766601562,211.25039672851562,299.8585510253906,993.88671875
2017-04-18,982.0414428710938,679.9742431640625,211.2125244140625,295.19427490234375,991.2896728515625
2017-04-19,990.0169677734375,680.7728271484375,210.94766235351562,294.8926086425781,987.1463012695312
2017-04-20,999.3613891601562,686.9510498046875,211.55316162109375,295.0542297363281,998.4596557617188
2017-04-21,1005.6378784179688,703.1364135742188,207.65513610839844,302.1529846191406,992.1482543945312
2017-04-24,1009.8854370117188,720.261474609375,209.47169494628906,305.3629455566406,999.575927734375
2017-04-25,1036.266357421875,722.1408081054688,212.91554260253906,308.6807556152344,992.448974609375
2017-04-26,1042.637451171875,728.5303344726562,220.1817626953125,305.1583251953125,991.9552001953125
2017-04-27,1043.298095703125,736.9636840820312,216.3215789794922,303.6610107421875,988.6490478515625
2017-04-28,1057.55029296875,726.58056640625,210.41778564453125,300.58026123046875,975.9832153320312
2017-05-02,1049.6689453125,723.8086547851562,211.32603454589844,295.2696533203125,983.1749877929688
2017-05-03,1056.0875244140625,725.5469970703125,209.8501434326172,295.1727600097656,1003.5260009765625
2017-05-04,1069.0184326171875,721.0836181640625,212.83985900878906,292.55517578125,1000.4346923828125
2017-05-05,1082.4208984375,719.8621215820312,209.77442932128906,286.1566162109375,996.3131103515625
2017-05-08,1101.817626953125,721.0836181640625,206.595458984375,284.68084716796875,1005.7368774414062
2017-05-09,1099.882568359375,721.5299682617188,205.4979705810547,286.6090393066406,1010.0738525390625
2017-05-10,1093.27587890625,729.0706176757812,207.35235595703125,292.80291748046875,1001.4435424804688
2017-05-11,1100.968017578125,726.5336303710938,209.39598083496094,292.89984130859375,1008.7423706054688
2017-05-12,1069.348876953125,729.0001220703125,208.10928344726562,290.9393615722656,1013.5512084960938
2017-05-15,1083.60107421875,729.8223266601562,210.37994384765625,289.5712890625,1015.4620361328125
2017-05-16,1078.693115234375,732.7586059570312,214.5428924560547,292.1996765136719,1042.9619140625
2017-05-17,1090.11376953125,731.5841674804688,213.1804962158203,291.5102844238281,1054.2113037109375
2017-05-18,1086.7158203125,731.5606689453125,210.3421173095703,285.96270751953125,1088.9244384765625
2017-05-19,1060.0987548828125,733.5103759765625,216.6243896484375,284.1315002441406,1076.451416015625
2017-05-22,1050.0941162109375,740.4403076171875,229.7943878173828,285.2733154296875,1086.841796875
2017-05-23,1037.2100830078125,737.198486328125,227.18307495117188,281.2661437988281,1082.6988525390625
2017-05-24,1029.942626953125,736.094482421875,226.99386596679688,279.574951171875,1098.778076171875
2017-05-25,1050.70751953125,759.7734985351562,227.1073760986328,280.5982666015625,1126.879150390625
2017-05-26,1068.876953125,763.931396484375,233.95730590820312,288.1063232421875,1106.9786376953125
2017-05-29,1082.1851806640625,766.7034912109375,239.06640625,292.3289794921875,1104.6602783203125
2017-05-30,1094.3609619140625,765.3644409179688,235.73605346679688,292.8568115234375,1095.321533203125
2017-05-31,1086.573974609375,768.7236328125,236.0009765625,288.8388366699219,1093.3895263671875
2017-06-01,1095.304931640625,765.1529541015625,237.81756591796875,286.1566162109375,1096.39501953125
2017-06-02,1098.9388427734375,767.8074951171875,241.60202026367188,285.4025573730469,1101.246826171875
2017-06-05,1096.3431396484375,768.4182739257812,243.90701293945312,286.3935546875,1118.01318359375
2017-06-06,1088.4146728515625,770.0155639648438,238.98971557617188,282.8280944824219,1157.53466796875
2017-06-07,1096.2958984375,770.8848266601562,239.91172790527344,288.4725646972656,1122.8646240234375
2017-06-08,1079.117919921875,772.7406616210938,239.4122772216797,286.89984130859375,1082.655517578125
2017-06-09,1090.868896484375,783.1002197265625,235.10960388183594,287.7615966796875,1076.3870849609375
2017-06-12,1086.102294921875,784.016357421875,233.88026428222656,284.2607421875,1067.885986328125
2017-06-13,1085.158447265625,787.7514038085938,234.53338623046875,283.1619873046875,1064.347412109375
2017-06-14,1085.0640869140625,785.1674194335938,230.3843994140625,292.4582214355469,1072.4444580078125
2017-06-15,1078.16162109375,781.9491577148438,231.95944213867188,298.15655517578125,1046.8297119140625
2017-06-16,1082.9837646484375,784.2512817382812,235.7242889404297,299.2014465332031,1041.8367919921875
2017-06-19,1091.2572021484375,795.3626708984375,238.8744659423828,303.60711669921875,1055.7298583984375
2017-06-20,1086.81298828125,792.3792114257812,237.18409729003906,304.2750244140625,1061.5042724609375
2017-06-21,1092.4388427734375,798.0874633789062,237.37620544433594,306.3540344238281,1044.7022705078125
2017-06-22,1099.1993408203125,797.7586669921875,239.1818084716797,308.64837646484375,1039.731201171875
2017-06-23,1090.7843017578125,788.6676635742188,238.95127868652344,309.3377990722656,1025.338623046875
2017-06-27,1072.34716796875,783.4996337890625,239.98855590820312,309.6178894042969,1017.1552734375
2017-06-28,1048.70947265625,782.9357299804688,236.91517639160156,301.2912292480469,1020.2810668945312
2017-06-29,1044.35986328125,786.5301513671875,239.4122772216797,300.0416259765625,1012.9871826171875
2017-06-30,1042.84716796875,781.3278198242188,248.67066955566406,297.3055725097656,1025.621337890625
2017-07-03,1059.204345703125,784.425537109375,263.15374755859375,297.5317687988281,1030.5054931640625
2017-07-04,1048.1419677734375,781.9425659179688,259.1199951171875,306.3432312011719,1027.5750732421875
2017-07-05,1065.2554931640625,779.7670288085938,254.35635375976562,310.80279541015625,1022.8643798828125
2017-07-06,1070.4559326171875,784.2127075195312,259.0047607421875,310.7812805175781,1019.1961059570312
2017-07-07,1054.6656494140625,788.4928588867188,256.8533935546875,321.2515563964844,1012.4224853515625
2017-07-10,1066.2957763671875,792.8203125,256.0850830078125,321.6178283691406,1057.1407470703125
2017-07-11,1070.07763671875,794.7357788085938,253.85693359375,321.94097900390625,1074.8760986328125
2017-07-12,1071.921630859375,795.1377563476562,252.66600036621094,325.5496520996094,1059.094482421875
2017-07-13,1064.168212890625,796.2255249023438,260.2725524902344,330.52618408203125,1062.1116943359375
2017-07-14,1056.4622802734375,794.52294921875,259.0431823730469,333.0560607910156,1040.85986328125
2017-07-17,1064.1209716796875,795.6580200195312,249.8231964111328,336.9647521972656,1039.991455078125
2017-07-18,1084.11865234375,796.2255249023438,218.62884521484375,330.0484313964844,1045.59228515625
2017-07-19,1092.8643798828125,800.3638305664062,223.93035888671875,332.8822937011719,1063.501220703125
2017-07-20,1092.5810546875,809.1605834960938,222.43214416503906,332.00286865234375,1061.373779296875
2017-07-21,1093.10107421875,805.4478759765625,221.97109985351562,344.1850891113281,1081.561767578125
2017-07-24,1092.77001953125,820.6057739257812,225.31341552734375,350.7538757324219,1101.8067626953125
2017-07-25,1087.427734375,822.7577514648438,223.89198303222656,347.9092102050781,1119.5699462890625
2017-07-26,1072.205078125,826.4939575195312,225.62069702148438,352.3824768066406,1112.82177734375
2017-07-27,1086.1988525390625,846.4049682617188,221.70220947265625,346.3131408691406,1080.473388671875
2017-07-28,1090.4061279296875,841.1315307617188,224.00723266601562,346.23712158203125,1081.605712890625
2017-07-31,1098.3955078125,843.9219970703125,219.16673278808594,350.74298095703125,1084.8707275390625
2017-08-01,1085.6314697265625,849.9755859375,221.1643829345703,348.22406005859375,1089.1591796875
2017-08-02,1082.1328125,847.3508911132812,219.32040405273438,353.78314208984375,1077.033935546875
2017-08-03,1083.6456298828125,841.8173217773438,216.20864868164062,358.32159423828125,1083.8477783203125
2017-08-04,1094.2353515625,846.6887817382812,215.709228515625,352.252197265625,1098.3673095703125
2017-08-07,1087.00244140625,845.884765625,215.01773071289062,350.99273681640625,1089.94287109375
2017-08-08,1084.82763671875,840.8478393554688,210.6382598876953,347.9960632324219,1089.768798828125
2017-08-09,1092.5810546875,834.4866943359375,209.63941955566406,347.1817321777344,1093.6650390625
2017-08-10,1088.373046875,832.5949096679688,209.8314971923828,344.04388427734375,1093.426025390625
2017-08-11,1081.565673828125,827.2033081054688,208.60215759277344,335.7703857421875,1086.7213134765625
2017-08-14,1091.115234375,831.0577392578125,208.41006469726562,341.5900573730469,1075.1181640625
2017-08-16,1079.107177734375,842.4322509765625,214.51829528808594,340.0809020996094,1085.1104736328125
2017-08-17,1073.103271484375,834.93603515625,215.13296508789062,340.2980041503906,1082.1929931640625
2017-08-18,1077.8780517578125,828.6694946289062,216.55442810058594,342.1003723144531,1094.448974609375
2017-08-21,1072.6307373046875,824.4366455078125,216.36231994628906,339.71173095703125,1100.97998046875
2017-08-22,1067.903076171875,826.23388671875,217.36114501953125,338.7670593261719,1087.374267578125
2017-08-23,1079.107177734375,838.2702026367188,217.09219360351562,343.54443359375,1083.8477783203125
2017-08-24,1073.7178955078125,833.564453125,216.2470703125,340.5043029785156,1086.9605712890625
2017-08-28,1092.91162109375,833.4462280273438,217.01541137695312,340.17864990234375,1082.9111328125
2017-08-29,1088.9405517578125,825.8318481445312,215.3250732421875,332.7085876464844,1075.74951171875
2017-08-30,1090.5006103515625,836.4258422851562,216.66961669921875,339.6466064453125,1081.714111328125
2017-08-31,1104.8724365234375,840.1620483398438,216.86170959472656,346.2479248046875,1086.8515625
2017-09-01,1149.64208984375,835.9763793945312,217.89898681640625,349.6355285644531,1069.4798583984375
2017-09-04,1131.8193359375,828.0783081054688,217.5148468017578,350.34124755859375,1069.371337890625
2017-09-05,1140.612548828125,830.1829223632812,217.32272338867188,354.5214538574219,1081.626953125
2017-09-06,1140.3289794921875,832.3348388671875,211.82916259765625,357.30096435546875,1068.06494140625
2017-09-07,1133.3321533203125,835.4799194335938,207.75694274902344,355.30316162109375,1071.0692138671875
2017-09-08,1138.3433837890625,845.4590454101562,209.25523376464844,354.7820129394531,1075.64111328125
2017-09-11,1170.584716796875,862.3430786132812,210.2156524658203,355.21630859375,1068.6094970703125
2017-09-12,1187.887939453125,867.947509765625,213.32740783691406,357.75701904296875,1083.4119873046875
2017-09-13,1186.5640869140625,871.0925903320312,208.60215759277344,368.72314453125,1083.73876953125
2017-09-14,1178.1492919921875,869.9338989257812,208.98631286621094,366.4864501953125,1082.7589111328125
2017-09-15,1177.629150390625,874.4505004882812,206.91183471679688,365.59619140625,1091.0753173828125
2017-09-18,1187.509521484375,879.8893432617188,205.14468383789062,367.22479248046875,1088.0272216796875
2017-09-19,1185.004150390625,874.8052368164062,205.79774475097656,364.2063903808594,1087.6783447265625
2017-09-20,1169.8759765625,874.4031982421875,208.64059448242188,367.9197082519531,1085.6324462890625
2017-09-21,1162.1229248046875,869.7920532226562,207.10389709472656,365.4007263183594,1099.28173828125
2017-09-22,1147.1368408203125,862.6978149414062,206.25877380371094,354.99920654296875,1090.0079345703125
2017-09-25,1131.7247314453125,851.1815795898438,201.4950714111328,356.801513671875,1093.12109375
2017-09-26,1110.025390625,847.6582641601562,201.6487579345703,356.1718444824219,1077.404052734375
2017-09-27,1096.788330078125,840.1856689453125,198.6138458251953,347.0731201171875,1086.263671875
2017-09-28,1068.4229736328125,849.0770874023438,200.95724487304688,341.5574951171875,1078.1876220703125
2017-09-29,1070.030517578125,853.9956665039062,198.4601593017578,339.14715576171875,1060.5545654296875
2017-10-03,1086.1988525390625,855.4854125976562,200.84197998046875,346.7257080078125,1065.9971923828125
2017-10-04,1091.16259765625,849.8810424804688,205.4519805908203,355.62890625,1063.3194580078125
2017-10-05,1090.4061279296875,850.6377563476562,203.80007934570312,357.9307556152344,1057.7904052734375
2017-10-06,1094.2353515625,851.34716796875,204.49159240722656,363.53326416015625,1065.21337890625
2017-10-09,1095.46435546875,849.171630859375,205.91297912597656,360.75372314453125,1068.45703125
2017-10-10,1099.6246337890625,852.5767822265625,204.52999877929688,366.20416259765625,1070.69921875
2017-10-11,1097.35546875,846.6414184570312,203.9153289794922,364.87957763671875,1088.59326171875
2017-10-12,1095.6539306640625,860.1912231445312,205.14468383789062,379.037841796875,1109.4261474609375
2017-10-13,1110.2618408203125,875.3255004882812,204.33792114257812,380.644775390625,1113.9541015625
2017-10-16,1107.23583984375,878.3286743164062,205.52882385253906,380.7967834472656,1125.1865234375
2017-10-17,1131.9141845703125,875.5382690429688,205.33673095703125,379.73272705078125,1129.605712890625
2017-10-18,1115.367431640625,883.6965942382812,207.71859741210938,397.16998291015625,1126.14453125
2017-10-19,1114.2801513671875,874.1904296875,207.18072509765625,395.1722106933594,1124.96875
2017-10-23,1110.167236328125,881.2372436523438,205.18309020996094,408.1361083984375,1126.7103271484375
2017-10-24,1156.2606201171875,883.0344848632812,205.14468383789062,405.7474365234375,1122.5743408203125
2017-10-25,1136.2158203125,848.9824829101562,206.87344360351562,408.2012634277344,1117.5538330078125
2017-10-26,1126.2408447265625,849.1006469726562,206.2203369140625,411.4585266113281,1108.3641357421875
2017-10-27,1120.0006103515625,847.0670776367188,206.95025634765625,403.8365478515625,1128.2060546875
2017-10-30,1118.109375,858.39404296875,203.7232208251953,409.3304443359375,1142.132080078125
2017-10-31,1119.009765625,855.3200073242188,204.14584350585938,408.61383056640625,1145.537353515625
2017-11-01,1114.365966796875,861.3262329101562,207.3344268798828,413.6952209472656,1136.30419921875
2017-11-02,1116.6881103515625,861.751953125,204.10740661621094,411.1110534667969,1146.4757080078125
2017-11-03,1111.0498046875,865.8193359375,203.9153289794922,410.5465393066406,1143.834716796875
2017-11-06,1101.478515625,864.8259887695312,203.5311737060547,404.9874572753906,1163.6768798828125
2017-11-07,1081.673095703125,862.5086059570312,203.8385009765625,393.7823791503906,1183.1033935546875
2017-11-08,1110.8126220703125,863.57275390625,203.9153289794922,385.5740966796875,1193.995849609375
2017-11-09,1132.987060546875,864.471435546875,199.8047637939453,391.0897216796875,1194.60693359375
2017-11-10,1116.877197265625,861.7046508789062,201.07254028320312,383.8586120605469,1182.5360107421875
2017-11-13,1113.4185791015625,857.7083129882812,198.4601593017578,380.12359619140625,1204.450927734375
2017-11-14,1094.560791015625,852.4113159179688,197.11558532714844,385.0963439941406,1185.0902099609375
2017-11-15,1119.673095703125,851.4180908203125,194.6185302734375,383.79345703125,1181.0296630859375
2017-11-16,1117.77783203125,854.9415283203125,196.00152587890625,392.544677734375,1199.0816650390625
2017-11-17,1109.9598388671875,863.3836669921875,198.22967529296875,396.04083251953125,1181.90283203125
2017-11-20,1105.2689208984375,869.3427124023438,199.1516876220703,399.92779541015625,1180.2222900390625
2017-11-21,1099.535888671875,873.173583984375,196.53933715820312,405.0091247558594,1166.906982421875
2017-11-22,1112.802734375,877.4301147460938,198.3449249267578,404.2274475097656,1170.2685546875
2017-11-23,1098.87255859375,871.5654907226562,198.3449249267578,411.2848205566406,1170.5302734375
2017-11-24,1098.87255859375,875.609130859375,200.34259033203125,413.06549072265625,1173.4993896484375
2017-11-27,1095.9349365234375,878.5178833007812,199.19009399414062,413.17401123046875,1172.5386962890625
2017-11-28,1109.675537109375,882.2067260742188,197.4613494873047,409.6996154785156,1172.298583984375
2017-11-29,1093.423583984375,885.9666748046875,198.26806640625,410.85052490234375,1160.446044921875
2017-11-30,1086.6953125,876.697021484375,196.73141479492188,400.2318420410156,1151.212646484375
2017-12-01,1074.376220703125,874.0958251953125,196.0783233642578,395.2590637207031,1148.134765625
2017-12-04,1062.2943115234375,867.42724609375,196.00152587890625,391.5674743652344,1149.1826171875
2017-12-05,1056.6082763671875,860.9715576171875,195.04110717773438,396.822509765625,1150.5797119140625
2017-12-06,1046.5159912109375,852.860595703125,193.3123779296875,402.44677734375,1149.597412109375
2017-12-07,1084.4688720703125,855.86376953125,194.6569366455078,404.57489013671875,1142.590576171875
2017-12-08,1076.034912109375,870.4068603515625,201.45669555664062,399.9929504394531,1135.71484375
2017-12-11,1066.89013671875,873.2445068359375,204.5684051513672,397.88653564453125,1161.734130859375
2017-12-12,1058.882568359375,860.7114868164062,200.95724487304688,397.647705078125,1140.3643798828125
2017-12-13,1058.0771484375,861.397216796875,198.9980010986328,397.23516845703125,1147.45849609375
2017-12-14,1064.6156005859375,869.29541015625,203.03172302246094,400.2101135253906,1116.6370849609375
2017-12-15,1060.1143798828125,886.0376586914062,203.30067443847656,399.4500427246094,1111.310791015625
2017-12-18,1077.59814453125,888.6387939453125,202.2250213623047,399.9929504394531,1126.5467529296875
2017-12-19,1078.1195068359375,891.263671875,203.03172302246094,402.14276123046875,1124.277099609375
2017-12-20,1076.034912109375,883.531005859375,202.3018035888672,398.75518798828125,1130.2362060546875
2017-12-21,1078.30908203125,883.60205078125,202.10972595214844,396.4967956542969,1133.1826171875
2017-12-22,1078.40380859375,887.5510864257812,202.14817810058594,399.73236083984375,1155.4691162109375
2017-12-26,1090.486328125,883.6256103515625,202.9549102783203,403.8148193359375,1156.647705078125
2017-12-27,1088.875244140625,878.1394653320312,201.4182586669922,401.1872863769531,1143.7474365234375
2017-12-28,1084.4688720703125,888.2131958007812,201.187744140625,401.3827209472656,1146.8251953125
2017-12-29,1097.830078125,885.541015625,202.26344299316406,400.0146484375,1179.2398681640625
2018-01-01,1083.758056640625,877.0752563476562,201.5334930419922,395.1070556640625,1154.9671630859375
2018-01-02,1082.90478515625,885.517333984375,200.34259033203125,395.715087890625,1148.6806640625
2018-01-03,1082.0994873046875,876.200439453125,200.64993286132812,397.3002624511719,1151.93310546875
2018-01-04,1110.6705322265625,879.6292724609375,200.95724487304688,399.68890380859375,1159.987548828125
2018-01-05,1123.1793212890625,881.3790893554688,201.99449157714844,400.9700927734375,1174.0010986328125
2018-01-08,1120.0997314453125,879.9603271484375,204.06898498535156,403.27191162109375,1185.0025634765625
2018-01-09,1130.57080078125,881.4263916015625,207.87228393554688,408.6573181152344,1182.6451416015625
2018-01-10,1115.740478515625,881.662841796875,206.98866271972656,409.2653503417969,1225.25341796875
2018-01-11,1126.6856689453125,885.6119995117188,207.29598999023438,407.26751708984375,1218.224853515625
2018-01-12,1127.39599609375,882.18310546875,205.5672607421875,412.1534423828125,1212.047607421875
2018-01-15,1140.994873046875,897.5302124023438,205.6056671142578,412.2185363769531,1198.8416748046875
2018-01-16,1126.495849609375,898.6652221679688,201.07254028320312,400.8398132324219,1244.571533203125
2018-01-17,1131.2340087890625,894.101318359375,204.4147491455078,401.51300048828125,1261.2044677734375
2018-01-18,1126.022216796875,914.8162231445312,210.06199645996094,399.4283447265625,1273.9737548828125
2018-01-19,1127.585693359375,923.2820434570312,210.9456024169922,404.4662780761719,1291.91650390625
2018-01-22,1114.413818359375,928.5553588867188,210.25408935546875,421.9252624511719,1363.725830078125
2018-01-23,1108.63330078125,922.8563842773438,212.52066040039062,427.0282897949219,1357.4246826171875
2018-01-24,1090.770263671875,925.859619140625,216.2470703125,419.6886291503906,1389.1943359375
2018-01-25,1090.20166015625,934.0414428710938,216.0934295654297,419.4931640625,1365.760986328125
2018-01-29,1091.718017578125,945.7232055664062,211.7907257080078,418.8851318359375,1399.805908203125
2018-01-30,1067.695556640625,943.760498046875,211.44500732421875,412.761474609375,1379.676513671875
2018-01-31,1069.211669921875,948.58447265625,208.5253448486328,417.495361328125,1361.9537353515625
2018-02-01,1092.6180419921875,941.7032470703125,211.52182006835938,409.916748046875,1373.4407958984375
2018-02-02,1078.30908203125,921.295654296875,211.5602569580078,392.7618103027344,1380.0267333984375
2018-02-05,1074.7080078125,905.1445922851562,214.55674743652344,391.80633544921875,1357.94970703125
2018-02-06,1052.1068115234375,897.0808715820312,210.1388397216797,387.4416198730469,1311.5865478515625
2018-02-07,1062.3885498046875,885.7302856445312,211.40658569335938,388.4405212402344,1293.1195068359375
2018-02-08,1065.1844482421875,889.5847778320312,210.59982299804688,392.8486633300781,1301.4996337890625
2018-02-09,1071.5335693359375,874.7106323242188,208.48692321777344,389.9388732910156,1300.4058837890625
2018-02-12,1084.4688720703125,887.5510864257812,207.3344268798828,397.6042785644531,1298.4803466796875
2018-02-14,1079.4935302734375,890.6251831054688,204.760498046875,405.48687744140625,1274.19384765625
2018-02-15,1075.987060546875,890.0340576171875,205.98980712890625,406.3554992675781,1280.342041015625
2018-02-16,1083.947509765625,888.4732666015625,204.72207641601562,400.1232604980469,1283.4931640625
2018-02-19,1061.6781005859375,888.2841186523438,202.91648864746094,402.5987243652344,1279.357421875
2018-02-20,1067.4111328125,881.18994140625,202.26344299316406,400.036376953125,1288.61279296875
2018-02-21,1068.169189453125,878.4468994140625,206.06666564941406,403.6193542480469,1331.30029296875
2018-02-22,1059.5457763671875,876.4605102539062,205.2215118408203,401.4478759765625,1334.757568359375
2018-02-23,1044.0994873046875,889.3955688476562,206.71974182128906,405.7474365234375,1345.9599609375
2018-02-26,1046.94287109375,904.0568237304688,204.7989044189453,407.6801452636719,1326.6617431640625
2018-02-27,1052.20166015625,899.80029296875,204.68362426757812,412.80487060546875,1331.3218994140625
2018-02-28,1059.214111328125,891.121826171875,203.6464080810547,414.5638427734375,1328.12744140625
2018-03-01,1060.30419921875,886.4633178710938,202.83966064453125,411.892822265625,1329.28759765625
2018-03-05,1048.0321044921875,884.3822631835938,199.95840454101562,401.33929443359375,1359.1094970703125
2018-03-06,1043.91015625,873.173583984375,197.07717895507812,395.58477783203125,1331.5191650390625
2018-03-07,1049.263916015625,866.7178344726562,199.6894989013672,386.4209899902344,1324.8017578125
2018-03-08,1068.5482177734375,876.2950439453125,198.88278198242188,395.8453063964844,1314.5184326171875
2018-03-09,1069.969970703125,875.4436645507812,199.19009399414062,396.5619812011719,1327.712158203125
2018-03-12,1072.244140625,883.1054077148438,207.5264892578125,404.03192138671875,1335.6104736328125
2018-03-13,1080.583251953125,879.7947387695312,207.02706909179688,404.7051696777344,1263.253662109375
2018-03-14,1077.4561767578125,881.8047485351562,205.95143127441406,403.4891357421875,1263.2979736328125
2018-03-15,1100.009765625,889.5137939453125,204.0305633544922,395.9973449707031,1255.77099609375
2018-03-16,1063.9522705078125,876.3659057617188,200.15049743652344,390.894287109375,1236.5164794921875
2018-03-19,1044.810302734375,873.646484375,199.11326599121094,388.91827392578125,1238.8358154296875
2018-03-20,1048.5531005859375,869.9810791015625,199.1516876220703,386.4427490234375,1253.6488037109375
2018-03-21,1045.758056640625,879.1563720703125,199.0364227294922,389.5262451171875,1250.104248046875
2018-03-22,1049.121826171875,883.3418579101562,198.4601593017578,394.412109375,1238.9893798828125
2018-03-23,1054.3814697265625,870.9507446289062,196.69300842285156,388.223388671875,1233.213134765625
2018-03-26,1059.02490234375,895.4965209960938,198.30650329589844,391.350341796875,1232.70947265625
2018-03-27,1071.8651123046875,895.0945434570312,198.92115783691406,390.7857360839844,1246.1436767578125
2018-03-28,1061.7254638671875,892.0203247070312,196.30886840820312,383.359130859375,1246.7784423828125
2018-04-02,1089.9176025390625,913.35009765625,198.4217529296875,387.81072998046875,1273.2530517578125
2018-04-03,1091.7655029296875,906.1141357421875,198.6138458251953,390.67718505859375,1273.953125
2018-04-04,1076.508544921875,890.6724853515625,198.69070434570312,388.6576232910156,1273.7998046875
2018-04-05,1083.047119140625,902.8035278320312,199.49740600585938,394.4338684082031,1294.388916015625
2018-04-06,1083.6156005859375,909.6611938476562,200.41946411132812,395.6499328613281,1291.0413818359375
2018-04-09,1096.835205078125,917.0628662109375,204.22264099121094,397.8214111328125,1279.48876953125
2018-04-10,1096.171630859375,908.4552612304688,204.9141845703125,398.2774658203125,1285.483642578125
2018-04-11,1095.3189697265625,907.5092163085938,203.7232208251953,404.2708435058594,1318.981689453125
2018-04-12,1104.1793212890625,912.215087890625,201.2646026611328,403.3371276855469,1373.7252197265625
2018-04-13,1101.3363037109375,910.4179077148438,200.34259033203125,407.7452697753906,1379.8734130859375
2018-04-16,1117.1142578125,918.5052490234375,203.1854248046875,406.9635314941406,1394.9049072265625
2018-04-17,1114.413818359375,921.5321655273438,205.6056671142578,410.0904846191406,1385.6934814453125
2018-04-18,1110.9075927734375,914.0122680664062,211.5602569580078,407.3761291503906,1382.4112548828125
2018-04-19,1103.98974609375,917.0391235351562,213.09686279296875,409.2436218261719,1396.436279296875
2018-04-20,1098.6353759765625,925.031982421875,212.2133331298828,402.9896545410156,1488.900634765625
2018-04-23,1116.972412109375,915.5020751953125,211.67550659179688,406.5074768066406,1491.613525390625
2018-04-24,1108.82275390625,915.1473999023438,212.0596466064453,421.2955017089844,1481.5489501953125
2018-04-25,1102.1419677734375,908.4078979492188,210.59982299804688,421.490966796875,1518.569580078125
2018-04-26,1095.1767578125,912.90087890625,213.7884063720703,423.59735107421875,1548.7637939453125
2018-04-27,1119.7203369140625,909.6611938476562,214.67196655273438,432.69598388671875,1510.56201171875
2018-04-30,1138.767822265625,919.5457763671875,216.2470703125,418.36395263671875,1545.6351318359375
2018-05-02,1158.2890625,931.4639892578125,220.70339965820312,422.4464416503906,1531.478515625
2018-05-03,1143.5533447265625,930.707275390625,218.97467041015625,417.62567138671875,1523.6458740234375
2018-05-04,1128.1068115234375,940.4498291015625,212.94322204589844,414.30322265625,1523.16455078125
2018-05-07,1151.6082763671875,935.2001953125,216.86170959472656,421.7080993652344,1496.9962158203125
2018-05-08,1146.5384521484375,930.3052978515625,217.20748901367188,420.01434326171875,1505.857666015625
2018-05-09,1158.5260009765625,935.6731567382812,216.900146484375,424.1836242675781,1526.906005859375
2018-05-10,1153.9298095703125,942.4362182617188,215.24822998046875,426.1163024902344,1510.25537109375
2018-05-11,1219.07958984375,951.44580078125,217.93739318847656,429.6341552734375,1512.74951171875
2018-05-14,1229.40869140625,956.1752319335938,218.82095336914062,428.4831848144531,1502.5096435546875
2018-05-15,1245.8026123046875,963.7660522460938,216.55442810058594,425.1607666015625,1523.88623046875
2018-05-16,1254.3787841796875,956.9320068359375,219.62771606445312,415.2586364746094,1528.9188232421875
2018-05-17,1240.8748779296875,959.012939453125,214.3262481689453,410.5682373046875,1527.9998779296875
2018-05-18,1239.8326416015625,951.6350708007812,216.900146484375,405.57379150390625,1532.4854736328125
2018-05-21,1233.5311279296875,942.601806640625,216.93856811523438,404.48797607421875,1556.421630859375
2018-05-22,1219.45849609375,941.1119995117188,214.1725616455078,402.4902038574219,1535.4830322265625
2018-05-23,1211.6405029296875,930.5180053710938,210.1004180908203,396.1927795410156,1529.4439697265625
2018-05-24,1225.85498046875,939.2675170898438,211.17605590820312,397.7563171386719,1576.9669189453125
2018-05-25,1224.67041015625,950.0032958984375,213.21189880371094,399.9060974121094,1569.134033203125
2018-05-28,1252.62548828125,965.8469848632812,215.56085205078125,399.73236083984375,1532.4854736328125
2018-05-29,1231.4461669921875,961.306640625,214.58212280273438,398.4512023925781,1541.8714599609375
2018-05-30,1226.092041015625,968.7556762695312,212.89865112304688,397.8648376464844,1537.758056640625
2018-05-31,1236.3265380859375,1018.303466796875,212.7029266357422,400.14495849609375,1536.434326171875
2018-06-01,1225.334228515625,1004.5720825195312,211.37185668945312,404.140625,1528.8450927734375
2018-06-04,1217.1842041015625,973.9197998046875,210.54965209960938,408.61383056640625,1539.25830078125
2018-06-05,1206.902587890625,982.20166015625,209.45347595214844,411.5671081542969,1519.270263671875
2018-06-06,1196.668212890625,979.2269287109375,211.72418212890625,414.4986877441406,1522.9329833984375
2018-06-07,1223.201904296875,981.5352783203125,212.2331085205078,421.8600769042969,1531.5809326171875
2018-06-08,1211.877685546875,975.419189453125,209.76666259765625,427.506103515625,1541.7734375
2018-06-11,1216.0947265625,972.0635375976562,210.82366943359375,426.7677307128906,1544.0677490234375
2018-06-12,1220.263916015625,972.8013305664062,211.60675048828125,433.06512451171875,1571.6893310546875
2018-06-13,1219.0322265625,966.8993530273438,209.72752380371094,435.3886413574219,1609.7237548828125
2018-06-14,1224.506591796875,969.7313842773438,209.25772094726562,437.755615234375,1577.4697265625
2018-06-15,1220.793701171875,966.018798828125,207.1044464111328,440.4699401855469,1623.7996826171875
2018-06-18,1220.6510009765625,961.0450439453125,207.14361572265625,441.0563049316406,1614.04833984375
2018-06-19,1208.416015625,963.1154174804688,208.31809997558594,432.58740234375,1610.076904296875
2018-06-20,1210.41552734375,978.6557006835938,206.51722717285156,442.6632385253906,1608.26806640625
2018-06-21,1192.991943359375,979.3458862304688,204.2464599609375,448.1788330078125,1605.5322265625
2018-06-22,1206.9876708984375,991.6019897460938,207.6134033203125,439.731689453125,1597.1046142578125
2018-06-25,1193.4202880859375,997.1232299804688,205.6167449951172,436.2355041503906,1605.4439697265625
2018-06-26,1213.5574951171875,996.5281982421875,207.3393096923828,425.1607666015625,1634.3450927734375
2018-06-27,1206.4642333984375,1005.52392578125,205.7341766357422,425.1172790527344,1639.6402587890625
2018-06-28,1207.6546630859375,1014.2103271484375,203.97242736816406,415.9181823730469,1626.1380615234375
2018-06-29,1203.8935546875,1003.5486450195312,208.43557739257812,428.022216796875,1630.5946044921875
2018-07-02,1231.1241455078125,986.794677734375,205.9690704345703,422.8064880371094,1633.771484375
2018-07-03,1229.9814453125,985.3429565429688,207.8483123779297,427.5160827636719,1653.8037109375
2018-07-04,1228.029541015625,1001.2164306640625,207.02615356445312,435.7908630371094,1646.8321533203125
2018-07-05,1258.1163330078125,1010.8309326171875,213.36846923828125,424.5231018066406,1659.3192138671875
2018-07-06,1259.7825927734375,1006.7377319335938,213.4859161376953,430.26702880859375,1688.1318359375
2018-07-09,1297.8192138671875,1011.7352294921875,214.85618591308594,438.87188720703125,1661.7017822265625
2018-07-10,1304.8170166015625,1021.6114501953125,216.93113708496094,451.46014404296875,1654.7305908203125
2018-07-11,1294.67724609375,1022.4920043945312,215.91326904296875,457.2261047363281,1747.2137451171875
2018-07-12,1292.8680419921875,1030.9166259765625,217.04859924316406,476.3945617675781,1739.6689453125
2018-07-13,1302.294189453125,1038.0323486328125,211.72418212890625,484.0751037597656,1748.2728271484375
2018-07-16,1294.439208984375,1032.297119140625,212.66378784179688,473.6876525878906,1755.4208984375
2018-07-17,1310.33935546875,1036.05712890625,211.29351806640625,480.7960510253906,1770.4090576171875
2018-07-18,1326.2872314453125,1035.7952880859375,210.27561950683594,480.8840637207031,1768.7288818359375
2018-07-19,1335.8082275390625,1040.5074462890625,213.99485778808594,486.2978515625,1752.060546875
2018-07-20,1329.5716552734375,1041.911376953125,214.54296875,496.7734375,1765.5013427734375
2018-07-23,1364.561767578125,1026.3948974609375,222.4904327392578,493.0981750488281,1773.5037841796875
2018-07-24,1397.457275390625,1027.9656982421875,223.66497802734375,488.9828186035156,1767.6236572265625
2018-07-25,1380.7000732421875,1033.010986328125,224.0564727783203,490.8314208984375,1752.1490478515625
2018-07-26,1365.1807861328125,1043.6011962890625,224.87864685058594,488.8507385253906,1737.2940673828125
2018-07-27,1366.1328125,1048.146484375,236.8977508544922,497.30157470703125,1718.768798828125
2018-07-30,1361.705810546875,1032.7967529296875,235.72323608398438,506.7867736816406,1719.5201416015625
2018-07-31,1381.8905029296875,1037.365966796875,233.10020446777344,522.0159301757812,1715.629638671875
2018-08-01,1368.3701171875,1027.4658203125,236.15390014648438,524.8109130859375,1747.7279052734375
2018-08-02,1350.4705810546875,1013.9010620117188,234.27468872070312,514.2473754882812,1722.88037109375
2018-08-03,1344.2344970703125,1009.8314819335938,237.9939727783203,518.0325317382812,1750.3359375
2018-08-06,1330.476318359375,1006.3331909179688,236.3104705810547,524.9210205078125,1746.8880615234375
2018-08-07,1356.040283203125,1014.2340698242188,235.76234436035156,521.2236328125,1739.636962890625
2018-08-08,1357.468994140625,1016.828125,235.6449737548828,535.9686279296875,1745.517578125
2018-08-09,1349.4713134765625,1008.3321533203125,236.8585968017578,536.0786743164062,1745.82666015625
2018-08-10,1350.6612548828125,1006.4043579101562,238.6594696044922,530.026611328125,1762.40625
2018-08-13,1332.2379150390625,995.5523071289062,239.55996704101562,522.76416015625,1768.6407470703125
2018-08-14,1328.2864990234375,994.3388061523438,241.08682250976562,532.8435668945312,1771.647216796875
2018-08-16,1328.0009765625,987.9608154296875,240.73446655273438,528.5300903320312,1776.0242919921875
2018-08-17,1333.5711669921875,988.7462158203125,245.6674041748047,529.82861328125,1779.7823486328125
2018-08-20,1341.6160888671875,997.7181396484375,245.3150177001953,543.5391235351562,1777.30615234375
2018-08-21,1336.09375,997.6467895507812,245.00180053710938,548.9530029296875,1784.11474609375
2018-08-23,1327.953369140625,989.9598999023438,244.29713439941406,558.746337890625,1799.54541015625
2018-08-24,1326.7633056640625,985.176513671875,243.0443572998047,562.2896118164062,1806.5308837890625
2018-08-27,1332.76171875,990.2216796875,245.39334106445312,568.4515991210938,1813.5162353515625
2018-08-28,1340.0927734375,997.0755004882812,244.02308654785156,580.5556640625,1829.697998046875
2018-08-29,1327.2392578125,989.2935180664062,244.92352294921875,569.639892578125,1832.173828125
2018-08-30,1312.6717529296875,983.3916625976562,250.44369506835938,560.947021484375,1841.3704833984375
2018-08-31,1306.7213134765625,981.059326171875,250.44369506835938,546.5101928710938,1837.833251953125
2018-09-03,1296.3909912109375,987.6514892578125,245.2367401123047,541.0082397460938,1815.284912109375
2018-09-04,1248.5001220703125,976.5852661132812,242.41790771484375,546.6421508789062,1855.96044921875
2018-09-05,1258.02099609375,973.7532348632812,242.9268341064453,540.0619506835938,1838.584716796875
2018-09-06,1251.5467529296875,976.775634765625,243.35751342773438,555.2030029296875,1835.0921630859375
2018-09-07,1252.9747314453125,979.0364379882812,243.08348083496094,562.773681640625,1839.11572265625
2018-09-10,1231.1712646484375,971.5162353515625,240.0297393798828,552.7603149414062,1839.911376953125
2018-09-11,1235.6939697265625,952.12060546875,232.7086639404297,544.771484375,1809.404541015625
2018-09-12,1229.1719970703125,957.5704956054688,240.22552490234375,551.2857666015625,1807.3709716796875
2018-09-14,1270.017578125,966.018798828125,240.4995574951172,551.5718383789062,1826.3380126953125
2018-09-17,1245.976806640625,948.2177734375,236.46707153320312,539.577880859375,1834.0751953125
2018-09-18,1230.219482421875,946.789794921875,237.44590759277344,535.7265014648438,1831.0689697265625
2018-09-19,1229.50537109375,933.5342407226562,234.62701416015625,532.9095458984375,1837.391357421875
2018-09-21,1242.263671875,937.7703247070312,237.9939727783203,535.880615234375,1859.7183837890625
2018-09-24,1211.0345458984375,916.5660400390625,233.29595947265625,542.2847900390625,1943.98779296875
2018-09-25,1228.124755859375,929.2744140625,235.8015594482422,541.646484375,1930.5029296875
2018-09-26,1220.6029052734375,936.7945556640625,229.5375213623047,550.8015747070312,1894.20458984375
2018-09-27,1225.8397216796875,940.5785522460938,229.6549835205078,551.8359985351562,1935.4996337890625
2018-09-28,1231.362060546875,954.8099365234375,233.1392822265625,553.6846313476562,1930.9453125
2018-10-01,1218.508544921875,968.80322265625,232.63040161132812,542.1306762695312,1994.4796142578125
2018-10-03,1191.8018798828125,966.756591796875,231.14268493652344,530.4227294921875,1912.5091552734375
2018-10-04,1166.04736328125,931.8207397460938,224.8003387451172,493.95648193359375,1825.8076171875
2018-10-05,1151.5750732421875,935.414306640625,216.50050354003906,461.64959716796875,1859.2763671875
2018-10-08,1188.040771484375,925.7522583007812,213.91659545898438,488.300537109375,1837.081298828125
2018-10-09,1143.8631591796875,923.6578979492188,210.23646545410156,479.78369140625,1849.6826171875
2018-10-10,1167.2373046875,936.2947387695312,211.48927307128906,485.08746337890625,1807.0611572265625
2018-10-11,1160.6678466796875,922.206298828125,207.65257263183594,478.7933654785156,1750.7786865234375
2018-10-12,1200.799072265625,943.29150390625,215.4826202392578,495.8490905761719,1696.2640380859375
2018-10-15,1190.42138671875,955.7619018554688,221.19851684570312,501.6590576171875,1723.85302734375
2018-10-16,1206.8927001953125,948.4794921875,221.31593322753906,512.2446899414062,1735.1712646484375
2018-10-17,1198.7044677734375,939.8406372070312,224.29141235351562,506.7427978515625,1706.07958984375
2018-10-19,1176.2349853515625,936.5803833007812,226.640380859375,484.7353210449219,1691.754638671875
2018-10-22,1142.9111328125,951.4066162109375,225.8965301513672,467.7236022949219,1682.7353515625
2018-10-23,1083.927978515625,944.7193603515625,223.93902587890625,464.2244567871094,1633.6885986328125
2018-10-24,1130.0577392578125,948.241455078125,225.3092498779297,460.28515625,1637.9864501953125
2018-10-25,1142.5780029296875,937.0801391601562,225.15267944335938,453.70489501953125,1641.973876953125
2018-10-26,1133.294921875,933.4627685546875,219.94570922851562,459.9109802246094,1594.212158203125
2018-10-29,1141.502685546875,916.8515625,221.98155212402344,478.7933654785156,1657.9241943359375
2018-10-30,1141.7410888671875,910.40234375,218.4188232421875,465.23681640625,1679.0135498046875
2018-10-31,1174.2861328125,909.9263916015625,219.3192901611328,467.10736083984375,1717.4263916015625
2018-11-01,1162.2606201171875,910.1405029296875,217.20518493652344,464.9067077636719,1715.300048828125
2018-11-02,1190.1290283203125,927.8702392578125,221.7858123779297,473.11541748046875,1695.5396728515625
2018-11-05,1187.313720703125,930.98779296875,218.9278106689453,479.89373779296875,1675.5135498046875
2018-11-06,1182.0166015625,926.489990234375,217.12689208984375,485.9678039550781,1712.597412109375
2018-11-07,1193.8988037109375,931.916015625,219.28016662597656,488.87274169921875,1720.97119140625
2018-11-09,1236.5123291015625,925.9425659179688,217.08773803710938,481.28021240234375,1691.773681640625
2018-11-12,1220.478515625,914.3528442382812,214.42552185058594,475.3601989746094,1696.7802734375
2018-11-13,1226.3004150390625,917.5418090820312,216.77456665039062,483.9211120605469,1714.5911865234375
2018-11-14,1260.3245849609375,931.8207397460938,216.46133422851562,483.2608642578125,1666.47509765625
2018-11-15,1258.1771240234375,940.1025390625,214.93447875976562,482.7767028808594,1659.563232421875
2018-11-16,1261.0404052734375,953.9769287109375,216.5396728515625,496.2232666015625,1671.7474365234375
2018-11-19,1252.3077392578125,958.5462036132812,222.76451110839844,506.1705627441406,1685.79248046875
2018-11-20,1247.2493896484375,957.8560180664062,222.25558471679688,500.6246643066406,1664.3485107421875
2018-11-21,1263.8082275390625,960.8546142578125,220.61126708984375,489.841064453125,1605.6431884765625
2018-11-22,1254.4552001953125,954.5480346679688,219.63250732421875,485.4176025390625,1606.130615234375
2018-11-26,1287.954345703125,975.6334228515625,223.66497802734375,488.4546203613281,1635.859619140625
2018-11-27,1278.5057373046875,982.39208984375,223.03860473632812,496.5753479003906,1674.9813232421875
2018-11-28,1263.85595703125,994.4100952148438,220.96365356445312,507.3370056152344,1757.966552734375
2018-11-29,1288.718017578125,1014.3056030273438,225.15267944335938,514.3133544921875,1737.27587890625
2018-11-30,1284.566162109375,1013.0679931640625,223.7823944091797,513.8950805664062,1744.0989990234375
2018-12-03,1277.646728515625,1005.8570556640625,221.5508575439453,509.009521484375,1756.6375732421875
2018-12-04,1268.81884765625,992.6490478515625,220.68954467773438,507.1828918457031,1781.84765625
2018-12-05,1268.866455078125,999.1459350585938,215.6000518798828,508.4374084472656,1778.21435546875
2018-12-06,1236.035400390625,998.1227416992188,213.79910278320312,494.5726623535156,1765.764404296875
2018-12-07,1258.511474609375,1003.1441650390625,214.58212280273438,499.0401916503906,1767.9794921875
2018-12-10,1216.0885009765625,994.1721801757812,211.7633056640625,479.87176513671875,1750.789306640625
2018-12-11,1263.235595703125,980.2740478515625,215.09112548828125,483.08477783203125,1772.233154296875
2018-12-12,1270.20263671875,992.5300903320312,216.1481170654297,488.7846984863281,1787.1199951171875
2018-12-13,1259.990478515625,1000.1455688476562,215.56085205078125,487.2662048339844,1756.814453125
2018-12-14,1279.7943115234375,997.4801025390625,215.91326904296875,489.532958984375,1763.150146484375
2018-12-17,1274.927001953125,1013.9010620117188,219.12356567382812,497.3236083984375,1767.1822509765625
2018-12-18,1293.8714599609375,1016.399658203125,217.7924346923828,500.1845703125,1761.466796875
2018-12-19,1336.3897705078125,1010.6881103515625,221.9423828125,500.3606262207031,1744.27587890625
2018-12-20,1360.774658203125,1017.3516235351562,221.31593322753906,496.6853942871094,1731.51611328125
2018-12-21,1324.889404296875,1004.833740234375,216.69622802734375,484.251220703125,1679.89990234375
2018-12-24,1295.159912109375,990.3168334960938,216.10899353027344,479.3875427246094,1700.014404296875
2018-12-26,1300.83837890625,1010.16455078125,216.61793518066406,483.4369201660156,1674.0511474609375
2018-12-27,1309.9052734375,1001.9305419921875,219.82826232910156,493.05413818359375,1691.55224609375
2018-12-28,1303.7017822265625,1010.4263305664062,221.0027618408203,495.408935546875,1680.121337890625
2018-12-31,1310.43017578125,1009.8551635742188,220.53298950195312,493.51629638671875,1677.462890625
2019-01-01,1308.9986572265625,1022.4207153320312,221.3551483154297,493.4062805175781,1686.1025390625
2019-01-02,1320.2127685546875,1013.0919189453125,219.7108154296875,486.98016357421875,1704.26806640625
2019-01-03,1324.9847412109375,1005.1431274414062,218.3405303955078,480.9720764160156,1683.576904296875
2019-01-04,1322.646484375,1007.832275390625,219.98484802246094,483.5689392089844,1663.107421875
2019-01-07,1332.3338623046875,1009.3554077148438,220.53298950195312,486.25384521484375,1681.760986328125
2019-01-08,1337.3443603515625,1000.9546508789062,222.5688018798828,486.2098693847656,1677.9058837890625
2019-01-09,1338.06005859375,1007.5230102539062,227.38426208496094,488.894775390625,1672.0574951171875
2019-01-10,1332.6676025390625,1003.572509765625,226.75782775878906,487.46429443359375,1673.4752197265625
2019-01-11,1339.6348876953125,1005.1906127929688,231.26011657714844,483.30487060546875,1632.714111328125
2019-01-14,1325.2708740234375,1000.3121337890625,230.4379425048828,482.7547302246094,1606.7506103515625
2019-01-15,1341.829833984375,1009.9502563476562,232.19969177246094,497.2135925292969,1655.088623046875
2019-01-16,1326.3687744140625,1009.1412353515625,230.24220275878906,499.96453857421875,1657.1712646484375
2019-01-17,1326.2254638671875,1014.9005126953125,230.1639404296875,499.3262939453125,1682.1688232421875
2019-01-18,1336.5806884765625,1013.9246826171875,228.20645141601562,521.2896728515625,1687.8072509765625
2019-01-21,1357.243408203125,1022.4444580078125,226.9927520751953,544.771484375,1694.95556640625
2019-01-22,1342.7841796875,1016.5901489257812,226.8752899169922,543.649169921875,1688.917236328125
2019-01-23,1332.858642578125,1002.0969848632812,217.12689208984375,539.75390625,1665.5628662109375
2019-01-24,1337.9166259765625,1000.5977172851562,218.3797149658203,549.0630493164062,1688.6070556640625
2019-01-25,1309.571533203125,997.6229858398438,218.61460876464844,548.4248046875,1705.7008056640625
2019-01-28,1316.586181640625,991.9827270507812,215.1302490234375,541.1844482421875,1736.0709228515625
2019-01-29,1329.7568359375,979.3458862304688,218.02735900878906,532.8656005859375,1760.7135009765625
2019-01-30,1326.9891357421875,968.4462280273438,215.71749877929688,526.2852783203125,1759.5145263671875
2019-01-31,1348.176513671875,989.9835815429688,218.18394470214844,540.1281127929688,1788.552734375
2019-02-01,1390.742431640625,994.9813232421875,219.9065704345703,550.1633911132812,1802.6279296875
2019-02-04,1380.38720703125,1001.8590087890625,216.97032165527344,568.1875,1820.6544189453125
2019-02-05,1384.204833984375,1006.2141723632812,214.6604461669922,568.4735107421875,1815.5928955078125
2019-02-06,1402.385986328125,1010.3073120117188,217.44012451171875,576.7044067382812,1842.455322265625
2019-02-07,1405.297119140625,1007.7371826171875,219.47592163085938,567.9674072265625,1849.6483154296875
2019-02-08,1382.7255859375,1010.3073120117188,215.71749877929688,562.3775634765625,1830.5560302734375
2019-02-11,1371.55908203125,1018.3987426757812,216.97032165527344,551.6158447265625,1834.5518798828125
2019-02-12,1385.875,1013.6629638671875,215.56085205078125,553.0023803710938,1821.8536376953125
2019-02-14,1335.3873291015625,1004.3815307617188,217.5966796875,538.8295288085938,1815.6370849609375
2019-02-15,1330.0430908203125,999.8361206054688,219.3192901611328,547.7424926757812,1802.4053955078125
2019-02-18,1317.1112060546875,994.719482421875,215.09112548828125,537.0249633789062,1749.65771484375
2019-02-19,1315.01123046875,991.9352416992188,216.0307159423828,535.264404296875,1691.4925537109375
2019-02-20,1333.192626953125,1003.5010986328125,215.9915313720703,543.297119140625,1700.328369140625
2019-02-21,1334.051513671875,1007.0946044921875,215.3651123046875,548.8209838867188,1699.8402099609375
2019-02-22,1334.051513671875,995.4572143554688,214.7779083251953,542.416748046875,1710.0078125
2019-02-25,1334.48095703125,1011.6163330078125,216.65713500976562,542.3948364257812,1762.8447265625
2019-02-26,1338.06005859375,1004.5957641601562,215.71749877929688,537.0910034179688,1810.39794921875
2019-02-27,1341.5909423828125,995.8380126953125,215.4043426513672,538.5214233398438,1827.625732421875
2019-02-28,1341.1141357421875,988.8413696289062,216.1481170654297,541.8446044921875,1761.3350830078125
2019-03-01,1328.8499755859375,991.6019897460938,217.8316192626953,539.6438598632812,1771.9466552734375
2019-03-05,1339.8253173828125,1002.9060668945312,221.23764038085938,544.7495727539062,1765.4642333984375
2019-03-06,1330.138427734375,1001.5496826171875,223.7432861328125,556.6995849609375,1775.676513671875
2019-03-07,1331.80859375,1012.1398315429688,227.14932250976562,559.0983276367188,1787.8427734375
2019-03-08,1319.30615234375,1012.9490966796875,228.6370849609375,557.7119140625,1796.1895751953125
2019-03-11,1355.0482177734375,1013.0679931640625,229.38088989257812,573.9974975585938,1789.174072265625
2019-03-12,1362.969482421875,1033.3204345703125,230.59457397460938,585.9915161132812,1787.0875244140625
2019-03-13,1363.1607666015625,1059.7601318359375,230.9077606201172,593.0117797851562,1776.4755859375
2019-03-14,1369.3162841796875,1058.9033203125,231.37757873535156,590.4810791015625,1764.8427734375
2019-03-15,1367.2166748046875,1072.3494873046875,227.6974334716797,581.7220458984375,1811.5074462890625
2019-03-18,1379.67138671875,1076.37109375,229.8507080078125,594.2222900390625,1796.278564453125
2019-03-19,1387.59326171875,1079.3699951171875,234.47044372558594,605.8861694335938,1796.278564453125
2019-03-20,1389.7406005859375,1094.2440185546875,234.03976440429688,605.40185546875,1789.3963623046875
2019-03-22,1404.1514892578125,1083.3680419921875,233.49168395996094,590.5690307617188,1781.0491943359375
2019-03-25,1391.0765380859375,1085.8193359375,231.02520751953125,582.9544067382812,1762.04541015625
2019-03-26,1417.322265625,1100.1220703125,229.73326110839844,601.7928466796875,1760.625
2019-03-27,1404.9154052734375,1094.4581298828125,229.49835205078125,593.8700561523438,1747.526123046875
2019-03-28,1428.7274169921875,1096.052490234375,234.90109252929688,598.6016845703125,1776.2982177734375
2019-04-01,1424.671142578125,1100.336181640625,232.7478790283203,612.6205444335938,1804.1375732421875
2019-04-02,1450.0103759765625,1092.2685546875,233.25677490234375,611.6741943359375,1846.451416015625
2019-04-03,1429.2999267578125,1091.2691650390625,231.88644409179688,605.2919921875,1846.451416015625
2019-04-04,1449.72412109375,1087.0804443359375,230.82948303222656,595.5427856445312,1788.9078369140625
2019-04-05,1445.38134765625,1097.3851318359375,230.63368225097656,595.9168701171875,1818.9229736328125
2019-04-08,1428.1070556640625,1089.674560546875,229.2243194580078,585.067138671875,1838.8590087890625
2019-04-09,1378.9556884765625,1088.6512451171875,232.0039520263672,587.35595703125,1857.285400390625
2019-04-10,1345.552001953125,1064.900634765625,230.75119018554688,586.013427734375,1811.7744140625
2019-04-11,1358.2454833984375,1074.491455078125,232.08230590820312,592.791748046875,1793.3480224609375
2019-04-12,1373.0384521484375,1078.1800537109375,239.40335083007812,591.1632080078125,1788.9078369140625
2019-04-15,1366.2623291015625,1089.388916015625,239.2075653076172,589.8648071289062,1876.64404296875
2019-04-16,1392.46044921875,1097.12353515625,240.5387725830078,591.4493408203125,1893.0718994140625
2019-04-18,1402.5770263671875,1091.6973876953125,238.34628295898438,610.0235595703125,1909.27880859375
2019-04-22,1377.5240478515625,1079.822021484375,236.3104705810547,592.153564453125,1919.4013671875
2019-04-23,1365.7371826171875,1068.6844482421875,237.5633087158203,600.2962646484375,1913.7186279296875
2019-04-24,1383.9188232421875,1085.0816650390625,239.95150756835938,611.5861206054688,1938.938232421875
2019-04-25,1381.914306640625,1077.3232421875,238.15054321289062,604.0595703125,1949.195068359375
2019-04-26,1382.677734375,1085.6527099609375,238.46372985839844,613.0384521484375,1987.8675537109375
2019-04-30,1396.4212646484375,1103.0255126953125,235.95816040039062,613.0384521484375,2007.2269287109375
2019-05-02,1371.08154296875,1121.2786865234375,238.8160858154297,618.4304809570312,1967.310302734375
2019-05-03,1372.9432373046875,1127.0616455078125,238.22885131835938,620.1029663085938,1893.249755859375
2019-05-06,1348.36767578125,1108.260986328125,240.38209533691406,609.5614624023438,1916.2049560546875
2019-05-07,1324.50732421875,1105.357666015625,236.3887939453125,591.3392944335938,1910.96533203125
2019-05-08,1322.503173828125,1098.1705322265625,235.41001892089844,571.9507446289062,1911.7647705078125
2019-05-09,1292.4400634765625,1090.388427734375,234.78366088867188,553.0243530273438,1929.259521484375
2019-05-10,1279.8896484375,1093.0540771484375,233.1392822265625,550.6915893554688,1896.6246337890625
2019-05-13,1271.7296142578125,1088.6275634765625,226.5229034423828,542.2847900390625,1890.363525390625
2019-05-14,1260.038330078125,1088.9605712890625,230.47715759277344,554.7849731445312,1858.0404052734375
2019-05-15,1246.390625,1088.389404296875,232.5911865234375,553.2223510742188,1860.7489013671875
2019-05-16,1244.9111328125,1099.788818359375,230.79029846191406,556.941650390625,1872.6033935546875
2019-05-17,1259.7998046875,1124.2772216796875,235.9972686767578,557.8441162109375,1860.79248046875
2019-05-20,1311.2890625,1157.7138671875,240.38209533691406,583.5926513671875,1903.861572265625
2019-05-21,1295.8280029296875,1144.0772705078125,239.5207977294922,589.7108154296875,1873.490966796875
2019-05-22,1306.0399169921875,1145.0531005859375,239.20162963867188,589.9747924804688,1848.6270751953125
2019-05-23,1305.371826171875,1109.9984130859375,229.9846954345703,587.1138305664062,1824.029296875
2019-05-24,1321.358154296875,1129.6318359375,231.78018188476562,588.4122924804688,1818.656494140625
2019-05-27,1304.5130615234375,1146.2906494140625,232.09939575195312,576.88037109375,1825.005615234375
2019-05-28,1302.1270751953125,1150.0269775390625,230.54324340820312,582.6463623046875,1841.5228271484375
2019-05-29,1296.30517578125,1150.360107421875,229.9048614501953,577.936767578125,1871.5384521484375
2019-05-30,1311.9095458984375,1161.1407470703125,230.34373474121094,585.2872314453125,1905.94873046875
2019-05-31,1343.1181640625,1154.382080078125,222.28390502929688,585.4633178710938,1950.5714111328125
2019-06-03,1392.6990966796875,1169.493896484375,222.28390502929688,598.6897583007812,1991.1981201171875
2019-06-04,1356.670654296875,1167.2093505859375,222.84255981445312,594.9264526367188,1954.3157958984375
2019-06-06,1363.3990478515625,1153.43017578125,220.04953002929688,584.2308349609375,1939.0972900390625
2019-06-07,1353.6641845703125,1164.9959716796875,219.6505126953125,578.7510986328125,1953.107421875
2019-06-10,1357.7203369140625,1161.4500732421875,222.96221923828125,580.6216430664062,1997.643310546875
2019-06-11,1360.4881591796875,1165.352783203125,223.32131958007812,585.0231323242188,2016.71142578125
2019-06-12,1360.440673828125,1155.191162109375,223.40115356445312,586.3436279296875,2023.9619140625
2019-06-13,1371.6192626953125,1163.591796875,223.91983032226562,584.1868896484375,2017.875
2019-06-14,1355.594970703125,1159.0225830078125,221.88490295410156,579.9174194335938,2018.2330322265625
2019-06-17,1345.2315673828125,1152.7874755859375,219.4510040283203,564.4022216796875,2013.4881591796875
2019-06-18,1324.2178955078125,1150.5267333984375,219.53082275390625,563.8300170898438,2014.9654541015625
2019-06-19,1325.2733154296875,1155.8099365234375,221.2066192626953,562.223388671875,2023.0667724609375
2019-06-20,1335.7322998046875,1162.0357666015625,221.0469970703125,570.7622680664062,2039.2254638671875
2019-06-21,1327.0484619140625,1156.2169189453125,218.85250854492188,563.1697387695312,2014.0706787109375
2019-06-24,1320.4757080078125,1158.012939453125,220.44850158691406,555.643310546875,2037.0321044921875
2019-06-25,1307.95361328125,1163.161376953125,222.2440185546875,570.3661499023438,2030.1395263671875
2019-06-26,1304.9307861328125,1181.93505859375,221.3662109375,569.6179809570312,2017.96435546875
2019-06-27,1306.3223876953125,1179.253173828125,218.2540283203125,560.81494140625,2016.4873046875
2019-06-28,1303.20361328125,1170.369140625,218.53330993652344,551.5498657226562,1993.7943115234375
2019-07-01,1299.07763671875,1190.38818359375,219.4111328125,558.4822387695312,2004.85009765625
2019-07-02,1291.3056640625,1194.913818359375,218.53330993652344,562.7296142578125,2016.0855712890625
2019-07-03,1297.302490234375,1192.3516845703125,220.80763244628906,564.51220703125,2003.1488037109375
2019-07-04,1304.69091796875,1189.550048828125,221.565673828125,565.1504516601562,2007.62548828125
2019-07-05,1303.7314453125,1184.0902099609375,223.00213623046875,556.0614013671875,1936.4114990234375
2019-07-08,1286.02783203125,1154.013916015625,221.4061279296875,551.0877685546875,1947.4224853515625
2019-07-09,1267.5567626953125,1139.4306640625,217.93482971191406,563.4338989257812,1909.7794189453125
2019-07-10,1269.4278564453125,1144.0284423828125,217.97470092773438,562.8837280273438,1887.2647705078125
2019-07-11,1278.5433349609375,1152.8404541015625,219.96969604492188,564.0720825195312,1882.2071533203125
2019-07-12,1306.8499755859375,1146.4947509765625,219.4908905029297,563.6099853515625,1886.7283935546875
2019-07-15,1298.406005859375,1146.9019775390625,216.2191162109375,561.6732788085938,1920.8353271484375
2019-07-16,1316.7813720703125,1145.201904296875,217.01712036132812,569.1117553710938,1889.6990966796875
2019-07-17,1339.4263916015625,1148.195068359375,217.7751922607422,564.2042236328125,1899.7938232421875
2019-07-18,1328.9195556640625,1155.115478515625,217.85501098632812,555.401123046875,1853.7625732421875
2019-07-19,1313.7108154296875,1137.7545166015625,214.10440063476562,549.7452392578125,1863.632568359375
2019-07-22,1347.390625,1100.2069091796875,210.9921417236328,563.6099853515625,1893.198486328125
2019-07-23,1371.523193359375,1084.043212890625,215.97967529296875,560.551025390625,1895.48681640625
2019-07-24,1423.386474609375,1092.3763427734375,216.13926696777344,554.1907348632812,1881.44384765625
2019-07-25,1435.3330078125,1094.843017578125,213.74525451660156,542.0426635742188,1909.3494873046875
2019-07-26,1464.6949462890625,1090.65234375,215.7801971435547,534.251953125,1892.43603515625
2019-07-29,1452.0289306640625,1074.847900390625,213.6654815673828,532.99755859375,1911.234130859375
2019-07-30,1447.7109375,1078.6553955078125,214.5831756591797,519.7711181640625,1955.336181640625
2019-07-31,1459.561279296875,1078.367919921875,215.62057495117188,513.3230590820312,1979.1591796875
2019-08-01,1443.8248291015625,1066.440185546875,213.50588989257812,519.485107421875,1956.1439208984375
2019-08-02,1482.68603515625,1062.8642578125,211.0719451904297,524.4187622070312,1978.80029296875
2019-08-05,1463.687255859375,1046.0167236328125,207.32135009765625,506.26434326171875,2017.653076171875
2019-08-06,1502.5008544921875,1050.7445068359375,206.60313415527344,499.600341796875,1987.4141845703125
2019-08-07,1496.1197509765625,1048.296630859375,202.4136199951172,491.2315673828125,1986.1131591796875
2019-08-08,1502.549072265625,1071.8880615234375,205.68544006347656,510.24945068359375,2026.1771240234375
2019-08-09,1511.7606201171875,1095.3355712890625,202.8525390625,514.5665893554688,2015.5443115234375
2019-08-13,1509.697509765625,1065.7442626953125,196.5482940673828,564.447021484375,1973.551025390625
2019-08-14,1506.195068359375,1070.112060546875,198.50340270996094,570.4246826171875,1977.9921875
2019-08-16,1532.8223876953125,1069.2720947265625,201.89495849609375,565.8860473632812,1942.7288818359375
2019-08-19,1522.2674560546875,1059.264404296875,200.73782348632812,572.3507080078125,1940.8443603515625
2019-08-20,1530.6156005859375,1065.8642578125,196.70791625976562,564.9783325195312,1962.155517578125
2019-08-21,1524.8583984375,1068.38427734375,192.67799377441406,562.764404296875,1961.6619873046875
2019-08-22,1506.675048828125,1043.5447998046875,191.56077575683594,552.048828125,1988.401611328125
2019-08-23,1516.4625244140625,1038.0728759765625,188.40867614746094,564.9340209960938,2016.8455810546875
2019-08-26,1532.91845703125,1082.9278564453125,193.51589965820312,560.9268798828125,2042.5087890625
2019-08-27,1534.7413330078125,1084.7518310546875,195.909912109375,564.4912719726562,2006.7957763671875
2019-08-28,1538.2918701171875,1078.77587890625,196.26898193359375,559.3770751953125,2009.263427734375
2019-08-29,1549.9022216796875,1068.9122314453125,192.4784698486328,549.8348999023438,2004.0587158203125
2019-08-30,1550.813720703125,1069.39208984375,196.02960205078125,552.8458862304688,2027.5230712890625
2019-09-03,1512.9599609375,1061.232421875,192.7577667236328,534.1822509765625,2020.3446044921875
2019-09-04,1473.04296875,1078.89599609375,194.1143798828125,531.857666015625,2014.781982421875
2019-09-05,1458.2659912109375,1072.847900390625,194.9123992919922,530.728515625,1987.773193359375
2019-09-06,1470.404052734375,1078.0079345703125,194.6331024169922,541.3112182617188,1971.8009033203125
2019-09-09,1478.2723388671875,1079.7840576171875,195.909912109375,541.1782836914062,1958.6563720703125
2019-09-11,1498.27880859375,1080.5999755859375,194.51341247558594,546.5804443359375,1932.76904296875
2019-09-12,1477.9844970703125,1089.9837646484375,192.119384765625,535.9312744140625,1914.46435546875
2019-09-13,1485.5650634765625,1083.5517578125,191.4410858154297,542.683837890625,1921.9564208984375
2019-09-16,1459.753173828125,1077.1678466796875,191.0420684814453,536.1083374023438,1929.1796875
2019-09-17,1468.96484375,1061.42431640625,189.2864532470703,530.21923828125,1904.638671875
2019-09-18,1485.1331787109375,1050.0966796875,190.92237854003906,533.8723754882812,1918.9058837890625
2019-09-19,1491.034423828125,1056.9844970703125,188.88746643066406,522.0719604492188,1886.0650634765625
2019-09-20,1603.396728515625,1151.59033203125,189.9647674560547,555.4140625,1853.31396484375
2019-09-23,1729.8170166015625,1206.93310546875,203.3712615966797,548.7057495117188,1808.7630615234375
2019-09-24,1694.45751953125,1203.62109375,204.28892517089844,566.196044921875,1834.6951904296875
2019-09-25,1680.92822265625,1190.08544921875,197.5458221435547,566.5723876953125,1873.9510498046875
2019-09-26,1699.30322265625,1192.7734375,199.8201141357422,574.2105102539062,1873.1888427734375
2019-09-27,1704.436767578125,1194.4052734375,201.8550262451172,579.6347045898438,1844.96923828125
2019-09-30,1690.859375,1178.3258056640625,207.3612518310547,589.9074096679688,1883.687255859375
2019-10-01,1694.6495361328125,1198.8212890625,204.2091522216797,577.797119140625,1848.3785400390625
2019-10-03,1678.193359375,1174.5819091796875,208.7976837158203,580.520263671875,1848.64794921875
2019-10-04,1654.6363525390625,1142.08642578125,205.28643798828125,579.2140502929688,1865.7861328125
2019-10-07,1655.3560791015625,1139.398681640625,201.01712036132812,580.099609375,1837.3868408203125
2019-10-09,1701.7020263671875,1178.997802734375,197.18670654296875,586.5864868164062,1812.6214599609375
2019-10-10,1706.6436767578125,1152.5023193359375,194.07449340820312,603.4125366210938,1798.5791015625
2019-10-11,1717.822509765625,1150.8223876953125,194.67298889160156,598.918212890625,1782.78662109375
2019-10-14,1725.9306640625,1156.1981201171875,194.792724609375,601.3092651367188,1813.42919921875
2019-10-15,1730.152587890625,1174.101806640625,197.58570861816406,604.032470703125,1828.0552978515625
2019-10-16,1694.265625,1172.229736328125,194.43359375,607.663330078125,1836.2205810546875
2019-10-17,1738.9805908203125,1171.1739501953125,196.189208984375,618.356689453125,1858.68798828125
2019-10-18,1743.2503662109375,1179.813720703125,196.70791625976562,627.1461181640625,1882.848876953125
2019-10-22,1708.1788330078125,1189.7015380859375,198.6231231689453,626.1719970703125,1877.4031982421875
2019-10-23,1695.8968505859375,1191.909423828125,200.33880615234375,616.5411376953125,1894.517822265625
2019-10-24,1718.0623779296875,1186.6295166015625,198.74282836914062,636.0462036132812,1905.4080810546875
2019-10-25,1723.6278076171875,1179.813720703125,197.66551208496094,633.7214965820312,1944.71533203125
2019-10-27,1720.0771484375,1188.16552734375,199.8201141357422,635.0720825195312,1936.24951171875
2019-10-29,1740.8514404296875,1192.7734375,202.0944366455078,649.5955810546875,2008.6865234375
2019-10-30,1750.84912109375,1198.38916015625,207.0021514892578,654.93115234375,2061.72119140625
2019-10-31,1739.6016845703125,1181.109619140625,205.6056365966797,648.4000244140625,2077.141845703125
2019-11-01,1698.02490234375,1190.4215087890625,208.51834106445312,645.1011962890625,2014.2232666015625
2019-11-04,1716.818603515625,1187.3494873046875,208.07945251464844,645.4332885742188,2007.8629150390625
2019-11-05,1724.4610595703125,1189.8934326171875,209.79515075683594,640.8504638671875,2015.0927734375
2019-11-06,1728.06591796875,1206.35693359375,208.55825805664062,635.3598022460938,2002.87451171875
2019-11-07,1756.280517578125,1213.1248779296875,212.1492919921875,645.8539428710938,1999.9923095703125
2019-11-08,1725.4222412109375,1205.34912109375,207.87994384765625,640.053466796875,1949.29150390625
2019-11-11,1705.33056640625,1214.1329345703125,207.04205322265625,632.216064453125,1922.7506103515625
2019-11-13,1701.966064453125,1207.22119140625,202.5732421875,651.920166015625,1993.8143310546875
2019-11-14,1703.3118896484375,1222.9166259765625,202.61312866210938,647.6915893554688,2010.47119140625
2019-11-15,1692.59326171875,1226.7567138671875,200.01962280273438,651.2781372070312,1990.0167236328125
2019-11-18,1671.732666015625,1211.541015625,200.0994110107422,646.1196899414062,1970.0198974609375
2019-11-19,1654.7655029296875,1220.996826171875,198.94232177734375,668.502685546875,1929.9349365234375
2019-11-20,1656.8323974609375,1222.388671875,200.05950927734375,685.284423828125,1929.706298828125
2019-11-21,1653.80419921875,1231.988525390625,196.0695037841797,680.8344116210938,1938.4461669921875
2019-11-22,1617.65869140625,1214.1329345703125,197.6256103515625,684.7752075195312,1895.9820556640625
2019-11-25,1644.52734375,1220.228759765625,197.70541381835938,691.439208984375,1904.950439453125
2019-11-26,1644.1429443359375,1224.020751953125,198.8226318359375,690.8637084960938,1873.0565185546875
2019-11-27,1648.99755859375,1227.236572265625,197.0670166015625,695.1143798828125,1880.0574951171875
2019-11-28,1648.2763671875,1214.660888671875,196.86752319335938,699.7415771484375,1901.1527099609375
2019-11-29,1640.1534423828125,1223.9246826171875,196.62808227539062,686.8341674804688,1879.0966796875
2019-12-02,1671.01171875,1215.0928955078125,195.47100830078125,702.4869384765625,1849.6275634765625
2019-12-03,1669.2813720703125,1205.1572265625,194.7528076171875,699.12158203125,1877.03759765625
2019-12-04,1653.7562255859375,1201.5572509765625,194.03456115722656,687.5206298828125,1902.2047119140625
2019-12-05,1649.4779052734375,1195.749267578125,197.0670166015625,686.7013549804688,1941.37451171875
2019-12-06,1650.247314453125,1196.181396484375,194.19418334960938,688.4947509765625,1943.4798583984375
2019-12-09,1659.572021484375,1193.2054443359375,192.67799377441406,696.3320922851562,1885.6859130859375
2019-12-10,1646.882568359375,1199.4932861328125,188.0096435546875,691.6163330078125,1842.1234130859375
2019-12-11,1670.9635009765625,1198.773193359375,189.6056671142578,691.815673828125,1868.709228515625
2019-12-12,1682.93212890625,1213.0289306640625,190.36375427246094,694.3837890625,1849.490478515625
2019-12-13,1676.4912109375,1213.2689208984375,192.79769897460938,700.892822265625,1895.56982421875
2019-12-16,1664.474609375,1207.0289306640625,189.0470733642578,693.6753540039062,1946.3623046875
2019-12-17,1677.8851318359375,1220.228759765625,192.3587646484375,691.948486328125,1981.3226318359375
2019-12-18,1709.656494140625,1240.6282958984375,195.63059997558594,697.7711791992188,1983.884521484375
2019-12-19,1733.3531494140625,1237.2203369140625,194.99220275878906,712.8702392578125,2039.9854736328125
2019-12-20,1729.652099609375,1244.80419921875,192.43858337402344,708.0660400390625,2034.3568115234375
2019-12-23,1737.631103515625,1250.276123046875,190.64309692382812,695.8007202148438,2042.410888671875
2019-12-24,1733.6895751953125,1237.556396484375,190.5233612060547,684.7531127929688,2027.6766357421875
2019-12-26,1739.6016845703125,1219.604736328125,188.96726989746094,671.0045776367188,2015.184326171875
2019-12-27,1742.1492919921875,1223.97265625,189.0470733642578,682.9376220703125,2012.027099609375
2019-12-30,1732.584228515625,1230.8365478515625,190.08447265625,683.7568969726562,1998.0242919921875
2019-12-31,1715.9052734375,1221.188720703125,189.68548583984375,670.40673828125,1978.3480224609375
2020-01-01,1723.8359375,1227.4285888671875,190.00466918945312,668.4362182617188,1983.7476806640625
2020-01-02,1721.3846435546875,1235.25244140625,191.40118408203125,679.8159790039062,1974.6414794921875
2020-01-03,1683.653076171875,1217.6368408203125,190.3238983154297,680.6351928710938,2013.99462890625
2020-01-06,1641.1148681640625,1191.2852783203125,187.61065673828125,664.8496704101562,2013.8114013671875
2020-01-07,1657.697265625,1210.1490478515625,187.81016540527344,675.078125,2018.7532958984375
2020-01-08,1661.92724609375,1206.981201171875,186.89244079589844,670.0082397460938,2063.963134765625
2020-01-09,1703.9849853515625,1220.516845703125,188.16925048828125,685.439453125,2026.532470703125
2020-01-10,1723.21142578125,1231.364501953125,189.92486572265625,685.284423828125,2025.8006591796875
2020-01-13,1735.0836181640625,1234.532470703125,190.92237854003906,683.5354614257812,2004.5682373046875
2020-01-14,1748.7823486328125,1237.892333984375,194.1143798828125,677.2034912109375,2019.7142333984375
2020-01-15,1770.9891357421875,1232.8524169921875,193.43606567382812,674.74609375,2038.0181884765625
2020-01-16,1764.16357421875,1236.1163330078125,192.119384765625,680.9672241210938,2048.908447265625
2020-01-17,1759.2607421875,1226.9967041015625,191.48097229003906,700.051513671875,2030.8798828125
2020-01-20,1777.2373046875,1204.677001953125,193.03707885742188,678.5097045898438,1986.2646484375
2020-01-21,1740.7073974609375,1194.54931640625,190.28396606445312,679.1961059570312,1986.9052734375
2020-01-22,1710.4259033203125,1191.189453125,189.9647674560547,678.95263671875,2019.7142333984375
2020-01-23,1707.397705078125,1195.029296875,189.84506225585938,676.074462890625,2009.670654296875
2020-01-24,1717.6834716796875,1194.741455078125,190.04457092285156,673.7276611328125,2002.745361328125
2020-01-27,1719.1737060546875,1164.6458740234375,187.21163940429688,667.0857543945312,1989.7657470703125
2020-01-28,1710.2816162109375,1174.245849609375,184.13934326171875,651.6766967773438,2003.0660400390625
2020-01-29,1727.4410400390625,1186.389404296875,188.84754943847656,655.2632446289062,1976.3280029296875
2020-01-30,1735.1796875,1176.981689453125,186.77276611328125,639.278564453125,1960.964111328125
2020-01-31,1726.1912841796875,1177.2218017578125,187.65054321289062,625.06494140625,1907.029052734375
2020-02-03,1795.4063720703125,1145.0625,165.6655731201172,613.4859619140625,1928.5389404296875
2020-02-04,1818.1416015625,1180.581787109375,172.0894775390625,631.5961303710938,1933.354736328125
2020-02-05,1801.0299072265625,1194.8372802734375,172.72787475585938,641.3817749023438,1968.9443359375
2020-02-06,1784.975830078125,1190.181640625,170.41371154785156,645.499755859375,1952.25
2020-02-07,1786.802490234375,1192.4853515625,170.29400634765625,634.806396484375,1959.771728515625
2020-02-10,1797.1844482421875,1190.6614990234375,168.01968383789062,635.6698608398438,1983.0697021484375
2020-02-11,1805.4520263671875,1190.949462890625,169.65557861328125,643.263671875,1975.2269287109375
2020-02-12,1820.44873046875,1199.01318359375,170.01467895507812,651.0345458984375,1991.1414794921875
2020-02-13,1801.558837890625,1191.717529296875,169.0969696044922,652.7393798828125,2010.587646484375
2020-02-14,1804.44287109375,1170.5498046875,165.74534606933594,658.6948852539062,2003.4791259765625
2020-02-17,1808.6243896484375,1168.4378662109375,163.43116760253906,654.5547485351562,2020.95263671875
2020-02-18,1791.5609130859375,1164.6939697265625,162.67303466796875,649.7505493164062,2032.4183349609375
2020-02-19,1811.989013671875,1178.085693359375,164.94737243652344,665.8681640625,2014.62353515625
2020-02-20,1770.9891357421875,1168.3900146484375,165.5458526611328,657.96435546875,1978.3458251953125
2020-02-24,1748.58984375,1161.5260009765625,161.99473571777344,639.8098754882812,1940.3258056640625
2020-02-25,1755.4635009765625,1152.2623291015625,161.03713989257812,627.1682739257812,1977.74951171875
2020-02-26,1755.9923095703125,1151.2542724609375,158.48353576660156,616.3641357421875,1947.89306640625
2020-02-27,1772.47900390625,1151.4462890625,157.64559936523438,613.818115234375,1931.2901611328125
2020-02-28,1728.402587890625,1130.518798828125,157.64559936523438,588.3132934570312,1834.6573486328125
2020-03-02,1717.6834716796875,1132.390869140625,155.85012817382812,582.778564453125,1835.7120361328125
2020-03-03,1737.8560791015625,1134.5028076171875,154.69302368164062,594.6010131835938,1867.724365234375
2020-03-04,1783.60546875,1102.8714599609375,149.6256866455078,593.2061767578125,1910.83544921875
2020-03-05,1809.182861328125,1105.2713623046875,150.06460571289062,580.5645751953125,1949.2232666015625
2020-03-06,1812.0782470703125,1089.4798583984375,145.03717041015625,562.7864990234375,1941.33447265625
2020-03-09,1802.136962890625,1062.984375,141.40626525878906,493.3348693847656,1809.1575927734375
2020-03-11,1817.290283203125,1069.22412109375,140.1693572998047,510.7808532714844,1792.050537109375
2020-03-12,1779.165771484375,980.4260864257812,124.3289794921875,470.6861267089844,1623.412109375
2020-03-13,1735.1051025390625,1026.985107421875,129.47610473632812,489.4161376953125,1656.8463134765625
2020-03-16,1624.78515625,959.4985961914062,117.50604248046875,449.74212646484375,1556.03955078125
2020-03-17,1671.3067626953125,936.0750732421875,119.0222396850586,446.33270263671875,1520.8165283203125
2020-03-18,1561.855224609375,841.8052368164062,120.25914764404297,428.84246826171875,1517.5145263671875
2020-03-19,1545.4471435546875,859.7088623046875,129.15689086914062,406.34869384765625,1511.9246826171875
2020-03-20,1682.2615966796875,847.51708984375,140.0496368408203,450.7384338378906,1660.774658203125
2020-03-23,1446.274658203125,740.6715087890625,123.13196563720703,391.44879150390625,1542.738525390625
2020-03-24,1471.755859375,736.9755249023438,119.46114349365234,417.7283935546875,1573.645263671875
2020-03-25,1537.6776123046875,822.4616088867188,117.58584594726562,479.2098083496094,1617.2103271484375
2020-03-26,1560.6488037109375,865.0367431640625,124.80774688720703,472.10302734375,1654.7689208984375
2020-03-27,1548.2945556640625,868.252685546875,130.23419189453125,471.83734130859375,1685.76806640625
2020-03-30,1539.414794921875,798.3662719726562,127.04216766357422,456.27325439453125,1643.265625
2020-03-31,1608.473388671875,827.4055786132812,137.01722717285156,493.1577453613281,1687.246337890625
2020-04-01,1547.3775634765625,796.4462280273438,132.7877960205078,478.4128112792969,1578.819580078125
2020-04-03,1467.9429931640625,781.2785034179688,141.96482849121094,477.08447265625,1528.4173583984375
2020-04-07,1567.260498046875,860.2368774414062,144.8775634765625,534.0494384765625,1640.2164306640625
2020-04-08,1552.927490234375,853.324951171875,142.56333923339844,527.8724365234375,1575.770263671875
2020-04-09,1593.850830078125,888.0281982421875,147.83018493652344,540.1820678710938,1631.85498046875
2020-04-13,1622.3238525390625,859.516845703125,144.91748046875,526.5440673828125,1625.4793701171875
2020-04-15,1658.373291015625,828.74951171875,151.10198974609375,509.1424255371094,1603.2117919921875
2020-04-16,1682.40625,844.5411376953125,148.70799255371094,517.2012329101562,1585.5645751953125
2020-04-17,1695.0985107421875,873.8684692382812,150.1044921875,541.9752807617188,1668.859619140625
2020-04-20,1670.19677734375,907.0357666015625,144.1992645263672,550.7426147460938,1680.3631591796875
2020-04-21,1665.901611328125,884.7642822265625,143.32147216796875,547.8866577148438,1605.5218505859375
2020-04-22,1749.87255859375,891.43603515625,145.4361572265625,603.7888793945312,1634.9500732421875
2020-04-23,1758.2210693359375,916.7316284179688,144.07957458496094,607.021240234375,1735.4310302734375
2020-04-24,1763.915771484375,900.5078735351562,143.68057250976562,627.4339599609375,1680.270751953125
2020-04-27,1786.88720703125,892.4920654296875,143.52096557617188,633.0794677734375,1696.9478759765625
2020-04-28,1760.8756103515625,894.1240844726562,143.20175170898438,632.37109375,1717.69091796875
2020-04-29,1705.9566650390625,937.9951171875,145.3563690185547,631.8396606445312,1760.747314453125
2020-04-30,1697.463134765625,961.70654296875,145.27659606933594,649.130615234375,1861.274658203125
2020-05-04,1618.414794921875,886.0602416992188,138.8925323486328,635.4927978515625,1783.6617431640625
2020-05-05,1562.772216796875,874.9724731445312,138.77281188964844,646.7615966796875,1785.7869873046875
2020-05-06,1554.568115234375,908.5238037109375,130.79281616210938,646.8059692382812,1758.853515625
2020-05-07,1538.7877197265625,887.9801635742188,128.47860717773438,667.2628784179688,1747.8118896484375
2020-05-08,1523.4410400390625,891.8681640625,126.28409576416016,691.5499877929688,1749.4293212890625
2020-05-11,1514.9473876953125,879.1483764648438,126.44368743896484,698.1918334960938,1788.1431884765625
2020-05-12,1470.3077392578125,865.4686279296875,131.71051025390625,654.9974975585938,1801.2633056640625
2020-05-13,1508.8670654296875,890.5241088867188,131.98980712890625,668.89453125,1801.4017333984375
2020-05-14,1469.39111328125,857.932861328125,130.71299743652344,641.8517456054688,1757.6982421875
2020-05-15,1498.8773193359375,852.60498046875,131.3913116455078,652.3336791992188,1748.967041015625
2020-05-18,1448.83251953125,803.1660766601562,131.4711151123047,643.9972534179688,1797.6597900390625
2020-05-19,1451.58349609375,797.40625,136.25912475585938,629.7607421875,1800.4781494140625
2020-05-20,1447.8192138671875,822.797607421875,140.24913024902344,640.8461303710938,1805.0513916015625
2020-05-21,1519.4840087890625,825.1495971679688,150.78280639648438,644.2208251953125,1839.79248046875
2020-05-22,1561.565673828125,805.2780151367188,148.70799255371094,639.8850708007812,1866.7257080078125
2020-05-26,1573.0994873046875,818.2857055664062,152.97727966308594,636.5326538085938,1795.2576904296875
2020-05-27,1563.061767578125,867.4846801757812,153.33639526367188,646.142822265625,1852.8199462890625
2020-05-28,1586.370849609375,907.4197998046875,152.13938903808594,658.077392578125,1851.8963623046875
2020-05-29,1624.49560546875,913.5636596679688,157.4860382080078,654.5685424804688,1822.3759765625
2020-06-01,1634.292236328125,948.1228637695312,160.0396270751953,679.5775146484375,1889.7325439453125
2020-06-02,1649.7833251953125,960.9384765625,157.40621948242188,686.438720703125,1891.4881591796875
2020-06-03,1656.7808837890625,981.3380737304688,156.96731567382812,689.098388671875,1896.12158203125
2020-06-04,1576.86376953125,961.6105346679688,159.72042846679688,706.1509399414062,1938.1925048828125
2020-06-05,1581.49658203125,991.9938354492188,159.6007080078125,707.0001831054688,1898.0673828125
2020-06-08,1577.3463134765625,975.2422485351562,157.7254180908203,701.546875,1919.84423828125
2020-06-09,1584.8748779296875,947.786865234375,158.40371704101562,687.0869140625,1920.122314453125
2020-06-10,1578.987060546875,952.1547241210938,158.84262084960938,702.7315063476562,1954.131591796875
2020-06-11,1554.519775390625,929.835205078125,155.01219177246094,687.332763671875,1916.0447998046875
2020-06-12,1580.3385009765625,943.4189453125,154.73291015625,710.173828125,1889.9588623046875
2020-06-15,1561.855224609375,911.8356323242188,149.38629150390625,721.6837158203125,1881.0628662109375
2020-06-16,1565.2333984375,950.7628173828125,147.6306915283203,723.091796875,1895.7969970703125
2020-06-17,1539.84912109375,940.0590209960938,144.5982666015625,722.0413208007812,1897.650634765625
2020-06-18,1542.16552734375,979.130126953125,148.90748596191406,740.166748046875,1888.6614990234375
2020-06-19,1566.005615234375,991.9938354492188,146.87258911132812,786.4298706054688,1894.68505859375
2020-06-22,1594.623046875,987.5779418945312,147.6306915283203,780.5072631835938,1879.255859375
2020-06-23,1625.2677001953125,1000.5857543945312,148.3090057373047,769.2208251953125,1886.067138671875
2020-06-24,1686.4119873046875,991.1778564453125,153.0970001220703,772.3274536132812,1892.4610595703125
2020-06-25,1630.190185546875,987.5779418945312,161.27655029296875,767.8799438476562,1868.2747802734375
2020-06-26,1628.018310546875,1014.1693725585938,155.77032470703125,778.495849609375,1963.4910888671875
2020-06-29,1633.037353515625,1032.985107421875,157.40621948242188,770.2265625,1947.5518798828125
2020-06-30,1628.6939697265625,1023.1932373046875,155.33140563964844,761.7114868164062,1929.481689453125
2020-07-01,1629.2249755859375,1041.1927490234375,161.91494750976562,776.685546875,1938.6558837890625
2020-07-02,1627.728759765625,1045.80078125,164.26905822753906,793.28466796875,1998.982421875
2020-07-03,1636.6082763671875,1030.968994140625,165.62564086914062,805.6998291015625,2038.365966796875
2020-07-06,1649.3489990234375,1058.8563232421875,167.6393585205078,834.4957275390625,2097.256591796875
2020-07-07,1684.9638671875,1060.92041015625,162.98268127441406,821.7200927734375,2103.46533203125
2020-07-08,1627.53564453125,1065.9122314453125,164.70274353027344,810.2513427734375,2056.20458984375
2020-07-09,1657.45654296875,1079.9278564453125,163.98953247070312,822.0806274414062,2042.7220458984375
2020-07-10,1644.18505859375,1060.872314453125,163.06661987304688,846.3250732421875,2059.40283203125
2020-07-13,1646.2603759765625,1037.0169677734375,165.75149536132812,871.989013671875,2057.224609375
2020-07-14,1629.6109619140625,1016.4732666015625,164.3671112060547,863.87744140625,2012.69775390625
2020-07-15,1613.4442138671875,1011.0015869140625,166.71641540527344,830.9807739257812,2070.10498046875
2020-07-16,1634.2435302734375,1020.0252075195312,162.6470947265625,830.71044921875,2075.5380859375
2020-07-17,1658.083740234375,1054.4884033203125,162.81491088867188,861.4891357421875,2043.960693359375
2020-07-20,1690.6103515625,1087.7037353515625,161.6821746826172,865.1843872070312,2050.60107421875
2020-07-21,1664.2127685546875,1092.983642578125,161.30462646484375,888.4599609375,2066.52880859375
2020-07-22,1636.7049560546875,1081.2718505859375,164.9124755859375,903.083251953125,2034.858642578125
2020-07-23,1669.115478515625,1085.159912109375,168.39447021484375,927.3276977539062,2016.515869140625
2020-07-24,1653.9005126953125,1074.31201171875,167.47157287597656,967.1417846679688,2003.698974609375
2020-07-27,1717.75537109375,1036.2967529296875,164.78662109375,971.6707153320312,2049.580078125
2020-07-28,1699.8837890625,1043.1607666015625,163.9475860595703,981.359375,2145.19482421875
2020-07-29,1681.0462646484375,1021.9931030273438,165.03834533691406,944.8350219726562,2113.895751953125
2020-07-30,1684.1373291015625,1008.6015625,162.2275848388672,950.3328857421875,2117.100341796875
2020-07-31,1657.2332763671875,991.4659423828125,162.89877319335938,931.5186767578125,2118.86474609375
2020-08-03,1647.572998046875,961.8985595703125,161.59829711914062,905.33642578125,2093.5556640625
2020-08-04,1655.73583984375,999.9617309570312,162.47927856445312,969.1470947265625,2089.423095703125
2020-08-05,1658.00634765625,986.4260864257812,161.76611328125,958.26416015625,2098.525146484375
2020-08-06,1668.8741455078125,999.0496215820312,163.9056396484375,961.7114868164062,2143.6630859375
2020-08-07,1744.9010009765625,1002.0736083984375,164.4929656982422,967.2769165039062,2131.8212890625
2020-08-10,1721.8128662109375,1008.6015625,166.84225463867188,955.2898559570312,2120.165771484375
2020-08-11,1728.768310546875,1023.961181640625,170.36622619628906,961.5762939453125,2117.4716796875
2020-08-12,1736.206787109375,1021.1292724609375,171.3311004638672,958.7823486328125,2096.5283203125
2020-08-13,1741.32666015625,1016.6654663085938,169.0237579345703,956.2813720703125,2093.83447265625
2020-08-14,1741.32666015625,993.0498046875,164.78662109375,952.5635375976562,2082.41162109375
2020-08-17,1774.316650390625,991.4179077148438,166.75836181640625,942.4467163085938,2092.859619140625
2020-08-18,1810.4464111328125,1014.21728515625,166.59056091308594,954.7041625976562,2108.045166015625
2020-08-19,1821.6524658203125,1023.9131469726562,166.5066375732422,960.5623779296875,2095.831298828125
2020-08-20,1811.21923828125,1016.6172485351562,164.28321838378906,945.0152587890625,2092.348876953125
2020-08-21,1891.496826171875,1042.2008056640625,165.1222686767578,938.16552734375,2088.40185546875
2020-08-24,1895.505859375,1072.34423828125,165.03834533691406,944.4293823242188,2087.9375
2020-08-25,1932.64990234375,1074.8878173828125,163.9475860595703,938.2782592773438,2082.8759765625
2020-08-26,1904.441650390625,1073.6878662109375,163.57000732421875,963.153564453125,2092.95263671875
2020-08-27,1915.164794921875,1067.592041015625,162.98268127441406,951.1214599609375,2088.215576171875
2020-08-28,1891.5933837890625,1069.8961181640625,164.0734100341797,953.6226196289062,2079.0673828125
2020-08-31,1834.5975341796875,1071.192138671875,160.33973693847656,937.6472778320312,2096.435791015625
2020-09-01,1912.0733642578125,1082.1839599609375,159.58460998535156,940.5989990234375,2086.31201171875
2020-09-02,1877.9239501953125,1088.7596435546875,160.5494842529297,959.0527954101562,2103.772216796875
2020-09-03,1910.8175048828125,1085.6396484375,160.75926208496094,951.7974243164062,2135.67578125
2020-09-04,1889.90283203125,1074.5040283203125,156.64796447753906,936.0925903320312,2125.73828125
2020-09-07,1914.7783203125,1066.05615234375,158.66165161132812,938.5260620117188,2161.2626953125
2020-09-08,1893.7672119140625,1067.9281005859375,157.8645782470703,949.5442504882812,2180.90625
2020-09-09,1911.83203125,1052.6165771484375,154.2147674560547,973.9915161132812,2161.81982421875
2020-09-10,1986.6998291015625,1046.90478515625,155.1376953125,1042.7818603515625,2165.07080078125
2020-09-11,1966.79931640625,1035.48095703125,154.3406219482422,1045.3729248046875,2204.960693359375
2020-09-14,1962.21044921875,1015.6093139648438,153.8372039794922,1037.621826171875,2313.903564453125
2020-09-15,1949.0242919921875,1027.6571044921875,152.53672790527344,1044.9674072265625,2313.903564453125
2020-09-16,1943.75927734375,1049.880615234375,151.57179260253906,1047.535888671875,2324.677001953125
2020-09-17,1939.7503662109375,1040.232666015625,149.851806640625,1035.9095458984375,2285.622802734375
2020-09-18,1959.505859375,1014.9854125976562,150.2713165283203,1039.04150390625,2275.35986328125
2020-09-21,1905.5526123046875,1007.3055419921875,147.4605255126953,1016.5769653320312,2289.662841796875
2020-09-22,1871.693115234375,993.9618530273438,146.1600341796875,996.433349609375,2343.2060546875
2020-09-23,1880.4359130859375,1005.337646484375,144.73365783691406,1005.2883911132812,2291.659912109375
2020-09-24,1853.1934814453125,989.1619262695312,139.74139404296875,982.9366455078125,2166.09228515625
2020-09-25,1860.197265625,1002.217529296875,143.26536560058594,992.1747436523438,2249.72705078125
2020-09-28,1879.5179443359375,1012.00927734375,145.4049072265625,998.7316284179688,2253.441162109375
2020-09-29,1893.3802490234375,1020.0252075195312,142.13267517089844,1011.7100830078125,2311.11767578125
2020-09-30,1918.9322509765625,1035.4329833984375,144.0624237060547,1006.8883056640625,2314.7392578125
2020-10-01,1971.1463623046875,1062.648193359375,143.3492889404297,1002.7874145507812,2343.670166015625
2020-10-05,1959.1192626953125,1069.7520751953125,142.00680541992188,996.9064331054688,2513.029052734375
2020-10-06,2019.013427734375,1098.3115234375,142.55218505859375,996.0728149414062,2520.923828125
2020-10-07,2033.5040283203125,1115.735107421875,142.21656799316406,1017.320556640625,2541.03125
2020-10-08,2017.7091064453125,1144.1026611328125,140.24484252929688,1009.0962524414062,2624.386474609375
2020-10-09,1980.9517822265625,1184.181640625,140.83216857910156,1006.4826049804688,2612.545166015625
2020-10-12,2007.2760009765625,1165.0780029296875,144.48196411132812,1008.1049194335938,2628.380859375
2020-10-13,1994.524658203125,1150.4862060546875,142.76193237304688,1027.775390625,2625.1767578125
2020-10-14,2000.9971923828125,1163.0140380859375,140.79022216796875,1030.83984375,2620.5595703125
2020-10-15,2019.4481201171875,1122.4549560546875,138.4828643798828,994.3378295898438,2556.2021484375
2020-10-16,1991.1917724609375,1151.350341796875,139.02822875976562,980.5032348632812,2577.375244140625
2020-10-19,1999.7896728515625,1155.38232421875,141.16775512695312,980.6834716796875,2529.106689453125
2020-10-20,2046.5457763671875,1174.9658203125,140.49655151367188,971.5355224609375,2554.709716796875
2020-10-21,2042.4881591796875,1196.8052978515625,140.66433715820312,957.4304809570312,2495.388916015625
2020-10-22,2028.5771484375,1183.9415283203125,141.41949462890625,949.4765625,2491.425048828125
2020-10-23,2048.236328125,1186.341552734375,143.26536560058594,952.2255249023438,2506.02197265625
2020-10-26,2009.7877197265625,1162.4381103515625,141.41949462890625,914.3942260742188,2507.328125
2020-10-27,2123.15234375,1183.74951171875,140.28675842285156,916.8278198242188,2453.18359375
2020-10-28,2089.386474609375,1161.1900634765625,138.8604278564453,906.4404907226562,2445.768310546875
2020-10-29,2153.144775390625,1139.6865234375,137.4760284423828,913.4028930664062,2455.51513671875
2020-10-30,2139.648193359375,1136.1826171875,138.65065002441406,925.840576171875,2485.548828125
2020-11-02,2102.254150390625,1166.6138916015625,139.90921020507812,846.0546875,2429.35302734375
2020-11-03,2084.645263671875,1198.00537109375,142.71998596191406,833.8648681640625,2456.401611328125
2020-11-04,2098.964599609375,1207.0771484375,142.46829223632812,862.1651000976562,2474.6357421875
2020-11-05,2165.57763671875,1218.40478515625,146.62149047851562,881.0018310546875,2504.995849609375
2020-11-06,2137.27783203125,1255.3160400390625,145.9502716064453,914.4168090820312,2525.28271484375
2020-11-09,2152.90283203125,1286.8994140625,144.98536682128906,924.1280517578125,2543.14453125
2020-11-10,2128.27978515625,1337.8741455078125,149.6420440673828,939.3822631835938,2471.32470703125
2020-11-11,2110.81640625,1334.322265625,155.4733123779297,900.018798828125,2506.954345703125
2020-11-12,2101.23779296875,1316.8026123046875,157.7387237548828,892.267822265625,2491.33203125
2020-11-13,2109.123291015625,1304.4189453125,156.9835968017578,899.6583251953125,2478.08642578125
2020-11-14,2113.622314453125,1314.882568359375,158.24215698242188,902.3170776367188,2490.679443359375
2020-11-17,2116.572998046875,1352.081787109375,157.19334411621094,898.23876953125,2486.66796875
2020-11-18,2124.41015625,1352.32177734375,154.42454528808594,895.512451171875,2449.919189453125
2020-11-19,2091.46630859375,1319.3465576171875,157.65480041503906,889.1809692382812,2459.479248046875
2020-11-20,2096.15869140625,1347.473876953125,160.8431396484375,855.9913940429688,2481.258056640625
2020-11-23,2115.218505859375,1338.7861328125,160.1300048828125,879.0640869140625,2540.952392578125
2020-11-24,2136.164794921875,1380.64111328125,164.0734100341797,885.0801391601562,2538.900146484375
2020-11-25,2084.306884765625,1346.657958984375,162.6470947265625,877.7572021484375,2519.54638671875
2020-11-26,2085.27392578125,1369.553466796875,163.4441680908203,879.9202880859375,2537.5478515625
2020-11-27,2143.324951171875,1383.18505859375,162.47927856445312,869.6456909179688,2499.35302734375
2020-12-01,2157.595458984375,1375.937255859375,163.10855102539062,880.956787109375,2543.3310546875
2020-12-02,2240.60791015625,1350.6419677734375,164.4090576171875,882.4213256835938,2564.55029296875
2020-12-03,2333.05322265625,1322.08251953125,164.61878967285156,885.0801391601562,2527.14794921875
2020-12-04,2359.5146484375,1330.1463623046875,166.29689025878906,877.2839965820312,2544.02978515625
2020-12-07,2392.21630859375,1317.3306884765625,170.4501190185547,882.4439086914062,2553.49658203125
2020-12-08,2359.65966796875,1321.2183837890625,169.86276245117188,898.4641723632812,2609.087158203125
2020-12-09,2440.350341796875,1350.8817138671875,172.3379364013672,913.4253540039062,2621.678466796875
2020-12-10,2443.978759765625,1330.38623046875,178.462890625,904.4351806640625,2596.961669921875
2020-12-11,2439.0439453125,1327.45849609375,181.4834442138672,903.8943481445312,2596.30859375
2020-12-14,2465.3603515625,1317.234619140625,181.14781188964844,897.3600463867188,2609.4599609375
2020-12-15,2445.332763671875,1335.6182861328125,179.17611694335938,889.7216796875,2575.742431640625
2020-12-16,2498.5458984375,1354.24169921875,179.5536346435547,890.713134765625,2624.849609375
2020-12-17,2491.386474609375,1384.09716796875,178.75657653808594,894.7914428710938,2647.23486328125
2020-12-18,2516.97705078125,1354.86572265625,179.97317504882812,897.47265625,2668.50048828125
2020-12-21,2471.6494140625,1317.714599609375,170.28228759765625,874.1070556640625,2630.39990234375
2020-12-22,2516.2998046875,1318.1466064453125,170.65988159179688,872.755126953125,2679.226806640625
2020-12-23,2556.693359375,1320.5946044921875,174.3096923828125,875.9772338867188,2713.03857421875
2020-12-24,2562.207763671875,1341.1861572265625,175.02284240722656,898.6444091796875,2713.59765625
2020-12-28,2596.699462890625,1356.3057861328125,175.7779998779297,902.7677612304688,2732.29833984375
2020-12-29,2609.1806640625,1370.0814208984375,177.49801635742188,896.796875,2733.32470703125
2020-12-30,2645.55908203125,1375.1693115234375,177.1623992919922,899.2527465820312,2713.55126953125
2020-12-31,2674.680908203125,1378.8172607421875,175.3584747314453,894.65625,2670.13330078125
2021-01-01,2685.3720703125,1368.017578125,179.4278106689453,895.647705078125,2731.22607421875
2021-01-04,2664.232421875,1359.3297119140625,179.05026245117188,897.1573486328125,2834.94384765625
2021-01-05,2703.077880859375,1369.601318359375,177.41412353515625,886.0039672851562,2884.89111328125
2021-01-06,2714.203857421875,1363.697509765625,172.3379364013672,862.6382446289062,2846.18310546875
2021-01-07,2701.529296875,1359.5697021484375,170.15643310546875,861.2413330078125,2828.74169921875
2021-01-08,2752.275390625,1374.3533935546875,169.06568908691406,871.4032592773438,2910.9140625
2021-01-11,2756.725830078125,1393.36083984375,169.90475463867188,854.9774169921875,2962.7265625
2021-01-12,2632.158935546875,1421.728271484375,173.21893310546875,881.9255981445312,2961.234130859375
2021-01-13,2615.85693359375,1411.79248046875,177.2462921142578,873.701416015625,2946.40380859375
2021-01-14,2577.349365234375,1409.9686279296875,179.6794891357422,883.5254516601562,3037.75048828125
2021-01-15,2506.72119140625,1407.95263671875,182.78395080566406,873.0930786132812,3021.537353515625
2021-01-18,2504.109130859375,1423.7442626953125,184.3781280517578,894.0478515625,3010.696533203125
2021-01-19,2559.1123046875,1443.663818359375,183.6229705810547,908.6712036132812,3047.09521484375
2021-01-20,2609.61572265625,1432.2880859375,182.61614990234375,925.9306640625,3092.04443359375
2021-01-21,2628.095458984375,1415.776611328125,179.30194091796875,946.0742797851562,3059.3837890625
2021-01-22,2512.284912109375,1385.777099609375,176.78482055664062,923.6323852539062,3086.71728515625
2021-01-25,2432.271240234375,1404.3048095703125,174.35162353515625,874.6929321289062,3075.690673828125
2021-01-27,2357.434814453125,1353.185791015625,176.74285888671875,853.9634399414062,3047.4228515625
2021-01-28,2362.368896484375,1316.5626220703125,173.3448028564453,845.649169921875,2987.1474609375
2021-01-29,2329.134765625,1334.8502197265625,170.53402709960938,830.0569458007812,2907.529296875
2021-02-01,2368.270751953125,1417.6483154296875,181.18978881835938,854.0986328125,2933.694580078125
2021-02-02,2383.605712890625,1498.0946044921875,183.07760620117188,867.8431396484375,2993.59521484375
2021-02-03,2373.9306640625,1511.7742919921875,181.86102294921875,870.0287475585938,2990.41845703125
2021-02-04,2323.764892578125,1515.902099609375,192.936279296875,867.1671752929688,2979.578369140625
2021-02-05,2299.529296875,1533.6617431640625,196.62803649902344,866.9193115234375,2951.075927734375
2021-02-08,2338.326416015625,1541.0057373046875,195.5792694091797,879.402099609375,3003.5478515625
2021-02-09,2425.402099609375,1547.3414306640625,192.1392059326172,881.5200805664062,2968.78466796875
2021-02-10,2429.03076171875,1518.446044921875,190.922607421875,889.6991577148438,3002.80029296875
2021-02-11,2424.096435546875,1509.4222412109375,189.99966430664062,926.3812866210938,2995.978271484375
2021-02-12,2405.326416015625,1518.63818359375,182.4482879638672,920.0272827148438,2981.77392578125
2021-02-15,2376.9296875,1551.9012451171875,183.41322326660156,915.9714965820312,2934.162109375
2021-02-16,2370.641357421875,1561.54931640625,183.1195526123047,928.09375,2905.14599609375
2021-02-17,2310.55859375,1523.0059814453125,182.70005798339844,938.7965087890625,2871.78515625
2021-02-18,2390.4755859375,1492.0947265625,183.6229705810547,931.7890014648438,2857.06689453125
2021-02-19,2337.939208984375,1477.5030517578125,181.18978881835938,937.467041015625,2870.61669921875
2021-02-22,2309.49462890625,1486.046875,177.83998107910156,904.9307861328125,2764.6455078125
2021-02-23,2295.126708984375,1467.9512939453125,179.0854034423828,911.84814453125,2784.970458984375
2021-02-24,2284.6298828125,1542.1575927734375,179.3860321044922,928.7697143554688,2754.972900390625
2021-02-25,2296.62646484375,1542.109619140625,179.6437225341797,966.33056640625,2799.08154296875
2021-02-26,2203.213623046875,1472.9910888671875,175.09141540527344,939.9456176757812,2704.697265625
2021-03-01,2285.548583984375,1496.5106201171875,177.71115112304688,947.1107788085938,2732.6396484375
2021-03-02,2312.735595703125,1505.4384765625,180.28790283203125,949.0485229492188,2809.40771484375
2021-03-03,2324.05517578125,1523.3421630859375,180.33084106445312,992.3550415039062,2858.701904296875
2021-03-04,2338.568359375,1489.934814453125,180.11610412597656,980.5256958007812,2849.91748046875
2021-03-05,2309.54345703125,1468.767333984375,179.1283721923828,981.8099975585938,2810.995849609375
2021-03-08,2305.28564453125,1458.6873779296875,178.65594482421875,987.3980712890625,2809.96826171875
2021-03-09,2343.986083984375,1499.966552734375,178.48416137695312,987.37548828125,2851.086181640625
2021-03-10,2352.935791015625,1493.4866943359375,177.36756896972656,983.274658203125,2869.77587890625
2021-03-12,2323.330322265625,1489.8387451171875,176.25096130371094,963.2887573242188,2857.626708984375
2021-03-15,2278.48583984375,1467.4713134765625,176.46566772460938,950.3554077148438,2865.289794921875
2021-03-16,2388.39501953125,1451.6317138671875,178.52711486816406,946.6151123046875,2906.314208984375
2021-03-17,2344.22802734375,1435.50390625,180.88914489746094,926.2235717773438,2909.024169921875
2021-03-18,2326.426025390625,1431.3280029296875,186.94454956054688,905.3815307617188,2837.58203125
2021-03-19,2332.908447265625,1437.56787109375,191.49684143066406,938.233154296875,2850.384765625
2021-03-22,2346.888671875,1410.3526611328125,194.11654663085938,929.400634765625,2924.630126953125
2021-03-23,2331.9892578125,1440.11181640625,190.85264587402344,940.711669921875,2936.732177734375
2021-03-24,2364.15869140625,1419.6163330078125,185.48440551757812,922.5960083007812,2916.64013671875
2021-03-25,2324.15234375,1404.7845458984375,181.74806213378906,897.4276733398438,2864.0751953125
2021-03-26,2423.75732421875,1431.6162109375,181.14683532714844,898.8697509765625,2865.8974609375
2021-03-30,2494.288818359375,1491.518798828125,184.28189086914062,914.4844360351562,2951.636962890625
2021-03-31,2454.959716796875,1433.8720703125,187.67462158203125,902.6776123046875,2969.6728515625
2021-04-01,2468.843505859375,1427.248046875,189.00595092773438,911.1271362304688,2957.664794921875
2021-04-05,2429.07861328125,1391.5849609375,182.56405639648438,897.9459838867188,3026.72314453125
2021-04-06,2526.748779296875,1382.609130859375,182.64991760253906,894.2056274414062,3050.8330078125
2021-04-07,2543.19677734375,1389.281005859375,183.6376953125,902.56494140625,3057.093994140625
2021-04-08,2564.530029296875,1375.4573974609375,183.16529846191406,903.6915893554688,3100.034423828125
2021-04-09,2545.324951171875,1364.849609375,183.0364532470703,893.191650390625,3104.61328125
2021-04-12,2517.654052734375,1312.3388671875,176.3368682861328,861.2413330078125,3033.8720703125
2021-04-13,2487.177734375,1344.3060302734375,179.25718688964844,870.5469360351562,2900.707763671875
2021-04-15,2503.625244140625,1372.8653564453125,177.5393524169922,876.1799926757812,3008.080322265625
2021-04-16,2577.15625,1371.473388671875,178.61300659179688,870.6821899414062,2985.8388671875
2021-04-19,2488.338623046875,1355.8736572265625,176.5945281982422,856.982666015625,2954.674072265625
2021-04-20,2470.681396484375,1335.7142333984375,174.833740234375,856.73486328125,2938.55419921875
2021-04-22,2429.659423828125,1365.5694580078125,176.85220336914062,859.1007080078125,2914.490966796875
2021-04-23,2436.1416015625,1357.5537109375,176.3798065185547,858.1769409179688,2905.80029296875
2021-04-26,2474.793212890625,1348.5780029296875,176.3368682861328,873.2733764648438,2897.67041015625
2021-04-27,2490.70947265625,1381.1212158203125,176.42276000976562,896.1658935546875,2926.826171875
2021-04-28,2529.603271484375,1417.696533203125,176.50863647460938,900.0638427734375,2919.444091796875
2021-04-29,2528.538818359375,1413.5684814453125,175.47793579101562,912.1185302734375,2911.173583984375
2021-04-30,2453.991943359375,1355.77783203125,174.0177764892578,898.8021240234375,2836.787841796875
2021-05-03,2498.255859375,1357.8416748046875,172.60055541992188,882.826904296875,2838.049560546875
2021-05-04,2503.09326171875,1332.7862548828125,171.4409942626953,863.697265625,2849.96435546875
2021-05-05,2484.22705078125,1346.4659423828125,172.987060546875,865.2745971679688,2892.90380859375
2021-05-06,2466.2314453125,1344.8341064453125,174.14659118652344,870.1864013671875,2907.62255859375
2021-05-07,2468.746826171875,1358.129638671875,176.3798065185547,870.5245361328125,2927.6669921875
2021-05-10,2473.874755859375,1363.025634765625,176.55160522460938,868.0233764648438,2939.441650390625
2021-05-11,2473.197265625,1347.3779296875,175.22024536132812,871.1553344726562,2918.041748046875
2021-05-12,2473.148681640625,1343.4901123046875,174.5760498046875,862.1425170898438,2885.3349609375
2021-05-14,2684.356201171875,1331.3463134765625,182.30638122558594,873.0255737304688,2851.599365234375
2021-05-17,2692.33837890625,1382.609130859375,182.60702514648438,883.4127807617188,2868.654052734375
2021-05-18,2730.119873046875,1417.600341796875,180.41673278808594,895.8504638671875,2886.456298828125
2021-05-19,2724.36279296875,1399.8406982421875,178.4412384033203,899.9512939453125,2880.1015625
2021-05-20,2703.319580078125,1375.4573974609375,177.79702758789062,894.7013549804688,2859.543212890625
2021-05-21,2740.471923828125,1437.3759765625,179.55780029296875,902.4298095703125,2878.69970703125
2021-05-24,2727.604248046875,1449.5196533203125,181.6621856689453,894.8139038085938,2879.634521484375
2021-05-25,2819.710693359375,1419.76025390625,181.14683532714844,884.674560546875,2924.240234375
2021-05-26,2846.02734375,1417.9364013671875,180.88914489746094,887.783935546875,2966.028076171875
2021-05-27,2853.525146484375,1423.3123779296875,181.36155700683594,890.5103149414062,2986.21826171875
2021-05-28,2845.15625,1443.27978515625,182.86465454101562,944.0013427734375,2952.03564453125
2021-05-31,2880.7607421875,1455.1834716796875,186.04269409179688,973.5182495117188,2966.638427734375
2021-06-01,2835.771240234375,1451.1995849609375,184.8831329345703,977.393798828125,2960.863037109375
2021-06-02,2809.358154296875,1443.807861328125,179.514892578125,991.9720458984375,2938.748291015625
2021-06-03,2839.98046875,1459.695556640625,179.55780029296875,995.7573852539062,2949.829833984375
2021-06-04,2829.86962890625,1440.8797607421875,179.30014038085938,987.127685546875,2952.17724609375
2021-06-07,2837.803466796875,1439.8238525390625,181.6192169189453,1003.7562255859375,2989.22265625
2021-06-08,2831.17578125,1423.6962890625,183.50885009765625,997.988037109375,3005.14013671875
2021-06-09,2847.913818359375,1421.056396484375,182.5211181640625,980.1427001953125,3005.23388671875
2021-06-10,2868.866943359375,1421.7762451171875,184.77224731445312,983.7478637695312,3020.775390625
2021-06-11,2874.3603515625,1426.864013671875,183.53634643554688,1004.3128051757812,3074.3017578125
2021-06-14,2868.186279296875,1420.240234375,183.00665283203125,1018.7208251953125,3076.69677734375
2021-06-15,2957.9296875,1430.6080322265625,182.78594970703125,1021.03515625,3063.925048828125
2021-06-16,2935.08056640625,1425.1842041015625,183.4921875,1003.6094360351562,3074.818603515625
2021-06-17,2975.528076171875,1407.424560546875,181.55001831054688,1005.447265625,3115.57373046875
2021-06-18,2962.791015625,1420.5762939453125,180.57894897460938,1009.9852294921875,3096.369384765625
2021-06-21,2983.549560546875,1429.1201171875,180.49063110351562,1015.2492065429688,3073.64453125
2021-06-22,2927.3994140625,1424.416259765625,181.06446838378906,1010.0306396484375,3100.0322265625
2021-06-23,2904.59912109375,1426.0482177734375,180.0492401123047,1000.7732543945312,3062.657470703125
2021-06-24,2958.950439453125,1445.9677734375,179.43124389648438,977.2440795898438,3168.02001953125
2021-06-25,2920.6904296875,1454.463623046875,181.0203399658203,954.9854125976562,3174.781494140625
2021-06-28,2900.320556640625,1447.9837646484375,179.74026489257812,946.613037109375,3133.416259765625
2021-06-29,2918.356689453125,1448.1766357421875,179.47543334960938,947.4298095703125,3137.265869140625
2021-06-30,2909.800537109375,1444.1754150390625,178.94573974609375,957.7990112304688,3141.86767578125
2021-07-01,2937.900390625,1433.42529296875,179.2105712890625,952.035888671875,3137.87646484375
2021-07-02,2921.760009765625,1427.3031005859375,178.68087768554688,966.1488037109375,3122.8046875
2021-07-05,2931.28857421875,1441.813232421875,179.7843780517578,975.7465209960938,3118.6259765625
2021-07-06,2919.328857421875,1479.6553955078125,178.7691650390625,964.2201538085938,3063.502685546875
2021-07-07,2955.887939453125,1484.2833251953125,179.8726806640625,957.5267333984375,3075.3818359375
2021-07-08,2944.41455078125,1465.9166259765625,178.32774353027344,949.6080932617188,3059.934326171875
2021-07-09,2927.20458984375,1448.1282958984375,177.75393676757812,939.8968505859375,3012.65234375
2021-07-12,2916.315185546875,1433.6663818359375,177.53321838378906,945.7507934570312,2998.51953125
2021-07-13,2910.9189453125,1447.983642578125,178.19534301757812,952.8300170898438,2993.307861328125
2021-07-14,2918.794189453125,1445.380615234375,180.18165588378906,946.613037109375,3018.66259765625
2021-07-15,2900.953125,1466.15771484375,182.07969665527344,944.9567260742188,3014.3330078125
2021-07-16,2906.494873046875,1467.7484130859375,183.53634643554688,958.5931396484375,3006.66357421875
2021-07-19,2899.34814453125,1418.240234375,183.4039306640625,952.4896850585938,2997.06396484375
2021-07-20,3071.542724609375,1391.38916015625,182.5652618408203,950.152587890625,3017.015869140625
2021-07-22,3020.691650390625,1396.739990234375,182.74180603027344,962.3596801757812,3026.944091796875
2021-07-23,2998.32861328125,1391.0035400390625,187.5089569091797,955.552734375,3023.650146484375
2021-07-26,2976.40283203125,1383.0975341796875,186.4054718017578,942.4608154296875,3009.251220703125
2021-07-27,2944.7548828125,1388.1109619140625,184.1984405517578,932.54541015625,2995.510986328125
2021-07-28,2920.884765625,1366.46630859375,184.59571838378906,924.535888671875,3009.486572265625
2021-07-29,2914.418701171875,1367.382080078125,181.90313720703125,931.751220703125,3007.604248046875
2021-07-30,2876.499267578125,1375.2879638671875,180.9320526123047,923.605712890625,2980.923583984375
2021-08-02,2891.66748046875,1371.6243896484375,183.00665283203125,940.48681640625,3029.814453125
2021-08-03,2943.150634765625,1383.2420654296875,185.30197143554688,947.4071655273438,3091.457275390625
2021-08-04,2934.9833984375,1412.7447509765625,184.154296875,954.6679077148438,3081.15234375
2021-08-05,2905.619384765625,1431.5933837890625,190.02499389648438,968.508544921875,3090.5634765625
2021-08-06,2884.27783203125,1439.11376953125,189.14218139648438,947.9970703125,3114.891357421875
2021-08-09,2909.655029296875,1449.9603271484375,188.7449188232422,942.596923828125,3127.03125
2021-08-10,2894.681396484375,1453.57568359375,185.2578125,947.5432739257812,3137.57177734375
2021-08-11,2890.2578125,1441.3311767578125,184.1984405517578,960.8167114257812,3147.265625
2021-08-12,2893.077392578125,1447.5498046875,184.4191436767578,957.73095703125,3154.370849609375
2021-08-13,2905.911376953125,1471.46044921875,186.67031860351562,973.6817626953125,3259.446044921875
2021-08-16,2889.0908203125,1475.7025146484375,186.18478393554688,986.3198852539062,3268.43310546875
2021-08-17,2931.77490234375,1460.3245849609375,184.68397521972656,982.122314453125,3343.81689453125
2021-08-18,2918.40576171875,1458.7337646484375,184.46328735351562,985.9342041015625,3350.875
2021-08-20,3026.719482421875,1460.4210205078125,184.4191436767578,974.8616333007812,3349.886962890625
2021-08-23,2992.202880859375,1469.917724609375,182.1238555908203,981.2601318359375,3423.199462890625
2021-08-24,2961.57568359375,1502.939208984375,181.6383056640625,990.9486694335938,3400.424560546875
2021-08-25,2953.894287109375,1501.541259765625,182.21212768554688,999.5252685546875,3443.527099609375
2021-08-26,2955.449951171875,1499.0345458984375,180.623046875,1012.1634521484375,3455.62109375
2021-08-27,2952.67919921875,1492.912353515625,181.7707061767578,1010.7793579101562,3501.076416015625
2021-08-30,3022.63623046875,1512.0020751953125,183.62461853027344,1030.2244873046875,3483.336181640625
2021-08-31,3112.671142578125,1524.6805419921875,186.5378875732422,1024.7335205078125,3563.471923828125
2021-09-01,3211.261962890625,1522.462890625,184.94882202148438,1028.794921875,3496.1826171875
2021-09-02,3210.144287109375,1532.0079345703125,185.16954040527344,1041.18359375,3610.810302734375
2021-09-03,3246.3134765625,1519.5224609375,185.91993713378906,1083.885498046875,3615.7978515625
2021-09-06,3223.70751953125,1509.5435791015625,184.77224731445312,1100.721435546875,3625.161865234375
2021-09-07,3243.833984375,1512.9661865234375,186.9351806640625,1107.6641845703125,3591.187744140625
2021-09-08,3244.174560546875,1519.85986328125,186.49374389648438,1103.33056640625,3551.896240234375
2021-09-09,3253.654541015625,1512.3397216796875,187.7296600341797,1100.721435546875,3568.130615234375
2021-09-13,3273.781005859375,1499.7578125,189.05389404296875,1076.1937255859375,3618.9033203125
2021-09-14,3269.357177734375,1493.0087890625,190.775390625,1074.7869873046875,3657.065185546875
2021-09-15,3259.439697265625,1491.321533203125,190.68710327148438,1079.2568359375,3721.6728515625
2021-09-16,3249.52197265625,1503.999755859375,203.7085723876953,1101.901123046875,3673.440673828125
2021-09-17,3211.5537109375,1525.4036865234375,204.06167602539062,1084.815673828125,3602.434326171875
2021-09-20,3180.926513671875,1503.9033203125,206.35699462890625,1086.540283203125,3598.34033203125
2021-09-21,3217.533447265625,1496.2867431640625,213.19876098632812,1091.237060546875,3635.466552734375
2021-09-22,3225.603515625,1478.69140625,214.9644012451172,1102.9449462890625,3634.714111328125
2021-09-23,3228.666015625,1513.689453125,214.0815887451172,1129.900146484375,3641.39599609375
2021-09-24,3353.071533203125,1544.10791015625,210.50619506835938,1126.6328125,3643.3251953125
2021-09-27,3335.618896484375,1566.8131103515625,210.72691345214844,1145.5787353515625,3610.998291015625
2021-09-28,3286.08056640625,1557.1236572265625,209.8882293701172,1156.288330078125,3556.601806640625
2021-09-29,3231.0,1536.683837890625,210.1972198486328,1147.1217041015625,3568.601318359375
2021-09-30,3154.771484375,1537.7445068359375,208.47572326660156,1143.2188720703125,3553.213623046875
2021-10-01,3089.822021484375,1525.933837890625,207.7694854736328,1145.2384033203125,3510.5341796875
2021-10-04,3112.9140625,1528.87451171875,208.87301635742188,1159.9639892578125,3551.095947265625
2021-10-05,3164.591552734375,1538.2265625,207.1956787109375,1184.0377197265625,3607.562744140625
2021-10-06,3123.26904296875,1556.97900390625,204.1499786376953,1161.6429443359375,3586.48193359375
2021-10-07,3199.69189453125,1552.73681640625,205.65074157714844,1167.3382568359375,3663.653564453125
2021-10-08,3215.297119140625,1545.1683349609375,204.54722595214844,1212.1956787109375,3703.8857421875
2021-10-11,3214.470947265625,1575.201171875,210.15309143066406,1203.7550048828125,3468.561279296875
2021-10-12,3231.1943359375,1571.1517333984375,213.022216796875,1210.6298828125,3437.739501953125
2021-10-13,3231.4375,1580.600341796875,219.9964141845703,1222.950439453125,3439.951171875
2021-10-14,3206.448974609375,1626.878662109375,226.48504638671875,1225.423583984375,3405.299072265625
2021-10-18,3151.709228515625,1610.39208984375,231.7819366455078,1228.69091796875,3438.961181640625
2021-10-19,3095.55810546875,1628.1319580078125,217.1272735595703,1239.6954345703125,3426.702880859375
2021-10-20,3081.80078125,1613.8145751953125,217.70111083984375,1225.423583984375,3402.847900390625
2021-10-21,2918.84326171875,1616.1767578125,216.02377319335938,1190.0731201171875,3330.85546875
2021-10-22,2899.785888671875,1620.4671630859375,208.87301635742188,1192.2967529296875,3299.12646484375
2021-10-25,2837.218505859375,1597.5689697265625,206.04800415039062,1180.6795654296875,3293.562744140625
2021-10-26,2887.534912109375,1593.4715576171875,208.96128845214844,1207.56689453125,3283.80419921875
2021-10-27,3008.92626953125,1583.87841796875,210.50619506835938,1192.2967529296875,3290.5458984375
2021-10-28,3033.554931640625,1536.4429931640625,198.72067260742188,1179.2274169921875,3226.333251953125
2021-10-29,3017.784912109375,1526.0784912109375,197.0433349609375,1150.93359375,3203.79736328125
2021-11-01,3038.90869140625,1547.723388671875,200.26560974121094,1151.636962890625,3277.9580078125
2021-11-02,3020.94873046875,1549.121337890625,199.16209411621094,1134.846435546875,3285.3125
2021-11-03,3086.461669921875,1524.728759765625,196.38125610351562,1127.041259765625,3292.90283203125
2021-11-04,3075.3642578125,1536.7802734375,200.00076293945312,1133.9615478515625,3308.36669921875
2021-11-08,3054.678466796875,1542.8544921875,202.86988830566406,1135.368408203125,3302.8037109375
2021-11-09,3061.638671875,1515.8587646484375,201.9429473876953,1144.3306884765625,3305.58544921875
2021-11-10,3025.76708984375,1499.468505859375,203.79684448242188,1157.127685546875,3285.407470703125
2021-11-11,2982.156494140625,1492.7677001953125,203.04644775390625,1159.238037109375,3289.08447265625
2021-11-12,3039.9794921875,1497.2991943359375,205.6066131591797,1176.731689453125,3324.774169921875
2021-11-15,3084.563232421875,1501.396728515625,210.1972198486328,1169.78857421875,3350.46875
2021-11-16,3068.014892578125,1492.4783935546875,207.85775756835938,1142.6064453125,3353.3916015625
2021-11-17,3144.479248046875,1475.895263671875,211.43316650390625,1118.1468505859375,3320.860595703125
2021-11-18,3141.16943359375,1484.18701171875,209.66754150390625,1122.3671875,3277.29736328125
2021-11-22,3174.656005859375,1460.99951171875,203.84097290039062,1072.654052734375,3260.9853515625
2021-11-23,3100.96630859375,1461.1923828125,204.45895385742188,1082.682861328125,3266.501708984375
2021-11-24,3073.173828125,1463.602783203125,201.01597595214844,1067.0498046875,3246.74755859375
2021-11-25,3060.7626953125,1471.21923828125,204.19410705566406,1131.2840576171875,3249.19921875
2021-11-26,3059.643310546875,1436.46240234375,197.74957275390625,1094.8218994140625,3250.094482421875
2021-11-29,3060.8115234375,1447.4051513671875,195.5425567626953,1107.9365234375,3302.096435546875
2021-11-30,3060.17822265625,1439.9814453125,195.23358154296875,1091.5545654296875,3327.69677734375
2021-12-01,3054.82470703125,1450.683349609375,195.8956756591797,1119.50830078125,3373.569580078125
2021-12-02,3096.1474609375,1471.026611328125,199.02964782714844,1126.700927734375,3434.953857421875
2021-12-03,3027.85986328125,1459.26416015625,195.67495727539062,1092.847900390625,3432.643310546875
2021-12-06,2957.626220703125,1449.86376953125,192.3644256591797,1072.13232421875,3334.533203125
2021-12-07,2949.88720703125,1470.9781494140625,194.7921600341797,1080.86767578125,3379.88720703125
2021-12-08,3025.962158203125,1498.0704345703125,198.58827209472656,1097.31787109375,3419.866943359375
2021-12-09,3094.2978515625,1472.0869140625,207.81361389160156,1114.7208251953125,3396.15234375
2021-12-10,3195.974365234375,1467.9412841796875,208.43161010742188,1115.8553466796875,3429.2021484375
2021-12-13,3192.76220703125,1456.9503173828125,207.1073760986328,1093.4832763671875,3403.6015625
2021-12-14,3209.943603515625,1448.5621337890625,201.81051635742188,1080.096435546875,3416.943603515625
2021-12-15,3214.275390625,1446.2000732421875,197.7937469482422,1076.9423828125,3366.544921875
2021-12-16,3211.0146484375,1446.29638671875,196.77850341796875,1090.8739013671875,3377.15283203125
2021-12-17,3157.572265625,1420.2166748046875,192.4085693359375,1062.0806884765625,3379.74609375
2021-12-20,3153.434814453125,1374.516845703125,187.5089569091797,1033.4464111328125,3353.86279296875
2021-12-21,3184.48779296875,1390.0875244140625,187.59727478027344,1048.829833984375,3402.328857421875
2021-12-22,3193.005615234375,1393.3656005859375,187.15585327148438,1073.720458984375,3423.49755859375
2021-12-23,3181.12939453125,1392.304931640625,191.8347625732422,1073.3348388671875,3453.62353515625
2021-12-24,3197.580810546875,1387.29150390625,192.45272827148438,1076.7611083984375,3461.355224609375
2021-12-27,3185.510009765625,1398.7647705078125,192.0554656982422,1075.603759765625,3485.11669921875
2021-12-28,3278.76611328125,1408.4061279296875,194.26248168945312,1088.3779296875,3494.97021484375
2021-12-29,3278.035888671875,1401.705322265625,191.34921264648438,1090.23876953125,3483.797119140625
2021-12-30,3276.33251953125,1409.0809326171875,190.68710327148438,1070.5439453125,3520.617919921875
2021-12-31,3293.12451171875,1426.3388671875,192.49685668945312,1074.6507568359375,3524.955322265625
2022-01-03,3331.52685546875,1465.145263671875,193.423828125,1090.85107421875,3599.822509765625
2022-01-04,3367.447509765625,1473.72607421875,194.43902587890625,1115.469482421875,3662.998046875
2022-01-05,3433.1552734375,1508.72412109375,194.7039031982422,1120.688232421875,3640.556640625
2022-01-06,3421.32763671875,1484.5242919921875,193.07069396972656,1096.5916748046875,3590.11083984375
2022-01-07,3481.3408203125,1494.93701171875,192.8058319091797,1105.440673828125,3633.5322265625
2022-01-10,3459.14599609375,1503.228515625,197.13162231445312,1106.348388671875,3658.3779296875
2022-01-11,3444.78759765625,1509.7364501953125,195.9398193359375,1114.3123779296875,3692.370361328125
2022-01-12,3449.703369140625,1500.8182373046875,196.6460723876953,1144.0584716796875,3639.56689453125
2022-01-13,3364.478271484375,1473.19580078125,197.70545959472656,1150.5023193359375,3675.3974609375
2022-01-14,3275.067138671875,1489.7308349609375,196.51365661621094,1152.1812744140625,3741.637451171875
2022-01-17,3288.93896484375,1466.9288330078125,198.27928161621094,1158.194091796875,3789.72607421875
2022-01-18,3284.1201171875,1474.4010009765625,194.8804473876953,1144.376220703125,3762.80615234375
2022-01-19,3193.29736328125,1463.98828125,194.52735900878906,1144.285400390625,3697.677734375
2022-01-20,3218.60693359375,1454.8773193359375,193.11483764648438,1124.25048828125,3614.460693359375
2022-01-21,3187.89501953125,1467.025390625,191.61402893066406,1124.4320068359375,3621.025634765625
2022-01-24,3071.373291015625,1433.328857421875,186.9792938232422,1079.0753173828125,3562.320556640625
2022-01-25,3063.536865234375,1434.6787109375,189.1863250732422,1076.9652099609375,3560.950439453125
2022-01-27,3034.1875,1422.0484619140625,189.45118713378906,1061.01416015625,3446.987548828125
2022-01-28,3028.25,1410.7681884765625,192.099609375,1059.9932861328125,3485.52685546875
2022-01-31,3068.550048828125,1432.4129638671875,194.3948974609375,1083.0233154296875,3529.16552734375
2022-02-01,3111.382080078125,1443.3077392578125,201.0601348876953,1079.4383544921875,3589.995849609375
2022-02-02,3112.79345703125,1476.2808837890625,204.9445037841797,1081.6392822265625,3642.467041015625
2022-02-03,3117.952880859375,1460.99951171875,206.9749755859375,1067.662353515625,3612.618896484375
2022-02-04,3150.708984375,1469.3392333984375,206.842529296875,1057.9283447265625,3603.455810546875
2022-02-07,3090.404052734375,1415.4923095703125,203.22300720214844,1051.4847412109375,3569.5458984375
2022-02-08,3130.9482421875,1409.41845703125,204.1499786376953,1069.159912109375,3535.966796875
2022-02-09,3142.6298828125,1443.8861083984375,203.1788787841797,1081.6165771484375,3552.118896484375
2022-02-10,3152.75341796875,1470.3997802734375,205.03277587890625,1080.5048828125,3561.375732421875
2022-02-11,3130.899658203125,1464.3739013671875,205.20933532714844,1078.39453125,3490.154296875
2022-02-14,3059.984130859375,1420.8433837890625,198.20945739746094,1061.2186279296875,3526.804443359375
2022-02-15,3177.9169921875,1463.3616943359375,201.4158477783203,1097.249755859375,3606.195556640625
2022-02-16,3166.47900390625,1461.3851318359375,201.19004821777344,1094.9808349609375,3601.755859375
2022-02-17,3179.13427734375,1452.466796875,201.0997314453125,1108.843994140625,3574.45849609375
2022-02-18,3171.9306640625,1458.1070556640625,200.4223175048828,1100.1766357421875,3583.620361328125
2022-02-21,3165.311279296875,1467.5074462890625,196.89979553222656,1089.0587158203125,3513.24951171875
2022-02-22,3141.461181640625,1456.5162353515625,194.05470275878906,1084.1123046875,3387.621337890625
2022-02-23,3151.24462890625,1447.06787109375,195.04824829101562,1077.328125,3366.2734375
2022-02-24,2987.55908203125,1368.4908447265625,188.31930541992188,1023.6443481445312,3213.111328125
2022-02-25,3036.37744140625,1403.8746337890625,193.24180603027344,1036.44140625,3325.60986328125
2022-02-28,3090.355224609375,1375.09521484375,194.95791625976562,1070.7481689453125,3357.2060546875
2022-03-02,2948.524169921875,1324.9603271484375,194.46115112304688,1088.4461669921875,3349.601806640625
2022-03-03,2795.644287109375,1321.826904296875,198.16427612304688,1079.2568359375,3347.948974609375
2022-03-04,2665.4453125,1317.4884033203125,203.6738739013672,1055.3192138671875,3329.0107421875
2022-03-07,2636.5341796875,1277.283935546875,203.1771240234375,1016.2930908203125,3291.74658203125
2022-03-08,2651.087158203125,1280.1763916015625,204.93836975097656,1014.455078125,3400.42041015625
2022-03-09,2798.61328125,1321.9715576171875,207.0609130859375,1068.2750244140625,3431.260498046875
2022-03-10,2835.45849609375,1342.74853515625,209.54473876953125,1085.5872802734375,3420.256103515625
2022-03-11,2854.148193359375,1346.7015380859375,213.4737091064453,1088.71826171875,3399.6640625
2022-03-14,2884.130615234375,1390.810546875,215.86721801757812,1097.658203125,3441.083740234375
2022-03-15,2907.833984375,1372.9259033203125,214.82855224609375,1072.5179443359375,3394.70556640625
2022-03-16,2961.227783203125,1396.209716796875,219.1187744140625,1090.6243896484375,3453.268798828125
2022-03-17,3053.31591796875,1426.9656982421875,221.1961669921875,1126.1790771484375,3469.185302734375
2022-03-21,2964.878173828125,1433.1842041015625,220.8348846435547,1119.6898193359375,3425.6875
2022-03-22,2970.134765625,1440.5599365234375,225.57672119140625,1148.619140625,3495.822021484375
2022-03-23,2936.697021484375,1426.1942138671875,227.60894775390625,1152.2720947265625,3506.637451171875
2022-03-24,2945.019775390625,1390.9071044921875,230.18310546875,1170.1741943359375,3542.011962890625
2022-03-25,2966.046142578125,1379.5784912109375,228.8282928466797,1177.9796142578125,3501.961669921875
2022-03-28,2947.06396484375,1381.410400390625,232.17013549804688,1189.8236083984375,3502.197998046875
2022-03-29,2961.812255859375,1399.7288818359375,229.95730590820312,1190.095947265625,3499.978515625
2022-03-30,2999.7275390625,1423.9766845703125,225.0799560546875,1212.967041015625,3524.725830078125
2022-03-31,2998.170166015625,1417.613525390625,226.38961791992188,1195.632080078125,3532.660400390625
2022-04-01,3031.461669921875,1451.98486328125,228.7831268310547,1205.2071533203125,3550.418212890625
2022-04-04,3035.209716796875,1597.3763427734375,230.7250213623047,1208.76953125,3561.375732421875
2022-04-05,3057.404296875,1550.5675048828125,234.33787536621094,1191.68408203125,3603.36181640625
2022-04-06,3070.253662109375,1495.2261962890625,234.47335815429688,1188.5076904296875,3547.20703125
2022-04-07,3071.227294921875,1462.3492431640625,231.80886840820312,1167.5423583984375,3479.953369140625
2022-04-08,3121.11669921875,1460.3245849609375,241.87966918945312,1186.9647216796875,3481.369873046875
2022-04-11,3073.6123046875,1442.4881591796875,241.6087188720703,1184.4915771484375,3491.524169921875
2022-04-12,3045.5771484375,1439.9332275390625,239.17001342773438,1162.1876220703125,3486.5185546875
2022-04-13,2998.851318359375,1412.4072265625,243.46029663085938,1157.921875,3458.984130859375
2022-04-18,2941.320556640625,1345.39990234375,243.95704650878906,1154.38232421875,3332.50537109375
2022-04-19,2911.7763671875,1294.059814453125,236.23458862304688,1198.3775634765625,3279.467041015625
2022-04-20,3001.138916015625,1305.725830078125,234.4281768798828,1233.6146240234375,3359.662109375
2022-04-21,3074.390869140625,1325.0567626953125,235.19590759277344,1262.49853515625,3427.529052734375
2022-04-22,3080.377685546875,1306.9791259765625,235.8281707763672,1251.9251708984375,3412.32177734375
2022-04-25,3047.475341796875,1316.76513671875,230.5443878173828,1222.97314453125,3351.538818359375
2022-04-26,3042.656494140625,1322.8392333984375,233.88626098632812,1259.5716552734375,3349.74365234375
2022-04-27,3064.754150390625,1323.3212890625,232.57659912109375,1260.796875,3363.817626953125
2022-04-28,3161.4658203125,1322.164306640625,235.8281707763672,1279.6292724609375,3385.6376953125
2022-04-29,3151.24462890625,1334.939208984375,234.4281768798828,1266.197021484375,3350.121337890625
2022-05-02,3115.0322265625,1353.3541259765625,237.67971801757812,1261.7498779296875,3346.0595703125
2022-05-04,3018.51513671875,1307.3648681640625,234.6088409423828,1222.360595703125,3286.88232421875
2022-05-05,2994.8603515625,1304.4241943359375,236.6862030029297,1198.4228515625,3318.667236328125
2022-05-06,2936.161376953125,1270.342041015625,240.84097290039062,1189.233642578125,3242.345703125
2022-05-09,2925.453369140625,1272.5113525390625,237.49911499023438,1142.7879638671875,3254.15283203125
2022-05-10,3004.400146484375,1292.951171875,234.6088409423828,1122.979736328125,3248.154541015625
2022-05-11,2972.568115234375,1300.230224609375,230.90565490722656,1111.4761962890625,3222.88720703125
2022-05-12,2959.23193359375,1270.9212646484375,228.42184448242188,1088.8319091796875,3219.72314453125
2022-05-13,2982.643798828125,1259.5096435546875,233.57015991210938,1101.1749267578125,3225.626220703125
2022-05-16,2920.24560546875,1272.9205322265625,229.50570678710938,1101.447265625,3189.638671875
2022-05-17,2969.015625,1281.6011962890625,239.0797576904297,1147.7115478515625,3260.292724609375
2022-05-18,3017.784912109375,1281.503662109375,240.97642517089844,1151.886474609375,3257.648193359375
2022-05-19,2965.997314453125,1255.3157958984375,248.9698486328125,1125.3394775390625,3081.154541015625
2022-05-20,3027.37353515625,1288.3797607421875,252.89883422851562,1190.9581298828125,3110.4833984375
2022-05-23,3089.91748046875,1271.8477783203125,247.93115234375,1182.9940185546875,3137.639404296875
2022-05-24,3004.88671875,1286.4290771484375,244.6344451904297,1187.055419921875,3105.76025390625
2022-05-25,2762.693115234375,1296.0362548828125,246.30543518066406,1185.308349609375,3012.235595703125
2022-05-26,2764.737060546875,1333.001708984375,246.53652954101562,1174.0089111328125,3068.625732421875
2022-05-27,2759.578369140625,1357.726806640625,248.84747314453125,1168.563232421875,3101.291015625
2022-05-30,2768.485107421875,1366.9925537109375,248.7088165283203,1209.2686767578125,3209.650146484375
2022-05-31,2783.719482421875,1354.703125,250.18785095214844,1194.6790771484375,3199.284912109375
2022-06-01,2776.759521484375,1360.4576416015625,251.29713439941406,1195.06494140625,3190.583984375
2022-06-02,2831.3212890625,1350.9481201171875,252.82241821289062,1236.2694091796875,3255.057373046875
2022-06-03,2810.245849609375,1346.2664794921875,252.08291625976562,1261.3187255859375,3271.365478515625
2022-06-06,2742.64013671875,1344.4620361328125,254.0240936279297,1255.89599609375,3262.616943359375
2022-06-07,2671.821533203125,1329.0029296875,253.19216918945312,1258.255615234375,3197.7158203125
2022-06-08,2633.370361328125,1333.6845703125,247.6457977294922,1236.156005859375,3237.1318359375
2022-06-09,2630.53125,1343.73046875,250.3727264404297,1270.0543212890625,3258.9560546875
2022-06-10,2652.021728515625,1317.786376953125,249.7256622314453,1231.708740234375,3195.05322265625
2022-06-13,2605.02685546875,1293.8905029296875,244.64146423339844,1208.40625,3061.636962890625
2022-06-14,2580.207763671875,1279.6505126953125,245.38101196289062,1192.6142578125,3053.030517578125
2022-06-15,2605.41845703125,1275.212646484375,243.48597717285156,1178.183837890625,3048.989501953125
2022-06-16,2601.7958984375,1249.70751953125,240.99014282226562,1161.711181640625,2987.84423828125
2022-06-17,2526.163818359375,1257.9490966796875,243.39352416992188,1175.3248291015625,2937.348876953125
2022-06-20,2604.97802734375,1289.55029296875,244.13307189941406,1154.019287109375,2959.6962890625
2022-06-21,2622.258056640625,1303.59521484375,249.49456787109375,1172.6474609375,3054.362060546875
2022-06-22,2610.50927734375,1297.4505615234375,245.2423095703125,1137.024658203125,3064.822265625
2022-06-23,2700.435791015625,1302.229736328125,245.42723083496094,1118.577880859375,3146.4599609375
2022-06-24,2703.079345703125,1320.419921875,245.7507781982422,1134.5062255859375,3131.53076171875
2022-06-27,2761.871826171875,1322.8094482421875,249.5408172607422,1131.1480712890625,3152.0703125
2022-06-28,2669.399658203125,1312.7147216796875,251.29713439941406,1147.0535888671875,3155.351318359375
2022-06-29,2641.301025390625,1310.8126220703125,253.33079528808594,1170.85498046875,3129.057861328125
2022-06-30,2638.75537109375,1314.762939453125,252.82241821289062,1177.8887939453125,3106.80615234375
2022-07-01,2715.07275390625,1320.37109375,262.8520812988281,1093.0521240234375,3152.451416015625
2022-07-04,2731.864013671875,1322.2242431640625,269.8312683105469,1095.321044921875,3076.3291015625
2022-07-05,2708.66064453125,1319.24951171875,265.20928955078125,1104.192626953125,3058.49853515625
2022-07-06,2801.474609375,1337.4395751953125,267.4278259277344,1094.4815673828125,3100.767822265625
2022-07-07,2830.846435546875,1361.38427734375,269.87750244140625,1083.7039794921875,3126.5380859375
2022-07-08,2819.489501953125,1362.6522216796875,270.8943176269531,1085.20166015625,3105.23681640625
2022-07-11,2871.6240234375,1371.4791259765625,272.6968994140625,1099.9498291015625,2961.027587890625
2022-07-12,2832.6083984375,1357.4830322265625,270.57080078125,1098.3841552734375,2933.355224609375
2022-07-13,2879.603515625,1324.3699951171875,271.8187255859375,1078.9163818359375,2889.659423828125
2022-07-14,2877.596435546875,1317.73779296875,268.8606872558594,1087.810791015625,2859.1494140625
2022-07-15,2915.77978515625,1328.466552734375,271.3565368652344,1089.9208984375,2855.192626953125
2022-07-18,2954.648681640625,1314.3240966796875,272.9742431640625,1099.201171875,2920.885009765625
2022-07-19,2955.8720703125,1314.8116455078125,272.3271789550781,1105.9400634765625,2931.134765625
2022-07-20,2943.487060546875,1331.3924560546875,275.6549987792969,1135.8447265625,3017.46923828125
2022-07-21,3001.887939453125,1327.198486328125,276.90289306640625,1128.2664794921875,3029.38720703125
2022-07-22,3003.160400390625,1358.1656494140625,277.8273010253906,1135.8902587890625,3023.380859375
2022-07-25,3039.924072265625,1362.16455078125,278.335693359375,1098.361328125,3019.328369140625
2022-07-26,3043.399658203125,1359.3848876953125,279.58367919921875,1098.8607177734375,2970.845458984375
2022-07-27,3119.32568359375,1369.772216796875,281.1551208496094,1097.8170166015625,3040.399658203125
2022-07-28,3203.8671875,1381.915283203125,280.508056640625,1115.0157470703125,3108.71435546875
2022-07-29,3263.93212890625,1398.83740234375,280.1382751464844,1138.7718505859375,3148.1865234375
2022-08-01,3254.925048828125,1410.492919921875,284.2518310546875,1168.449951171875,3145.231201171875
2022-08-02,3325.02587890625,1394.98486328125,286.51666259765625,1172.897216796875,3138.55712890625
2022-08-03,3367.614501953125,1398.252197265625,284.85272216796875,1182.744384765625,3184.03662109375
2022-08-04,3388.028076171875,1396.5941162109375,286.10064697265625,1167.111083984375,3198.767333984375
2022-08-05,3401.147216796875,1391.8638916015625,287.3486022949219,1149.912353515625,3208.39697265625
2022-08-08,3386.020751953125,1426.0008544921875,289.4747009277344,1164.9556884765625,3217.359375
2022-08-10,3340.20068359375,1430.14599609375,287.672119140625,1171.92138671875,3198.10009765625
2022-08-11,3333.885986328125,1449.0675048828125,283.0963439941406,1175.823974609375,3263.1728515625
2022-08-12,3356.06201171875,1448.5311279296875,285.22247314453125,1194.8380126953125,3243.19775390625
2022-08-16,3427.679931640625,1465.112060546875,287.0712585449219,1203.1424560546875,3234.759521484375
2022-08-17,3449.904541015625,1472.6710205078125,288.9200439453125,1209.4273681640625,3242.768798828125
2022-08-18,3461.310546875,1474.426513671875,291.78570556640625,1215.5869140625,3223.84326171875
2022-08-19,3409.616455078125,1456.236572265625,288.41162109375,1193.913330078125,3228.13330078125
2022-08-22,3279.59716796875,1434.0960693359375,290.6302185058594,1190.601806640625,3198.385986328125
2022-08-23,3286.303955078125,1429.658447265625,292.0167541503906,1208.9637451171875,3131.6923828125
2022-08-24,3308.088134765625,1436.5345458984375,290.3528747558594,1205.7435302734375,3103.80419921875
2022-08-25,3292.080322265625,1428.731689453125,288.7351989746094,1202.2264404296875,3068.3837890625
2022-08-26,3253.946044921875,1428.9755859375,289.24359130859375,1195.808837890625,3072.197265625
2022-08-29,3273.2333984375,1403.9093017578125,289.8444519042969,1186.5137939453125,2986.720947265625
2022-08-30,3320.571044921875,1449.457763671875,296.2690124511719,1204.92138671875,3061.66162109375
2022-09-01,3374.3701171875,1435.851806640625,293.5882568359375,1169.499267578125,2985.910400390625
2022-09-02,3359.19482421875,1448.87255859375,298.7186584472656,1155.842041015625,2984.670654296875
2022-09-05,3353.07568359375,1458.1871337890625,303.9877014160156,1173.79296875,2987.53125
2022-09-06,3324.14453125,1452.6275634765625,302.416259765625,1186.1483154296875,2981.476806640625
2022-09-07,3329.1376953125,1445.75146484375,301.4456787109375,1179.251220703125,3002.976806640625
2022-09-08,3377.894775390625,1460.6741943359375,304.9583435058594,1180.9183349609375,3022.09375
2022-09-09,3369.768798828125,1461.6495361328125,305.5129699707031,1173.564453125,3067.85888671875
2022-09-12,3360.320556640625,1456.72412109375,305.8827209472656,1186.696533203125,3091.98046875
2022-09-13,3350.530029296875,1475.7919921875,309.11810302734375,1196.6082763671875,3079.013916015625
2022-09-14,3366.92919921875,1490.9586181640625,309.9963073730469,1182.265869140625,2975.13623046875
2022-09-15,3324.291259765625,1483.2047119140625,308.8408203125,1170.5499267578125,2959.83349609375
2022-09-16,3252.967041015625,1455.94384765625,306.2524719238281,1141.5452880859375,2868.636474609375
2022-09-19,3246.799072265625,1465.551025390625,310.2273864746094,1143.02978515625,2887.800537109375
2022-09-20,3322.137451171875,1483.2047119140625,310.5971374511719,1143.2125244140625,2898.764892578125
2022-09-21,3285.765380859375,1480.91259765625,315.17291259765625,1146.3642578125,2861.4853515625
2022-09-22,3364.04150390625,1449.3602294921875,318.9629211425781,1135.561767578125,2867.396728515625
2022-09-23,3324.14453125,1410.492919921875,320.21087646484375,1114.2764892578125,2843.226806640625
2022-09-26,3366.0478515625,1391.4736328125,307.4542236328125,1085.8885498046875,2855.001953125
2022-09-27,3397.96533203125,1378.9892578125,309.53411865234375,1094.521484375,2876.97900390625
2022-09-28,3495.870849609375,1355.2884521484375,300.382568359375,1065.3798828125,2894.331298828125
2022-09-29,3313.91357421875,1348.265869140625,307.8702087402344,1062.114013671875,2857.766845703125
2022-09-30,3272.4501953125,1386.3043212890625,307.08447265625,1086.0712890625,2864.679443359375
2022-10-03,3233.728271484375,1378.355224609375,299.8741455078125,1082.302978515625,2845.991455078125
2022-10-04,3267.8486328125,1417.1739501953125,307.685302734375,1102.263671875,2947.247802734375
2022-10-06,3259.23291015625,1401.5684814453125,311.197998046875,1106.3287353515625,2957.545654296875
2022-10-07,3273.674072265625,1395.521240234375,308.8408203125,1111.0107421875,2922.2197265625
2022-10-10,3209.30078125,1380.11083984375,303.0633544921875,1098.883544921875,2973.37255859375
2022-10-11,3229.61669921875,1366.11474609375,301.6304931640625,1077.0045166015625,2926.6533203125
2022-10-12,3180.174072265625,1375.0391845703125,305.1432189941406,1084.929443359375,2956.401123046875
2022-10-13,3141.795166015625,1359.238525390625,303.8028259277344,1088.3779296875,2958.832275390625
2022-10-14,3118.787109375,1403.5191650390625,306.9920349121094,1082.85107421875,2954.875732421875
2022-10-17,3130.6337890625,1410.883056640625,307.1307067871094,1100.23095703125,2974.5673828125
2022-10-18,3158.29248046875,1408.24951171875,314.5720520019531,1119.6434326171875,3006.064697265625
2022-10-19,3145.46630859375,1422.6846923828125,320.1646728515625,1139.12451171875,2984.221923828125
2022-10-20,3075.120849609375,1413.07763671875,323.26141357421875,1142.184814453125,3018.109375
2022-10-21,3027.63671875,1403.12890625,319.4713439941406,1128.9384765625,2999.08642578125
2022-10-24,3056.274169921875,1425.0255126953125,321.4126281738281,1132.7069091796875,3022.31494140625
2022-10-25,3020.2939453125,1415.125732421875,320.1184387207031,1115.2127685546875,3022.69775390625
2022-10-27,2979.71240234375,1418.5394287109375,319.6562194824219,1119.5977783203125,3018.20458984375
2022-10-28,2989.453857421875,1422.7332763671875,319.6562194824219,1153.855224609375,3023.797119140625
2022-10-31,3047.007080078125,1459.79638671875,322.33697509765625,1164.566162109375,3052.378662109375
2022-11-01,3097.697509765625,1475.9384765625,323.0765075683594,1155.545166015625,3115.994873046875
2022-11-02,3070.734375,1476.8648681640625,327.837158203125,1162.761962890625,3098.788330078125
2022-11-03,3079.951171875,1470.37890625,326.958984375,1167.101318359375,3065.379150390625
2022-11-04,3119.218994140625,1460.2353515625,326.8665466308594,1184.275634765625,3075.559326171875
2022-11-07,3042.938720703125,1471.59814453125,326.77410888671875,1190.601806640625,3091.14111328125
2022-11-09,3026.22119140625,1471.1591796875,333.4297790527344,1189.414306640625,3074.269287109375
2022-11-10,2985.6787109375,1487.15478515625,329.0851135253906,1175.0262451171875,3064.327880859375
2022-11-11,2995.728515625,1571.424560546875,329.40863037109375,1202.1123046875,3169.7646484375
2022-11-14,2993.571533203125,1575.228271484375,320.9504089355469,1196.2884521484375,3188.453369140625
2022-11-15,3019.162353515625,1579.0809326171875,319.1477966308594,1190.921630859375,3185.68115234375
2022-11-16,3022.838623046875,1592.63818359375,318.08477783203125,1184.093017578125,3207.427978515625
2022-11-17,3011.6123046875,1578.2518310546875,317.71502685546875,1187.1531982421875,3201.358154296875
2022-11-18,3035.045654296875,1574.106689453125,315.265380859375,1186.5137939453125,3196.052490234375
2022-11-21,3034.849365234375,1557.9647216796875,311.7064514160156,1165.1600341796875,3138.745361328125
2022-11-22,3043.232421875,1555.6727294921875,314.52587890625,1171.623291015625,3168.80908203125
2022-11-23,3040.2421875,1559.7203369140625,314.10986328125,1167.9691162109375,3162.45263671875
2022-11-24,3054.458740234375,1585.0792236328125,314.988037109375,1178.0408935546875,3231.134521484375
2022-11-25,3047.448486328125,1577.7642822265625,314.5720520019531,1195.626220703125,3240.2158203125
2022-11-28,3089.657470703125,1560.793212890625,314.3409423828125,1236.7122802734375,3245.56884765625
2022-11-29,3073.8232421875,1558.452392578125,316.42083740234375,1238.8360595703125,3247.576416015625
2022-11-30,3113.14013671875,1568.791015625,314.29473876953125,1247.5831298828125,3241.315185546875
2022-12-01,3117.258056640625,1579.568603515625,313.8787536621094,1243.90625,3322.424560546875
2022-12-02,3082.05908203125,1567.474365234375,311.66021728515625,1243.380859375,3287.5341796875
2022-12-05,3095.246337890625,1573.1800537109375,311.29046630859375,1225.2474365234375,3274.867919921875
2022-12-06,3099.95263671875,1571.424560546875,311.7988586425781,1228.7872314453125,3236.105712890625
2022-12-07,3163.4873046875,1570.74169921875,314.38720703125,1210.65380859375,3231.565185546875
2022-12-08,3158.535888671875,1579.568603515625,312.8157043457031,1210.082763671875,3202.84033203125
2022-12-09,3163.92822265625,1590.8338623046875,315.5888977050781,1191.7437744140625,3147.58837890625
2022-12-12,3104.511962890625,1603.220703125,317.2528076171875,1193.5706787109375,3141.565673828125
2022-12-13,3116.424560546875,1607.6585693359375,319.4713439941406,1199.00634765625,3185.203125
2022-12-14,3084.51025390625,1621.2645263671875,319.2864685058594,1194.6669921875,3216.9873046875
2022-12-15,3069.460205078125,1591.5654296875,313.2316589355469,1177.6982421875,3159.393798828125
2022-12-16,2996.21923828125,1599.2216796875,309.76519775390625,1171.87451171875,3097.40185546875
2022-12-19,3020.77978515625,1604.196044921875,314.7569580078125,1187.2674560546875,3060.88671875
2022-12-20,3021.956298828125,1593.1258544921875,314.4333801269531,1197.544677734375,3100.939453125
2022-12-21,3009.7001953125,1577.7154541015625,309.8114318847656,1180.50732421875,3124.454833984375
2022-12-22,3028.2314453125,1572.3023681640625,307.3155517578125,1177.447021484375,3115.994873046875
2022-12-23,2998.18017578125,1558.25732421875,302.000244140625,1142.91552734375,3086.027099609375
2022-12-26,2996.3662109375,1589.273193359375,309.30303955078125,1152.8958740234375,3109.49462890625
2022-12-27,3051.811767578125,1590.882568359375,307.9626159667969,1162.328125,3115.8037109375
2022-12-28,3062.694580078125,1589.6146240234375,309.11810302734375,1162.2139892578125,3113.509521484375
2022-12-29,3054.3115234375,1600.8310546875,309.9963073730469,1161.6885986328125,3124.645751953125
2022-12-30,3027.593994140625,1588.00537109375,306.48358154296875,1163.469970703125,3113.126953125
