Date,AAPL,AMZN,GOOG,META,NFLX
2015-01-02,24.34716796875,15.425999641418457,26.074962615966797,78.1514663696289,49.84857177734375
2015-01-05,23.661273956298828,15.10949993133545,25.531415939331055,76.8962631225586,47.31142807006836
2015-01-06,23.663497924804688,14.76449966430664,24.939672470092773,75.8602294921875,46.50143051147461
2015-01-07,23.995317459106445,14.920999526977539,24.896942138671875,75.8602294921875,46.74285888671875
2015-01-08,24.917264938354492,15.02299976348877,24.975444793701172,77.88249206542969,47.779998779296875
2015-01-09,24.94399070739746,14.846500396728516,24.65199851989746,77.44416046142578,47.04142761230469
2015-01-12,24.3293514251709,14.570500373840332,24.472139358520508,76.42805480957031,45.547142028808594
2015-01-13,24.545372009277344,14.737000465393066,24.652494430541992,76.15907287597656,46.255714416503906
2015-01-14,24.451833724975586,14.66349983215332,24.885515213012695,75.9897232055664,46.31999969482422
2015-01-15,23.788209915161133,14.34749984741211,24.931224822998047,73.76821899414062,46.25143051147461
2015-01-16,23.603376388549805,14.536999702453613,25.24374008178711,74.89391326904297,48.191429138183594
2015-01-20,24.211322784423828,14.472000122070312,25.18511390686035,75.94986724853516,49.82857131958008
2015-01-21,24.396167755126953,14.862500190734863,25.73859977722168,76.44796752929688,58.468570709228516
2015-01-22,25.030839920043945,15.515999794006348,26.550941467285156,77.3545150756836,61.20571517944336
2015-01-23,25.16000747680664,15.619500160217285,26.827186584472656,77.53382873535156,62.494285583496094
2015-01-26,25.186721801757812,15.482999801635742,26.59168243408203,77.20507049560547,63.79428482055664
2015-01-27,24.304855346679688,15.337499618530273,25.767913818359375,75.49163055419922,64.88143157958984
2015-01-28,25.67888641357422,15.195500373840332,25.339134216308594,75.94986724853516,63.20857238769531
2015-01-29,26.47835922241211,15.58899974822998,25.371929168701172,77.70317840576172,63.400001525878906
2015-01-30,26.090869903564453,17.726499557495117,26.557401657104492,75.62113952636719,63.11428451538086
2015-02-02,26.418224334716797,18.223499298095703,26.257305145263672,74.70463562011719,63.0099983215332
2015-02-03,26.422685623168945,18.177499771118164,26.295066833496094,75.11307525634766,65.27428436279297
2015-02-04,26.62533187866211,18.237499237060547,25.973112106323242,75.34220123291016,64.10143280029297
2015-02-05,26.81537628173828,18.694499969482422,26.212589263916016,75.32227325439453,64.12999725341797
2015-02-06,26.589553833007812,18.714000701904297,26.38251304626465,74.18661499023438,63.47999954223633
2015-02-09,26.76618766784668,18.527999877929688,26.225011825561523,74.15673065185547,63.29571533203125
2015-02-10,27.280405044555664,18.649999618530273,26.677637100219727,74.90387725830078,64.8499984741211
2015-02-11,27.919816970825195,18.756999969482422,26.629444122314453,76.21885681152344,64.98428344726562
2015-02-12,28.273067474365234,18.85849952697754,26.975248336791992,75.93992614746094,65.24714660644531
2015-02-13,28.411693572998047,19.09149932861328,27.277332305908203,75.4517822265625,66.5857162475586
2015-02-17,28.57936668395996,18.771499633789062,26.970779418945312,75.31230926513672,67.13714599609375
2015-02-18,28.77834701538086,18.668500900268555,26.814767837524414,76.4180908203125,67.86571502685547
2015-02-19,28.71798324584961,18.950000762939453,26.97226905822754,79.1177749633789,67.80000305175781
2015-02-20,28.95273208618164,19.183000564575195,26.777503967285156,79.59595489501953,68.31428527832031
2015-02-23,29.73523712158203,19.006999969482422,26.427724838256836,78.53997802734375,67.40571594238281
2015-02-24,29.54967498779297,18.929500579833984,26.635406494140625,78.1514663696289,67.83999633789062
2015-02-25,28.793994903564453,19.26849937438965,27.02195167541504,79.25724029541016,68.33285522460938
2015-02-26,29.158418655395508,19.239999771118164,27.59878921508789,80.10401153564453,69.00428771972656
2015-02-27,28.720216751098633,19.007999420166016,27.74386978149414,78.66949462890625,67.84428405761719
2015-03-02,28.861068725585938,19.283000946044922,28.38678741455078,79.44651794433594,68.60713958740234
2015-03-03,28.92143440246582,19.230499267578125,28.501062393188477,79.29708099365234,67.81571197509766
2015-03-04,28.738101959228516,19.13599967956543,28.487646102905273,80.5921401977539,67.11000061035156
2015-03-05,28.261892318725586,19.39150047302246,28.58502960205078,80.90096282958984,66.80714416503906
2015-03-06,28.304367065429688,19.004499435424805,28.205188751220703,79.70552825927734,64.87428283691406
2015-03-09,28.42509651184082,18.92799949645996,28.26307487487793,79.13770294189453,63.66143035888672
2015-03-10,27.837100982666016,18.475500106811523,27.575437545776367,77.25489807128906,62.15142822265625
2015-03-11,27.32958221435547,18.318500518798828,27.385147094726562,77.27481079101562,62.88428497314453
2015-03-12,27.823688507080078,18.711999893188477,27.60028076171875,78.629638671875,64.04571533203125
2015-03-13,27.63141441345215,18.52899932861328,27.1933650970459,77.75299072265625,62.628570556640625
2015-03-16,27.935474395751953,18.667499542236328,27.550596237182617,77.77290344238281,60.281429290771484
2015-03-17,28.402748107910156,18.59600067138672,27.368255615234375,79.05801391601562,59.788570404052734
2015-03-18,28.72245216369629,18.756999969482422,27.79852294921875,80.60211181640625,60.44571304321289
2015-03-19,28.505586624145508,18.66200065612793,27.723499298095703,82.43510437011719,60.744285583496094
2015-03-20,28.147872924804688,18.92449951171875,27.84124755859375,83.48110961914062,61.18571472167969
2015-03-23,28.440750122070312,18.75550079345703,27.764238357543945,84.10871124267578,60.71428680419922
2015-03-24,28.32448959350586,18.704500198364258,28.329648971557617,84.98535919189453,62.611427307128906
2015-03-25,27.58446502685547,18.54800033569336,27.762998580932617,82.60446166992188,60.25
2015-03-26,27.776735305786133,18.36750030517578,27.583389282226562,82.69412231445312,59.75143051147461
2015-03-27,27.555400848388672,18.527999877929688,27.244043350219727,82.9830093383789,59.25285720825195
2015-03-30,28.25295066833496,18.72949981689453,27.427379608154297,82.88338470458984,60.36714172363281
2015-03-31,27.819215774536133,18.604999542236328,27.227149963378906,81.90711975097656,59.52714157104492
2015-04-01,27.778968811035156,18.51300048828125,26.956865310668945,81.35920715332031,59.01714324951172
2015-04-02,28.018198013305664,18.612499237060547,26.607582092285156,81.2496337890625,59.1542854309082
2015-04-06,28.472047805786133,18.851999282836914,26.668941497802734,82.12628936767578,60.33000183105469
2015-04-07,28.172462463378906,18.720500946044922,26.681612014770508,82.00674438476562,60.494285583496094
2015-04-08,28.080793380737305,19.059999465942383,26.909664154052734,81.9668960571289,63.04999923706055
2015-04-09,28.29543113708496,19.177000045776367,26.868427276611328,81.85730743408203,62.78571319580078
2015-04-10,28.416152954101562,19.13249969482422,26.830169677734375,81.7278060913086,64.93856811523438
2015-04-13,28.36026382446289,19.118000030517578,26.788434982299805,82.69412231445312,67.81143188476562
2015-04-14,28.237295150756836,19.25550079345703,26.352203369140625,83.2021713256836,68.38714599609375
2015-04-15,28.344614028930664,19.172500610351562,26.458528518676758,82.39525604248047,67.92285919189453
2015-04-16,28.208234786987305,19.302000045776367,26.52162742614746,81.99678039550781,80.29285430908203
2015-04-17,27.890756607055664,18.777999877929688,26.037202835083008,80.47260284423828,81.6500015258789
2015-04-20,28.5279483795166,19.475500106811523,26.600130081176758,82.77381134033203,81.05571746826172
2015-04-21,28.373682022094727,19.55900001525879,26.530075073242188,83.30179595947266,80.06285858154297
2015-04-22,28.755996704101562,19.489999771118164,26.79812240600586,84.30793762207031,79.66857147216797
2015-04-23,28.990734100341797,19.499500274658203,27.17746353149414,82.09639739990234,79.86571502685547
2015-04-24,29.12711524963379,22.2549991607666,28.07476806640625,81.21974182128906,79.77143096923828
2015-04-27,29.656982421875,21.92799949645996,27.669082641601562,81.59830474853516,80.86856842041016
2015-04-28,29.18972396850586,21.465499877929688,27.584884643554688,80.37297821044922,80.43714141845703
2015-04-29,28.760461807250977,21.4685001373291,27.3557071685791,80.16378784179688,80.40714263916016
2015-04-30,27.980186462402344,21.089000701904297,26.770811080932617,78.47024536132812,79.5
2015-05-01,28.82977294921875,21.14349937438965,26.798709869384766,78.68940734863281,79.57571411132812
2015-05-04,28.773868560791016,21.152000427246094,26.94219398498535,78.51009368896484,79.27143096923828
2015-05-05,28.125505447387695,21.059499740600586,26.444982528686523,77.26485443115234,80.79285430908203
2015-05-06,27.94888687133789,20.954999923706055,26.117158889770508,77.80278778076172,80.07714080810547
2015-05-07,28.121761322021484,21.3439998626709,26.439998626708984,78.13153839111328,80.74857330322266
2015-05-08,28.651599884033203,21.684499740600586,26.814653396606445,78.21123504638672,82.0857162475586
2015-05-11,28.359743118286133,21.642499923706055,26.689102172851562,77.71315002441406,84.27857208251953
2015-05-12,28.258708953857422,21.551000595092773,26.357295989990234,77.16523742675781,83.37714385986328
2015-05-13,28.29014015197754,21.3435001373291,26.386194229125977,78.1415023803711,82.87285614013672
2015-05-14,28.950191497802734,21.61400032043457,26.823619842529297,81.06035614013672,83.8357162475586
2015-05-15,28.90978240966797,21.299999237060547,26.596933364868164,80.11397552490234,87.60713958740234
2015-05-18,29.22857666015625,21.261999130249023,26.519712448120117,80.57221221923828,88.26714324951172
2015-05-19,29.201637268066406,21.085500717163086,26.771806716918945,80.32317352294922,88.06857299804688
2015-05-20,29.199398040771484,21.19300079345703,26.866962432861328,80.24348449707031,88.79000091552734
2015-05-21,29.49798583984375,21.581499099731445,27.028383255004883,80.17374420166016,89.00285339355469
2015-05-22,29.756166458129883,21.381500244140625,26.9088134765625,80.23351287841797,88.83856964111328
2015-05-26,29.10061264038086,21.273500442504883,26.520708084106445,79.02812194824219,87.99285888671875
2015-05-27,29.643917083740234,21.570999145507812,26.89286994934082,80.24348449707031,89.85713958740234
2015-05-28,29.58554458618164,21.328500747680664,26.89237403869629,79.8449935913086,89.50714111328125
2015-05-29,29.2487850189209,21.46150016784668,26.51024627685547,78.8886489868164,89.15142822265625
2015-06-01,29.307151794433594,21.54599952697754,26.60390853881836,79.9844741821289,89.00285339355469
2015-06-02,29.176944732666016,21.54949951171875,26.86248016357422,80.13389587402344,89.12999725341797
2015-06-03,29.212865829467773,21.829500198364258,26.918779373168945,82.12628936767578,88.8085708618164
2015-06-04,29.04224395751953,21.538999557495117,26.738924026489258,81.7377700805664,89.34857177734375
2015-06-05,28.882841110229492,21.34749984741211,26.571027755737305,81.82742309570312,90.45999908447266
2015-06-08,28.6920108795166,21.174999237060547,26.247190475463867,80.36302185058594,89.60428619384766
2015-06-09,28.6066951751709,21.27400016784668,26.240217208862305,80.36302185058594,92.44999694824219
2015-06-10,28.934476852416992,21.53849983215332,26.73842430114746,81.84735870361328,95.87142944335938
2015-06-11,28.869369506835938,21.648500442504883,26.634798049926758,81.51860046386719,95.09428405761719
2015-06-12,28.550567626953125,21.496000289916992,26.521207809448242,81.21974182128906,94.41857147216797
2015-06-15,28.49444007873535,21.183500289916992,26.265625,80.40286254882812,93.43142700195312
2015-06-16,28.647111892700195,21.363000869750977,26.31295394897461,80.75153350830078,95.27285766601562
2015-06-17,28.579755783081055,21.390499114990234,26.368253707885742,81.47876739501953,94.27143096923828
2015-06-18,28.709964752197266,21.969499588012695,26.740419387817383,82.59449768066406,94.74285888671875
2015-06-19,28.422597885131836,21.746000289916992,26.73842430114746,82.1960220336914,93.87142944335938
2015-06-22,28.649351119995117,21.81450080871582,26.81315803527832,84.41753387451172,96.4142837524414
2015-06-23,28.519134521484375,22.29949951171875,26.927248001098633,87.54557800292969,97.31285858154297
2015-06-24,28.761608123779297,22.04199981689453,26.79572105407715,88.5218505859375,96.94428253173828
2015-06-25,28.624652862548828,22.0049991607666,26.665687561035156,87.64520263671875,94.89142608642578
2015-06-26,28.456279754638672,21.905000686645508,26.489320755004883,87.67508697509766,93.08856964111328
2015-06-29,27.957870483398438,21.493000030517578,25.982641220092773,85.47349548339844,92.23143005371094
2015-06-30,28.159927368164062,21.704500198364258,25.932321548461914,85.443603515625,93.84857177734375
2015-07-01,28.422597885131836,21.86949920654297,25.99858283996582,86.57927703857422,93.63571166992188
2015-07-02,28.38668441772461,21.885499954223633,26.076303482055664,86.95782470703125,94.0442886352539
2015-07-06,28.287893295288086,21.802000045776367,26.049402236938477,87.21684265136719,94.57142639160156
2015-07-07,28.21829605102539,21.836000442504883,26.157012939453125,86.88809967041016,94.0914306640625
2015-07-08,27.51783561706543,21.485000610351562,25.748981475830078,85.32406616210938,93.50714111328125
2015-07-09,26.956567764282227,21.719499588012695,25.940792083740234,85.55319213867188,95.72714233398438
2015-07-10,27.677236557006836,22.175500869750977,26.41160011291504,87.61531829833984,97.22856903076172
2015-07-13,28.211565017700195,22.778499603271484,27.229660034179688,89.75712585449219,101.08714294433594
2015-07-14,28.200332641601562,23.278499603271484,27.954557418823242,89.33873748779297,100.37142944335938
2015-07-15,28.471988677978516,23.059499740600586,27.91071319580078,89.41842651367188,98.12999725341797
2015-07-16,28.851408004760742,23.77400016784668,28.888700485229492,90.5042724609375,115.80999755859375
2015-07-17,29.10061264038086,24.15049934387207,33.526039123535156,94.60859680175781,114.7699966430664
2015-07-20,29.650650024414062,24.405000686645508,33.032310485839844,97.53742218017578,110.55000305175781
2015-07-21,29.354299545288086,24.399999618530273,32.99644470214844,98.01558685302734,112.51000213623047
2015-07-22,28.11277961730957,24.41349983215332,32.98647689819336,96.67072296142578,111.5
2015-07-23,28.099308013916016,24.108999252319336,32.09866714477539,95.07681274414062,110.0999984741211
2015-07-24,27.951129913330078,26.47100067138672,31.066375732421875,96.58106994628906,109.33999633789062
2015-07-27,27.56273651123047,26.570499420166016,31.250713348388672,93.8116455078125,106.43000030517578
2015-07-28,27.69968605041504,26.30150032043457,31.287580490112305,94.9273910522461,106.9000015258789
2015-07-29,27.612123489379883,26.450000762939453,31.48337745666504,96.62091827392578,107.08000183105469
2015-07-30,27.472930908203125,26.83799934387207,31.516258239746094,94.84768676757812,111.55999755859375
2015-07-31,27.232709884643555,26.8075008392334,31.168508529663086,93.65225982666016,114.30999755859375
2015-08-03,26.590618133544922,26.75149917602539,31.447505950927734,93.7817611694336,112.55999755859375
2015-08-04,25.73749542236328,26.594999313354492,31.349855422973633,93.70205688476562,121.1500015258789
2015-08-05,25.908123016357422,26.850500106811523,32.073753356933594,96.07300567626953,123.70999908447266
2015-08-06,25.96449851989746,26.472999572753906,32.018951416015625,94.7580337524414,126.44999694824219
2015-08-07,26.05245590209961,26.131000518798828,31.65127182006836,93.94115447998047,123.5199966430664
2015-08-10,26.999652862548828,26.200000762939453,31.573055267333984,93.7917251586914,123.02999877929688
2015-08-11,25.594640731811523,26.37299919128418,32.920711517333984,93.26374053955078,122.73999786376953
2015-08-12,25.98930549621582,26.295499801635742,32.85993194580078,93.83157348632812,120.51000213623047
2015-08-13,25.969009399414062,26.482999801635742,32.704986572265625,93.074462890625,123.7300033569336
2015-08-14,26.151681900024414,26.576000213623047,32.73836898803711,94.0606918334961,123.38999938964844
2015-08-17,26.422313690185547,26.76099967956543,32.925193786621094,93.57255554199219,125.36000061035156
2015-08-18,26.273462295532227,26.750999450683594,32.68904495239258,94.8078384399414,124.05000305175781
2015-08-19,25.937440872192383,26.645999908447266,32.92668914794922,94.94731140136719,122.05999755859375
2015-08-20,25.405200958251953,25.788999557495117,32.2257080078125,90.21537780761719,112.48999786376953
2015-08-21,23.851346969604492,24.723499298095703,30.514358520507812,85.73251342773438,103.95999908447266
2015-08-24,23.255966186523438,23.168500900268555,29.37495231628418,81.7776107788086,96.87999725341797
2015-08-25,23.395790100097656,23.318500518798828,28.99880599975586,82.68415069580078,101.5199966430664
2015-08-26,24.737653732299805,25.03849983215332,31.318470001220703,86.85821533203125,110.12999725341797
2015-08-27,25.46609115600586,25.918500900268555,31.766361236572266,89.38854217529297,117.66000366210938
2015-08-28,25.549545288085938,25.90049934387207,31.40615463256836,90.6636734008789,117.62999725341797
2015-08-31,25.430004119873047,25.644500732421875,30.80182647705078,89.08967590332031,115.02999877929688
2015-09-01,24.293371200561523,24.82699966430664,29.782487869262695,86.89805603027344,105.79000091552734
2015-09-02,25.335290908813477,25.52750015258789,30.607023239135742,89.54793548583984,105.44000244140625
2015-09-03,24.891006469726562,25.236000061035156,30.2039737701416,87.81455993652344,101.05999755859375
2015-09-04,24.642932891845703,24.950000762939453,29.927467346191406,87.92414093017578,98.79000091552734
2015-09-08,25.328523635864258,25.87700080871582,30.622968673706055,89.18930053710938,94.94999694824219
2015-09-09,24.841388702392578,25.844499588012695,30.526315689086914,90.09584045410156,99.18000030517578
2015-09-10,25.387161254882812,26.11199951171875,30.956270217895508,91.6299819946289,99.4800033569336
2015-09-11,25.75701904296875,26.472000122070312,31.17647933959961,91.69971466064453,97.51000213623047
2015-09-14,26.005090713500977,26.069000244140625,31.050434112548828,91.95872497558594,95.69000244140625
2015-09-15,26.223848342895508,26.118499755859375,31.643301010131836,92.54647064208984,99.16000366210938
2015-09-16,26.253173828125,26.36949920654297,31.685152053833008,93.09439086914062,104.08000183105469
2015-09-17,25.691612243652344,26.943500518798828,32.029911041259766,93.98100280761719,104.20999908447266
2015-09-18,25.585620880126953,27.01300048828125,31.349855422973633,94.04076385498047,102.62000274658203
2015-09-21,25.982545852661133,27.41950035095215,31.658246994018555,95.1864013671875,100.30000305175781
2015-09-22,25.5743465423584,26.920000076293945,31.023033142089844,92.60624694824219,98.47000122070312
2015-09-23,25.781831741333008,26.803499221801758,31.006589889526367,93.61241149902344,98.06999969482422
2015-09-24,25.935182571411133,26.6875,31.177974700927734,94.05073547363281,103.76000213623047
2015-09-25,25.869781494140625,26.212499618530273,30.488950729370117,92.41696166992188,102.23999786376953
2015-09-28,25.35784149169922,25.202999114990234,29.63800811767578,88.87052154541016,99.47000122070312
2015-09-29,24.595579147338867,24.803499221801758,29.64199447631836,86.3401870727539,98.3499984741211
2015-09-30,24.875225067138672,25.594499588012695,30.312084197998047,89.55789184570312,103.26000213623047
2015-10-01,24.712848663330078,26.035999298095703,30.4550724029541,90.6039047241211,105.9800033569336
2015-10-02,24.89326286315918,26.62700080871582,31.2332763671875,91.71963500976562,106.11000061035156
2015-10-05,24.98347282409668,27.18400001525879,31.95867156982422,93.65225982666016,111.25
2015-10-06,25.10300064086914,26.874000549316406,32.156455993652344,92.44686126708984,108.33000183105469
2015-10-07,24.98347282409668,27.097000122070312,32.00300598144531,92.04838562011719,108.0999984741211
2015-10-08,24.69480323791504,26.658000946044922,31.843584060668945,92.11811828613281,114.93000030517578
2015-10-09,25.285680770874023,26.989999771118164,32.06528854370117,92.88518524169922,113.33000183105469
2015-10-12,25.16840362548828,27.50950050354004,32.21773910522461,93.90130615234375,113.44999694824219
2015-10-13,25.211252212524414,27.44499969482422,32.498233795166016,93.7618408203125,109.7300033569336
2015-10-14,24.85492515563965,27.241500854492188,32.44143295288086,93.71202087402344,110.2300033569336
2015-10-15,25.227041244506836,28.121999740600586,32.96854019165039,95.5948257446289,101.08999633789062
2015-10-16,25.042110443115234,28.538000106811523,32.991455078125,97.1688232421875,98.98999786376953
2015-10-19,25.19771957397461,28.657499313354492,33.18575668334961,98.09528350830078,101.69000244140625
2015-10-20,25.657787322998047,28.04400062561035,32.3975944519043,96.6308822631836,98.98999786376953
2015-10-21,25.655532836914062,27.78849983215332,32.01546859741211,96.74046325683594,97.95999908447266
2015-10-22,26.04793930053711,28.195499420166016,32.47282409667969,99.29071044921875,97.31999969482422
2015-10-23,26.85531234741211,29.951499938964844,34.974334716796875,101.80113220214844,100.04000091552734
2015-10-26,25.998332977294922,30.430500030517578,35.51140594482422,103.37511444091797,103.04000091552734
2015-10-27,25.833696365356445,30.550500869750977,35.297672271728516,103.30537414550781,103.06999969482422
2015-10-28,26.89817237854004,30.854999542236328,35.51987075805664,103.803466796875,105.80000305175781
2015-10-29,27.182327270507812,31.327499389648438,35.7176628112793,104.48088836669922,105.12000274658203
2015-10-30,26.95003890991211,31.295000076293945,35.41325759887695,101.58196258544922,108.37999725341797
2015-11-02,27.328922271728516,31.417499542236328,35.92641067504883,102.91686248779297,107.63999938964844
2015-11-03,27.642393112182617,31.265499114990234,35.97872543334961,102.18964385986328,109.73999786376953
2015-11-04,27.513851165771484,32.04750061035156,36.27516174316406,103.54447174072266,114.05000305175781
2015-11-05,27.387012481689453,32.782501220703125,36.43159866333008,108.34612274169922,113.5
2015-11-06,27.418718338012695,32.96849822998047,36.55664825439453,106.69243621826172,114.05999755859375
2015-11-09,27.307737350463867,32.77450180053711,36.1147346496582,106.08475494384766,109.86000061035156
2015-11-10,26.447080612182617,32.98400115966797,36.285621643066406,107.4993667602539,112.69999694824219
2015-11-11,26.297603607177734,33.662498474121094,36.63835144042969,108.59518432617188,112.86000061035156
2015-11-12,26.209272384643555,33.279998779296875,36.430599212646484,107.60894012451172,108.91999816894531
2015-11-13,25.44373893737793,32.11750030517578,35.72164535522461,103.55442810058594,103.6500015258789
2015-11-16,25.86048126220703,32.390499114990234,36.317508697509766,103.64408874511719,111.3499984741211
2015-11-17,25.749494552612305,32.165000915527344,36.135162353515625,104.72993469238281,117.0999984741211
2015-11-18,26.564855575561523,33.176998138427734,36.867530822753906,107.3598861694336,120.62999725341797
2015-11-19,26.902320861816406,33.063499450683594,36.7883186340332,105.85563659667969,120.22000122070312
2015-11-20,27.02010154724121,33.42250061035156,37.69456100463867,106.91161346435547,123.83999633789062
2015-11-23,26.669050216674805,33.949501037597656,37.663673400878906,106.54301452636719,125.02999877929688
2015-11-24,26.92498016357422,33.557498931884766,37.28004837036133,105.33761596679688,123.30999755859375
2015-11-25,26.732460021972656,33.766998291015625,37.2735710144043,105.00888061523438,124.16000366210938
2015-11-27,26.682632446289062,33.66299819946289,37.37869644165039,105.04872131347656,125.44000244140625
2015-11-30,26.793615341186523,33.2400016784668,36.997066497802734,103.84332275390625,123.33000183105469
2015-12-01,26.5761775970459,33.952999114990234,38.214691162109375,106.7123794555664,125.37000274658203
2015-12-02,26.336101531982422,33.800498962402344,37.98252487182617,105.6663589477539,128.92999267578125
2015-12-03,26.09149932861328,33.3125,37.492286682128906,103.98279571533203,126.80999755859375
2015-12-04,26.958946228027344,33.63199996948242,38.20323181152344,105.77594757080078,130.92999267578125
2015-12-07,26.78908348083496,33.49150085449219,38.0258674621582,105.20811462402344,125.36000061035156
2015-12-08,26.777755737304688,33.86650085449219,37.982025146484375,106.08475494384766,126.9800033569336
2015-12-09,26.186622619628906,33.239498138427734,37.44595718383789,104.20195007324219,124.19999694824219
2015-12-10,26.311185836791992,33.11600112915039,37.33884048461914,105.01883697509766,122.91000366210938
2015-12-11,25.633987426757812,32.00749969482422,36.81123352050781,101.73139953613281,118.91000366210938
2015-12-14,25.475444793701172,32.89550018310547,37.254642486572266,104.26173400878906,120.66999816894531
2015-12-15,25.024734497070312,32.93199920654297,37.036922454833984,104.15214538574219,118.5999984741211
2015-12-16,25.217248916625977,33.78850173950195,37.76879119873047,106.38362121582031,122.63999938964844
2015-12-17,24.682735443115234,33.532501220703125,37.33734130859375,105.8157958984375,122.51000213623047
2015-12-18,24.01459312438965,33.207000732421875,36.833152770996094,103.64408874511719,118.0199966430664
2015-12-21,24.30902862548828,33.22549819946289,37.254642486572266,104.37129974365234,116.62999725341797
2015-12-22,24.286380767822266,33.157501220703125,37.365745544433594,105.1084976196289,116.23999786376953
2015-12-23,24.59893226623535,33.185001373291016,37.38118362426758,104.2318344116211,118.16000366210938
2015-12-24,24.467571258544922,33.13949966430664,37.28602600097656,104.620361328125,117.33000183105469
2015-12-28,24.19351577758789,33.7599983215332,37.9890022277832,105.52689361572266,117.11000061035156
2015-12-29,24.62837791442871,34.69850158691406,38.69097900390625,106.8518295288086,119.12000274658203
2015-12-30,24.30677032470703,34.45349884033203,38.41197967529297,105.8157958984375,116.70999908447266
2015-12-31,23.840200424194336,33.794498443603516,37.80815505981445,104.26173400878906,114.37999725341797
2016-01-04,23.86058235168457,31.84950065612793,36.95920181274414,101.83101654052734,109.95999908447266
2016-01-05,23.26265525817871,31.68950080871582,36.996070861816406,102.33907318115234,107.66000366210938
2016-01-06,22.807411193847656,31.63249969482422,37.04787826538086,102.57816314697266,117.68000030517578
2016-01-07,21.84483528137207,30.39699935913086,36.1894645690918,97.54737854003906,114.55999755859375
2016-01-08,21.96034049987793,30.352500915527344,35.595603942871094,96.9596176147461,111.38999938964844
2016-01-11,22.315929412841797,30.886999130249023,35.67332077026367,97.1389389038086,114.97000122070312
2016-01-12,22.639802932739258,30.894500732421875,36.173526763916016,98.99185943603516,116.58000183105469
2016-01-13,22.057729721069336,29.090499877929688,34.902587890625,95.07681274414062,106.55999755859375
2016-01-14,22.540157318115234,29.649999618530273,35.608055114746094,97.99566650390625,107.05999755859375
2016-01-15,21.998851776123047,28.509000778198242,34.59818649291992,94.60859680175781,104.04000091552734
2016-01-19,21.89240074157715,28.724000930786133,34.963871002197266,94.89749908447266,107.88999938964844
2016-01-20,21.921836853027344,28.588499069213867,34.79747009277344,93.99095916748047,107.73999786376953
2016-01-21,21.810861587524414,28.750999450683594,35.2030143737793,93.80168914794922,102.3499984741211
2016-01-22,22.970483779907227,29.819000244140625,36.13267135620117,97.56729888916016,100.72000122070312
2016-01-25,22.522035598754883,29.826499938964844,35.45610046386719,96.64083862304688,99.12000274658203
2016-01-26,22.646602630615234,30.0625,35.524356842041016,96.9695816040039,97.83000183105469
2016-01-27,21.158567428588867,29.167499542236328,34.87419509887695,94.090576171875,91.1500015258789
2016-01-28,21.31032371520996,31.767499923706055,36.41714859008789,108.69479370117188,94.41000366210938
2016-01-29,22.04640769958496,29.350000381469727,37.01449966430664,111.78299713134766,91.83999633789062
2016-02-01,21.840299606323242,28.74049949645996,37.46538162231445,114.65203094482422,94.08999633789062
2016-02-02,21.398645401000977,27.604999542236328,38.09561538696289,114.17386627197266,91.48999786376953
2016-02-03,21.82218360900879,26.553499221801758,36.217369079589844,112.26116943359375,90.73999786376953
2016-02-04,21.99752426147461,26.812999725341797,35.27376174926758,110.06953430175781,89.70999908447266
2016-02-05,21.410015106201172,25.10650062561035,34.05613327026367,103.6739730834961,82.79000091552734
2016-02-08,21.635452270507812,24.405000686645508,34.01478576660156,99.37040710449219,83.31999969482422
2016-02-09,21.630903244018555,24.103500366210938,33.78410720825195,99.16121673583984,86.12999725341797
2016-02-10,21.466938018798828,24.52400016784668,34.08353805541992,100.61564636230469,88.44999694824219
2016-02-11,21.33714485168457,25.19099998474121,34.0332145690918,101.5221939086914,86.3499984741211
2016-02-12,21.403181076049805,25.354000091552734,33.997840881347656,101.62181091308594,87.4000015258789
2016-02-16,22.006635665893555,26.05500030517578,34.426300048828125,101.22333526611328,89.05000305175781
2016-02-17,22.343652725219727,26.704999923706055,35.29318618774414,104.79966735839844,94.76000213623047
2016-02-18,21.92010498046875,26.25,34.74266815185547,103.07625579833984,90.48999786376953
2016-02-19,21.8700008392334,26.7450008392334,34.92002868652344,104.17206573486328,89.2300033569336
2016-02-22,22.0612850189209,27.975000381469727,35.19654083251953,106.7522201538086,91.93000030517578
2016-02-23,21.562585830688477,27.64699935913086,34.66793441772461,105.05868530273438,89.12000274658203
2016-02-24,21.883670806884766,27.70199966430664,34.8527717590332,106.47328186035156,91.61000061035156
2016-02-25,22.033958435058594,27.75749969482422,35.16115951538086,107.65875244140625,94.52999877929688
2016-02-26,22.06812286376953,27.761499404907227,35.12728500366211,107.50932312011719,94.79000091552734
2016-02-29,22.018022537231445,27.625999450683594,34.76359558105469,106.51313018798828,93.41000366210938
2016-03-01,22.892459869384766,28.95199966430664,35.81182098388672,109.40209197998047,98.30000305175781
2016-03-02,22.942554473876953,29.010499954223633,35.81381607055664,109.5315933227539,97.61000061035156
2016-03-03,23.113340377807617,28.874500274658203,35.493465423583984,109.16301727294922,97.93000030517578
2016-03-04,23.45719337463379,28.756999969482422,35.417240142822266,107.97753143310547,101.58000183105469
2016-03-07,23.197599411010742,28.139999389648438,34.63356018066406,105.32765197753906,95.48999786376953
2016-03-08,23.006315231323242,28.01300048828125,34.57427215576172,105.52689361572266,96.2300033569336
2016-03-09,23.026811599731445,27.973499298095703,35.13575744628906,107.10089111328125,98.0
2016-03-10,23.038196563720703,27.946500778198242,35.51339340209961,106.91161346435547,97.36000061035156
2016-03-11,23.286413192749023,28.480499267578125,36.21089172363281,108.99365997314453,97.66000366210938
2016-03-14,23.345613479614258,28.668500900268555,36.393733978271484,109.4718246459961,98.12999725341797
2016-03-15,23.814714431762695,28.85099983215332,36.2861213684082,110.24885559082031,97.86000061035156
2016-03-16,24.131244659423828,28.713499069213867,36.6727294921875,111.75311279296875,99.3499984741211
2016-03-17,24.092525482177734,27.972000122070312,36.756927490234375,110.59752655029297,99.72000122070312
2016-03-18,24.119855880737305,27.604000091552734,36.747962951660156,111.02588653564453,101.12000274658203
2016-03-21,24.117576599121094,27.698999404907227,36.971656799316406,111.42436981201172,101.05999755859375
2016-03-22,24.302030563354492,28.02400016784668,36.9048957824707,111.82283782958984,99.83999633789062
2016-03-23,24.16766929626465,28.48150062561035,36.770877838134766,112.11174011230469,99.58999633789062
2016-03-24,24.06292724609375,29.147499084472656,36.63337326049805,112.61980438232422,98.36000061035156
2016-03-28,23.95362091064453,28.993499755859375,36.54518508911133,113.25736999511719,101.20999908447266
2016-03-29,24.52063751220703,29.69300079345703,37.10517501831055,115.69804382324219,104.12999725341797
2016-03-30,24.948747634887695,29.934499740600586,37.392147064208984,114.26351928710938,102.19000244140625
2016-03-31,24.818944931030273,29.68199920654297,37.11415100097656,113.66580963134766,102.2300033569336
2016-04-01,25.046669006347656,29.924999237060547,37.36125564575195,115.61833953857422,105.69999694824219
2016-04-04,25.303991317749023,29.659500122070312,37.13108825683594,112.12171173095703,104.3499984741211
2016-04-05,25.00567626953125,29.30699920654297,36.75792694091797,111.79296112060547,104.94000244140625
2016-04-06,25.267553329467773,30.104000091552734,37.15101623535156,113.27729034423828,104.83000183105469
2016-04-07,24.71647834777832,29.571500778198242,36.8814811706543,113.20755767822266,104.44999694824219
2016-04-08,24.743799209594727,29.729999542236328,36.82518768310547,110.2090072631836,103.80999755859375
2016-04-11,24.825780868530273,29.796499252319336,36.6732292175293,108.57524108886719,102.68000030517578
2016-04-12,25.149147033691406,30.15850067138672,37.02147674560547,110.1890869140625,106.9800033569336
2016-04-13,25.51348876953125,30.740999221801758,37.45143127441406,110.0894775390625,109.6500015258789
2016-04-14,25.527149200439453,31.037500381469727,37.52516555786133,110.41820526123047,110.41999816894531
2016-04-15,25.01478385925293,31.29450035095215,37.81412887573242,109.22277069091797,111.51000213623047
2016-04-18,24.475099563598633,31.767499923706055,38.193267822265625,110.02969360351562,108.4000015258789
2016-04-19,24.345294952392578,31.395000457763672,37.56153869628906,111.86268615722656,94.33999633789062
2016-04-20,24.39539337158203,31.649499893188477,37.49876403808594,111.99220275878906,96.7699966430664
2016-04-21,24.131244659423828,31.549999237060547,37.82110595703125,113.00831604003906,94.9800033569336
2016-04-22,24.065202713012695,31.024999618530273,35.80983352661133,110.13926696777344,95.9000015258789
2016-04-25,23.92857551574707,31.309999465942383,36.02804946899414,109.68102264404297,93.55999755859375
2016-04-26,23.7623348236084,30.8439998626709,35.28023910522461,108.34612274169922,92.43000030517578
2016-04-27,22.275341033935547,30.328500747680664,35.165645599365234,108.47562408447266,91.04000091552734
2016-04-28,21.59446907043457,30.100000381469727,34.42729949951172,116.28579711914062,90.27999877929688
2016-04-29,21.346254348754883,32.97949981689453,34.52644348144531,117.13256072998047,90.02999877929688
2016-05-02,21.323484420776367,34.192501068115234,34.7855110168457,118.1187973022461,93.11000061035156
2016-05-03,21.674169540405273,33.566001892089844,34.49406051635742,116.9831314086914,91.54000091552734
2016-05-04,21.44872283935547,33.54499816894531,34.66046142578125,117.61073303222656,90.79000091552734
2016-05-05,21.361671447753906,32.954498291015625,34.94593048095703,117.36168670654297,89.37000274658203
2016-05-06,21.242528915405273,33.6974983215332,35.42870330810547,119.03528594970703,90.83999633789062
2016-05-09,21.25857162475586,33.98749923706055,35.51738357543945,118.78623962402344,90.54000091552734
2016-05-10,21.40290641784668,35.153499603271484,36.029544830322266,120.04145050048828,92.88999938964844
2016-05-11,21.194416046142578,35.6614990234375,35.63645553588867,119.06517028808594,90.0199966430664
2016-05-12,20.697265625,35.89649963378906,35.537811279296875,119.8222885131836,87.73999786376953
2016-05-13,20.738502502441406,35.49599838256836,35.41425704956055,119.35407257080078,87.87999725341797
2016-05-16,21.508285522460938,35.53300094604492,35.69624328613281,118.2184066772461,89.12000274658203
2016-05-17,21.4189395904541,34.76350021362305,35.18507766723633,116.90343475341797,88.62999725341797
2016-05-18,21.664085388183594,34.872501373291016,35.20500564575195,117.20230865478516,90.5
2016-05-19,21.58160400390625,34.92599868774414,34.8906364440918,116.36548614501953,89.55000305175781
2016-05-20,21.81529426574707,35.13999938964844,35.359947204589844,116.90343475341797,92.48999786376953
2016-05-23,22.09250831604004,34.837501525878906,35.0859375,115.52869415283203,94.88999938964844
2016-05-24,22.429290771484375,35.209999084472656,35.87559509277344,117.2520980834961,97.88999938964844
2016-05-25,22.823348999023438,35.41749954223633,36.133670806884766,117.44137573242188,100.19999694824219
2016-05-26,23.004344940185547,35.74549865722656,36.076377868652344,119.01536560058594,102.80999755859375
2016-05-27,22.9905948638916,35.61199951171875,36.5018424987793,118.92571258544922,103.30000305175781
2016-05-31,22.878334045410156,36.13949966430664,36.654300689697266,118.3578872680664,102.56999969482422
2016-06-01,22.557592391967773,35.97200012207031,36.576080322265625,118.32799530029297,101.51000213623047
2016-06-02,22.388057708740234,36.4119987487793,36.389251708984375,118.47742462158203,101.25
2016-06-03,22.433870315551758,36.277000427246094,35.987693786621094,118.01917266845703,99.58999633789062
2016-06-06,22.59653663635254,36.33649826049805,35.6992301940918,118.33795928955078,100.73999786376953
2016-06-07,22.68817710876465,36.1870002746582,35.7042121887207,117.31187438964844,99.88999938964844
2016-06-08,22.66756248474121,36.332000732421875,36.28363037109375,117.9394760131836,97.86000061035156
2016-06-09,22.830223083496094,36.38249969482422,36.298580169677734,118.10882568359375,97.08999633789062
2016-06-10,22.642362594604492,35.89550018310547,35.84172058105469,116.17620849609375,93.75
2016-06-13,22.30099105834961,35.762001037597656,35.789405822753906,113.51637268066406,93.8499984741211
2016-06-14,22.328489303588867,35.96500015258789,35.78491973876953,114.50260925292969,94.12000274658203
2016-06-15,22.255176544189453,35.7130012512207,35.81730270385742,114.16390228271484,94.29000091552734
2016-06-16,22.349105834960938,35.8754997253418,35.39084243774414,113.95469665527344,95.44000244140625
2016-06-17,21.840492248535156,35.31949996948242,34.46217346191406,112.58991241455078,94.44999694824219
2016-06-20,21.787797927856445,35.70050048828125,34.56132125854492,112.93858337402344,93.80000305175781
2016-06-21,21.973379135131836,35.79100036621094,34.672420501708984,113.94474029541016,90.98999786376953
2016-06-22,21.89089584350586,35.529998779296875,34.748146057128906,113.47653198242188,90.01000213623047
2016-06-23,22.016902923583984,36.104000091552734,34.967857360839844,114.64207458496094,91.66000366210938
2016-06-24,21.398326873779297,34.948001861572266,33.64012908935547,111.65349578857422,88.44000244140625
2016-06-27,21.086742401123047,34.56800079345703,33.29336929321289,108.55532836914062,85.33000183105469
2016-06-28,21.441850662231445,35.397499084472656,33.88026428222656,112.27112579345703,87.97000122070312
2016-06-29,21.627429962158203,35.779998779296875,34.083038330078125,113.72557830810547,91.05999755859375
2016-06-30,21.90235137939453,35.78099822998047,34.48110580444336,113.84512329101562,91.4800033569336
2016-07-01,21.968791961669922,36.284000396728516,34.835330963134766,113.75545501708984,96.66999816894531
2016-07-05,21.762598037719727,36.404998779296875,34.62309646606445,113.76541900634766,97.91000366210938
2016-07-06,21.88631820678711,36.88050079345703,34.76359558105469,116.25590515136719,94.5999984741211
2016-07-07,21.980247497558594,36.82849884033203,34.643524169921875,115.40914154052734,95.0999984741211
2016-07-08,22.149791717529297,37.29050064086914,35.15518569946289,116.79385375976562,97.05999755859375
2016-07-11,22.218515396118164,37.68899917602539,35.62649154663086,117.42146301269531,94.66999816894531
2016-07-12,22.319324493408203,37.410499572753906,35.90299606323242,117.48123168945312,95.97000122070312
2016-07-13,22.19331169128418,37.131500244140625,35.72065353393555,116.33560180664062,96.43000030517578
2016-07-14,22.633195877075195,37.060001373291016,35.91844177246094,116.84366607666016,98.0199966430664
2016-07-15,22.630905151367188,36.77199935913086,35.86363983154297,116.41529846191406,98.38999938964844
2016-07-18,22.871463775634766,36.80350112915039,36.55764389038086,118.91575622558594,98.80999755859375
2016-07-19,22.88062858581543,36.997501373291016,36.71607208251953,120.15103149414062,85.83999633789062
2016-07-20,22.9012451171875,37.2859992980957,36.926815032958984,121.45604705810547,87.91000366210938
2016-07-21,22.779821395874023,37.221500396728516,36.79927062988281,120.15103149414062,85.98999786376953
2016-07-22,22.603404998779297,37.24300003051758,37.0040397644043,120.53954315185547,85.88999938964844
2016-07-25,22.30099105834961,36.980499267578125,36.856075286865234,121.16715240478516,87.66000366210938
2016-07-26,22.14749526977539,36.77949905395508,36.788818359375,120.75871276855469,91.41000366210938
2016-07-27,23.586261749267578,36.833499908447266,36.95571517944336,122.87063598632812,92.04000091552734
2016-07-28,23.904722213745117,37.63050079345703,37.16197204589844,124.52433013916016,91.6500015258789
2016-07-29,23.87493896484375,37.94049835205078,38.301876068115234,123.4683609008789,91.25
2016-08-01,24.29648780822754,38.387001037597656,38.50564193725586,123.83694458007812,94.37000274658203
2016-08-02,23.936796188354492,38.02899932861328,38.41546630859375,122.62158966064453,93.55999755859375
2016-08-03,24.23692512512207,37.731998443603516,38.520591735839844,122.04380798339844,93.0999984741211
2016-08-04,24.38665199279785,38.03850173950195,38.4423713684082,123.88675689697266,93.44000244140625
2016-08-05,24.757503509521484,38.29899978637695,38.97097396850586,124.67376708984375,97.02999877929688
2016-08-08,24.962507247924805,38.327999114990234,38.948055267333984,124.78333282470703,95.11000061035156
2016-08-09,25.06386375427246,38.41550064086914,39.072608947753906,124.58409118652344,93.98999786376953
2016-08-10,24.877286911010742,38.428001403808594,39.09353256225586,124.40477752685547,93.93000030517578
2016-08-11,24.861162185668945,38.5620002746582,39.10200500488281,124.4247055053711,95.88999938964844
2016-08-12,24.918746948242188,38.62799835205078,39.02079391479492,124.40477752685547,96.58999633789062
2016-08-15,25.218196868896484,38.42449951171875,38.981937408447266,123.42851257324219,95.30999755859375
2016-08-16,25.195158004760742,38.20199966430664,38.71788024902344,122.83079528808594,95.12000274658203
2016-08-17,25.15830421447754,38.23149871826172,38.85588455200195,123.896728515625,96.37000274658203
2016-08-18,25.126056671142578,38.222999572753906,38.73582077026367,123.4384765625,96.16000366210938
2016-08-19,25.1905517578125,37.865501403808594,38.63219451904297,123.08979797363281,95.87000274658203
2016-08-22,24.99475860595703,37.9739990234375,38.46927261352539,123.67755889892578,95.26000213623047
2016-08-23,25.073076248168945,38.122501373291016,38.46578598022461,123.896728515625,95.94000244140625
2016-08-24,24.88418960571289,37.86249923706055,38.34422302246094,123.01011657714844,95.18000030517578
2016-08-25,24.778230667114258,37.96099853515625,38.332767486572266,123.41854095458984,97.31999969482422
2016-08-26,24.633119583129883,38.45000076293945,38.3392448425293,124.4844741821289,97.58000183105469
2016-08-29,24.60546875,38.56449890136719,38.46927261352539,126.05846405029297,97.30000305175781
2016-08-30,24.41659927368164,38.37900161743164,38.31682586669922,125.36112213134766,97.44999694824219
2016-08-31,24.43962287902832,38.45800018310547,38.21519088745117,125.64006042480469,97.44999694824219
2016-09-01,24.584747314453125,38.53099822998047,38.30137634277344,125.68986511230469,97.37999725341797
2016-09-02,24.815093994140625,38.62200164794922,38.43490219116211,126.0285873413086,97.37999725341797
2016-09-06,24.80817413330078,39.44350051879883,38.864356994628906,129.23631286621094,100.08999633789062
2016-09-07,24.960208892822266,39.2239990234375,38.877811431884766,130.5513153076172,99.1500015258789
2016-09-08,24.306026458740234,39.202999114990234,38.62720489501953,129.77427673339844,99.66000366210938
2016-09-09,23.75550079345703,38.00699996948242,37.847015380859375,126.61632537841797,96.5
2016-09-12,24.287599563598633,38.574501037597656,38.31333923339844,128.20028686523438,99.05000305175781
2016-09-13,24.86576271057129,38.050498962402344,37.848506927490234,126.72591400146484,96.08999633789062
2016-09-14,25.745683670043945,38.054500579833984,37.988006591796875,127.28378295898438,97.01000213623047
2016-09-15,26.620994567871094,38.484500885009766,38.44984817504883,127.86158752441406,97.33999633789062
2016-09-16,26.47127342224121,38.92599868774414,38.30636215209961,128.57884216308594,99.4800033569336
2016-09-19,26.16261100769043,38.755001068115234,38.14793014526367,128.16041564941406,98.05999755859375
2016-09-20,26.160303115844727,39.01100158691406,38.43240737915039,128.15048217773438,98.25
2016-09-21,26.155702590942383,39.48699951171875,38.67205047607422,129.44552612304688,94.87999725341797
2016-09-22,26.40217399597168,40.23500061035156,39.21957778930664,129.58499145507812,95.83000183105469
2016-09-23,25.962209701538086,40.287498474121094,39.20413589477539,127.47306060791016,95.94000244140625
2016-09-26,26.001365661621094,39.95800018310547,38.57190704345703,126.82553100585938,94.55999755859375
2016-09-27,26.049741744995117,40.80550003051758,39.01033401489258,128.20028686523438,97.06999969482422
2016-09-28,26.24783706665039,41.43600082397461,38.93809127807617,128.7382354736328,97.4800033569336
2016-09-29,25.840126037597656,41.45249938964844,38.61176681518555,127.6025619506836,96.66999816894531
2016-09-30,26.040531158447266,41.865501403808594,38.7253532409668,127.7818832397461,98.55000305175781
2016-10-03,25.918441772460938,41.83700180053711,38.48970031738281,128.2799835205078,102.62999725341797
2016-10-04,26.02900505065918,41.701499938964844,38.68251037597656,127.70218658447266,102.33999633789062
2016-10-05,26.040531158447266,42.21799850463867,38.68450164794922,127.98113250732422,106.27999877929688
2016-10-06,26.234018325805664,42.08300018310547,38.70392990112305,128.25009155273438,105.06999969482422
2016-10-07,26.273176193237305,41.971500396728516,38.61525344848633,128.4991455078125,104.81999969482422
2016-10-10,26.7315673828125,42.08549880981445,39.156307220458984,129.744384765625,103.33000183105469
2016-10-11,26.78914451599121,41.54999923706055,39.01332092285156,128.38955688476562,100.58999633789062
2016-10-12,27.028711318969727,41.704498291015625,39.1662712097168,128.55889892578125,99.5
2016-10-13,26.945777893066406,41.4640007019043,38.770198822021484,127.3335952758789,100.2300033569336
2016-10-14,27.09550666809082,41.14799880981445,38.787132263183594,127.39336395263672,101.47000122070312
2016-10-17,27.077077865600586,40.647499084472656,38.858375549316406,127.05465698242188,99.80000305175781
2016-10-18,27.058656692504883,40.88249969482422,39.62063980102539,128.0807342529297,118.79000091552734
2016-10-19,26.9780330657959,40.884498596191406,39.931522369384766,129.6148681640625,121.87000274658203
2016-10-20,26.964208602905273,40.51599884033203,39.70582962036133,129.5052947998047,123.3499984741211
2016-10-21,26.85824966430664,40.949501037597656,39.825401306152344,131.5674285888672,127.5
2016-10-24,27.10011100769043,41.90449905395508,40.509944915771484,132.77279663085938,127.33000183105469
2016-10-25,27.238323211669922,41.75899887084961,40.238914489746094,131.7865753173828,126.51000213623047
2016-10-26,26.625598907470703,41.12950134277344,39.810455322265625,130.5413360595703,126.97000122070312
2016-10-27,26.36992073059082,40.917999267578125,39.625125885009766,129.19647216796875,126.47000122070312
2016-10-28,26.19485855102539,38.816001892089844,39.626121520996094,130.79039001464844,126.56999969482422
2016-10-31,26.15339469909668,39.49100112915039,39.08655548095703,130.4915313720703,124.87000274658203
2016-11-01,25.681188583374023,39.27050018310547,39.04022216796875,129.00718688964844,123.30000305175781
2016-11-02,25.704227447509766,38.27799987792969,38.297393798828125,126.68606567382812,122.33999633789062
2016-11-03,25.428709030151367,38.35150146484375,37.970069885253906,119.54335021972656,122.13999938964844
2016-11-04,25.19948959350586,37.752498626708984,37.96459197998047,120.2905044555664,122.02999877929688
2016-11-07,25.562992095947266,39.246498107910156,38.98591613769531,121.6851806640625,124.58000183105469
2016-11-08,25.713478088378906,39.38750076293945,39.38399124145508,123.74729919433594,124.33999633789062
2016-11-09,25.67180824279785,38.59400177001953,39.12491989135742,122.71125030517578,122.19000244140625
2016-11-10,24.956382751464844,37.11899948120117,37.99148941040039,120.3403091430664,115.41999816894531
2016-11-11,25.104568481445312,36.95050048828125,37.56602096557617,118.56707763671875,114.77999877929688
2016-11-14,24.474802017211914,35.95349884033203,36.6722297668457,114.64207458496094,113.37999725341797
2016-11-15,24.798946380615234,37.1619987487793,37.788719177246094,116.7540054321289,113.58999633789062
2016-11-16,25.465747833251953,37.324501037597656,38.0871467590332,115.89727783203125,115.19000244140625
2016-11-17,25.45648765563965,37.81999969482422,38.42344284057617,117.34175872802734,115.02999877929688
2016-11-18,25.481948852539062,38.007999420166016,37.89085388183594,116.5746841430664,115.20999908447266
2016-11-21,25.86860466003418,39.0,38.322303771972656,121.30661010742188,117.95999908447266
2016-11-22,25.884817123413086,39.26649856567383,38.27597427368164,121.00775909423828,118.04000091552734
2016-11-23,25.75284767150879,39.00600051879883,37.913272857666016,120.3801498413086,117.69000244140625
2016-11-25,25.882497787475586,39.01850128173828,37.94765090942383,119.92190551757812,117.41000366210938
2016-11-28,25.83156394958496,38.3385009765625,38.274471282958984,119.95179748535156,116.93000030517578
2016-11-29,25.80609703063965,38.125999450683594,38.40401077270508,120.41004943847656,117.51000213623047
2016-11-30,25.588457107543945,37.528499603271484,37.76630401611328,117.9693603515625,117.0
2016-12-01,25.349987030029297,37.182498931884766,37.26211166381836,114.66199493408203,117.22000122070312
2016-12-02,25.44491195678711,37.016998291015625,37.39065170288086,114.96086120605469,120.80999755859375
2016-12-05,25.262006759643555,37.96799850463867,37.989498138427734,116.9831314086914,119.16000366210938
2016-12-06,25.45648765563965,38.236000061035156,37.81961441040039,116.86358642578125,124.56999969482422
2016-12-07,25.7065372467041,38.520999908447266,38.42144775390625,117.50115203857422,125.38999938964844
2016-12-08,25.958904266357422,38.36650085449219,38.682010650634766,118.45750427246094,123.23999786376953
2016-12-09,26.382606506347656,38.43299865722656,39.323211669921875,119.22457122802734,122.87999725341797
2016-12-12,26.232105255126953,38.00600051879883,39.32221221923828,117.32183837890625,122.83000183105469
2016-12-13,26.669700622558594,38.71699905395508,39.6624870300293,119.85218048095703,123.77999877929688
2016-12-14,26.669700622558594,38.441001892089844,39.7108154296875,119.75255584716797,123.44000244140625
2016-12-15,26.815561294555664,38.04999923706055,39.74967575073242,120.1111831665039,125.0
2016-12-16,26.850290298461914,37.88850021362305,39.398441314697266,119.41384887695312,124.22000122070312
2016-12-19,27.00541114807129,38.29999923706055,39.56782913208008,118.78623962402344,125.44999694824219
2016-12-20,27.077178955078125,38.56100082397461,39.67843246459961,118.63681030273438,125.12000274658203
2016-12-21,27.10264778137207,38.529998779296875,39.58576583862305,118.58700561523438,126.5
2016-12-22,26.924381256103516,38.31700134277344,39.421356201171875,116.9532470703125,125.58000183105469
2016-12-23,26.97762680053711,38.02949905395508,39.354095458984375,116.82373809814453,125.58999633789062
2016-12-27,27.148954391479492,38.56999969482422,39.4358024597168,117.5609359741211,128.35000610351562
2016-12-28,27.033193588256836,38.60649871826172,39.111968994140625,116.4750747680664,125.88999938964844
2016-12-29,27.0262451171875,38.25749969482422,38.99937057495117,115.9072494506836,125.33000183105469
2016-12-30,26.815561294555664,37.493499755859375,38.45283508300781,114.61219787597656,123.80000305175781
2017-01-03,26.89196014404297,37.68349838256836,39.1662712097168,116.41529846191406,127.48999786376953
2017-01-04,26.861858367919922,37.85900115966797,39.20413589477539,118.23833465576172,129.41000366210938
2017-01-05,26.998462677001953,39.022499084472656,39.558860778808594,120.21080780029297,131.80999755859375
2017-01-06,27.29945182800293,39.79949951171875,40.16318893432617,122.94038391113281,131.07000732421875
2017-01-09,27.549495697021484,39.84600067138672,40.1880989074707,124.4247055053711,130.9499969482422
2017-01-10,27.577287673950195,39.79499816894531,40.095428466796875,123.87680053710938,129.88999938964844
2017-01-11,27.725454330444336,39.95100021362305,40.250877380371094,125.61016845703125,130.5
2017-01-12,27.609697341918945,40.68199920654297,40.17365264892578,126.1381607055664,129.17999267578125
2017-01-13,27.561077117919922,40.856998443603516,40.2493782043457,127.85160827636719,133.6999969482422
2017-01-17,27.783336639404297,40.486000061035156,40.08646774291992,127.38340759277344,132.88999938964844
2017-01-18,27.781028747558594,40.374000549316406,40.159202575683594,127.43321228027344,133.25999450683594
2017-01-19,27.732410430908203,40.45199966430664,39.965152740478516,127.06462860107422,138.41000366210938
2017-01-20,27.783336639404297,40.416500091552734,40.10689163208008,126.55657196044922,138.60000610351562
2017-01-23,27.801870346069336,40.89400100708008,40.81883239746094,128.43936157226562,137.38999938964844
2017-01-24,27.776395797729492,41.12200164794922,41.0460205078125,128.87767028808594,140.11000061035156
2017-01-25,28.218618392944336,41.82600021362305,41.63390350341797,130.9796600341797,139.52000427246094
2017-01-26,28.23250389099121,41.95750045776367,41.458534240722656,132.2747344970703,138.9600067138672
2017-01-27,28.234821319580078,41.78850173950195,41.01811599731445,131.677001953125,142.4499969482422
2017-01-30,28.160734176635742,41.51900100708008,39.97237777709961,130.4815673828125,141.22000122070312
2017-01-31,28.095905303955078,41.17399978637695,39.69686508178711,129.82408142089844,140.7100067138672
2017-02-01,29.809207916259766,41.61750030517578,39.642311096191406,132.7230224609375,140.77999877929688
2017-02-02,29.75827407836914,41.997501373291016,39.78355026245117,130.34210205078125,139.1999969482422
2017-02-03,29.8856143951416,40.5099983215332,39.93102264404297,130.4815673828125,140.25
2017-02-06,30.165760040283203,40.38199996948242,39.92354965209961,131.55746459960938,140.97000122070312
2017-02-07,30.452856063842773,40.625,40.204044342041016,131.33828735351562,144.0
2017-02-08,30.57093048095703,40.98550033569336,40.2742919921875,133.68930053710938,144.74000549316406
2017-02-09,30.791837692260742,41.06800079345703,40.33307647705078,133.62954711914062,144.13999938964844
2017-02-10,30.722078323364258,41.37300109863281,40.537837982177734,133.67935180664062,144.82000732421875
2017-02-13,30.99415397644043,41.826499938964844,40.815345764160156,133.53988647460938,143.1999969482422
2017-02-14,31.396419525146484,41.81949996948242,40.87562942504883,133.3406524658203,140.82000732421875
2017-02-15,31.51036834716797,42.1349983215332,40.80239486694336,132.9322052001953,142.27000427246094
2017-02-16,31.473161697387695,42.207000732421875,41.06046676635742,133.3306884765625,142.00999450683594
2017-02-17,31.559202194213867,42.253501892089844,41.25526428222656,133.02186584472656,142.22000122070312
2017-02-21,31.787084579467773,42.821998596191406,41.434120178222656,133.21115112304688,142.60000610351562
2017-02-22,31.882417678833008,42.78049850463867,41.3892822265625,135.6020050048828,143.86000061035156
2017-02-23,31.7475528717041,42.609500885009766,41.41768264770508,134.84490966796875,142.77999877929688
2017-02-24,31.777767181396484,42.262001037597656,41.283660888671875,134.92459106445312,143.25
2017-02-27,31.84055519104004,42.43199920654297,41.315547943115234,135.89089965820312,143.41000366210938
2017-02-28,31.854511260986328,42.25199890136719,41.01313400268555,135.02420043945312,142.1300048828125
2017-03-01,32.5056037902832,42.65399932861328,41.612483978271484,136.8970489501953,142.64999389648438
2017-03-02,32.312599182128906,42.445499420166016,41.382808685302734,136.23956298828125,139.52999877929688
2017-03-03,32.50326919555664,42.49399948120117,41.30558395385742,136.64801025390625,139.13999938964844
2017-03-06,32.40096664428711,42.330501556396484,41.24081802368164,136.8970489501953,141.94000244140625
2017-03-07,32.44281005859375,42.30099868774414,41.44657897949219,136.7775421142578,141.42999267578125
2017-03-08,32.321903228759766,42.525001525878906,41.618961334228516,137.19590759277344,140.32000732421875
2017-03-09,32.24749755859375,42.650001525878906,41.78386306762695,137.7139434814453,140.52999877929688
2017-03-10,32.35445785522461,42.62300109863281,42.01155090332031,138.2618408203125,140.88999938964844
2017-03-13,32.368404388427734,42.72949981689453,42.125640869140625,139.06875610351562,143.52000427246094
2017-03-14,32.319580078125,42.62649917602539,42.12961959838867,138.78985595703125,143.19000244140625
2017-03-15,32.66140365600586,42.64849853515625,42.208343505859375,139.18832397460938,145.25
2017-03-16,32.71487808227539,42.67100143432617,42.28705596923828,139.45729064941406,144.38999938964844
2017-03-17,32.55210494995117,42.615501403808594,42.453460693359375,139.30784606933594,145.11000061035156
2017-03-20,32.8939323425293,42.8484992980957,42.268123626708984,139.40748596191406,145.8300018310547
2017-03-21,32.517234802246094,42.15999984741211,41.37433624267578,137.98291015625,142.4199981689453
2017-03-22,32.8846321105957,42.40299987792969,41.33099365234375,139.05880737304688,142.64999389648438
2017-03-23,32.76836395263672,42.36899948120117,40.732643127441406,138.9990234375,141.83999633789062
2017-03-24,32.7032470703125,42.28049850463867,40.575706481933594,139.80593872070312,142.02000427246094
2017-03-27,32.759063720703125,42.340999603271484,40.82879638671875,139.78604125976562,144.05999755859375
2017-03-28,33.43806457519531,42.79999923706055,40.8990478515625,141.2205352783203,145.1699981689453
2017-03-29,33.5124626159668,43.715999603271484,41.421669006347656,142.10716247558594,146.47000122070312
2017-03-30,33.468265533447266,43.81700134277344,41.426151275634766,141.86807250976562,148.05999755859375
2017-03-31,33.40549850463867,44.32699966430664,41.32950210571289,141.50942993164062,147.80999755859375
2017-04-03,33.41480255126953,44.57550048828125,41.77738952636719,141.73855590820312,146.9199981689453
2017-04-04,33.663604736328125,45.34149932861328,41.5791015625,141.19064331054688,145.5
2017-04-05,33.48920822143555,45.4640007019043,41.421669006347656,141.31021118164062,143.6199951171875
2017-04-06,33.40549850463867,44.91400146484375,41.24580383300781,140.63278198242188,143.74000549316406
2017-04-07,33.33109664916992,44.74399948120117,41.08587646484375,140.2442626953125,143.11000061035156
2017-04-10,33.29156494140625,45.35200119018555,41.088863372802734,140.50328063964844,143.85000610351562
2017-04-11,32.93346405029297,45.11800003051758,41.020111083984375,139.38755798339844,144.35000610351562
2017-04-12,32.97299575805664,44.811500549316406,41.06843566894531,139.048828125,143.8300018310547
2017-04-13,32.7985954284668,44.23350143432617,41.030574798583984,138.85955810546875,142.9199981689453
2017-04-17,32.97996139526367,45.0994987487793,41.708641052246094,140.88185119628906,147.25
2017-04-18,32.83347702026367,45.18899917602539,41.691200256347656,140.42359924316406,143.36000061035156
2017-04-19,32.71255111694336,44.959999084472656,41.76045227050781,141.72860717773438,139.75999450683594
2017-04-20,33.12180709838867,45.10300064086914,41.93183135986328,143.25277709960938,141.17999267578125
2017-04-21,33.082279205322266,44.92649841308594,42.00856018066406,143.13323974609375,142.8699951171875
2017-04-24,33.40083694458008,45.37049865722656,42.983558654785156,144.9164276123047,143.8300018310547
2017-04-25,33.607810974121094,45.38100051879883,43.4588508605957,145.93255615234375,152.16000366210938
2017-04-26,33.4101448059082,45.464500427246094,43.43044662475586,146.00228881835938,150.1699981689453
2017-04-27,33.43572998046875,45.91899871826172,43.55600357055664,147.13795471191406,153.0800018310547
2017-04-28,33.403167724609375,46.2495002746582,45.13582229614258,149.67825317382812,152.1999969482422
2017-05-01,34.084476470947266,47.4114990234375,45.46513748168945,151.87985229492188,155.35000610351562
2017-05-02,34.300743103027344,47.34700012207031,45.6579475402832,152.1986083984375,156.4499969482422
2017-05-03,34.196102142333984,47.05149841308594,46.18605041503906,151.2223358154297,155.58999633789062
2017-05-04,34.07286834716797,46.87649917602539,46.416221618652344,150.2759552001953,157.25
2017-05-05,34.63792037963867,46.70750045776367,46.190528869628906,149.66827392578125,156.60000610351562
2017-05-08,35.57967758178711,47.45199966430664,46.54774856567383,150.48516845703125,156.3800048828125
2017-05-09,35.80753707885742,47.64099884033203,46.44163513183594,149.9073486328125,157.4600067138672
2017-05-10,35.6378059387207,47.4474983215332,46.272735595703125,149.71807861328125,160.27999877929688
2017-05-11,35.946006774902344,47.38100051879883,46.36341094970703,149.4690399169922,158.5399932861328
2017-05-12,36.44802474975586,48.067501068115234,46.444122314453125,149.7579345703125,160.80999755859375
2017-05-15,36.35463333129883,47.89849853515625,46.68625259399414,149.61846923828125,160.02000427246094
2017-05-16,36.30091094970703,48.30350112915039,46.98119354248047,149.21002197265625,159.41000366210938
2017-05-17,35.082096099853516,47.237998962402344,45.81637954711914,144.29879760742188,153.1999969482422
2017-05-18,35.616783142089844,47.92449951171875,46.34547805786133,147.0980987548828,155.6999969482422
2017-05-19,35.73820495605469,47.992000579833984,46.533302307128906,147.49658203125,157.02000427246094
2017-05-22,35.955345153808594,48.53350067138672,46.92439651489258,147.67588806152344,157.16000366210938
2017-05-23,35.910987854003906,48.57699966430664,47.271156311035156,147.5065460205078,157.9499969482422
2017-05-24,35.80357360839844,49.01750183105469,47.57705307006836,149.4690399169922,157.75
2017-05-25,35.927330017089844,49.66899871826172,48.303443908691406,151.38174438476562,163.0500030517578
2017-05-26,35.86661911010742,49.78900146484375,48.39959716796875,151.55108642578125,162.42999267578125
2017-05-30,35.88063049316406,49.834999084472656,48.619300842285156,151.80014038085938,163.22000122070312
2017-05-31,35.66815948486328,49.73099899291992,48.07027816772461,150.88365173339844,163.07000732421875
2017-06-01,35.76621627807617,49.79750061035156,48.17440414428711,150.953369140625,162.99000549316406
2017-06-02,36.29624557495117,50.33649826049805,48.60535430908203,153.0254669189453,165.17999267578125
2017-06-05,35.94133377075195,50.56700134277344,49.00790786743164,153.04537963867188,165.05999755859375
2017-06-06,36.062747955322266,50.150001525878906,48.65367889404297,152.22850036621094,165.1699981689453
2017-06-07,36.27757263183594,50.503501892089844,48.87139892578125,152.5373077392578,165.61000061035156
2017-06-08,36.188838958740234,50.51350021362305,48.99446105957031,154.12127685546875,165.8800048828125
2017-06-09,34.78555679321289,48.91550064086914,47.32147216796875,149.0307159423828,158.02999877929688
2017-06-12,33.954322814941406,48.24549865722656,46.97621154785156,147.8751220703125,151.44000244140625
2017-06-13,34.22752380371094,49.03950119018555,47.499332427978516,150.10659790039062,152.72000122070312
2017-06-14,33.893619537353516,48.82350158691406,47.367801666259766,149.67825317382812,152.1999969482422
2017-06-15,33.69047927856445,48.208499908447266,46.946815490722656,149.22994995117188,151.75999450683594
2017-06-16,33.21882629394531,49.385501861572266,46.82076644897461,150.06675720214844,152.3800048828125
2017-06-19,34.169132232666016,49.75849914550781,47.697120666503906,152.28826904296875,153.39999389648438
2017-06-20,33.85860061645508,49.62950134277344,47.361328125,151.67062377929688,152.0500030517578
2017-06-21,34.05939865112305,50.11149978637695,47.80074691772461,153.32431030273438,155.02999877929688
2017-06-22,34.00336837768555,50.064998626708984,47.683170318603516,152.8162384033203,154.88999938964844
2017-06-23,34.15512466430664,50.1870002746582,48.10664749145508,154.47991943359375,158.02000427246094
2017-06-26,34.04772186279297,49.69900131225586,47.44302749633789,153.00552368164062,157.5
2017-06-27,33.55971908569336,48.8390007019043,46.200496673583984,150.00698852539062,151.02999877929688
2017-06-28,34.050052642822266,49.51649856567383,46.85614013671875,152.6568603515625,153.41000366210938
2017-06-29,33.54805374145508,48.79650115966797,45.72520446777344,150.46522521972656,150.08999633789062
2017-06-30,33.627437591552734,48.400001525878906,45.27382278442383,150.40545654296875,149.41000366210938
2017-07-03,33.50602722167969,47.68299865722656,44.77412414550781,147.86514282226562,146.1699981689453
2017-07-05,33.6437873840332,48.56999969482422,45.42229080200195,149.7678985595703,147.61000061035156
2017-07-06,33.326229095458984,48.25699996948242,45.17219543457031,148.25369262695312,146.25
2017-07-07,33.664791107177734,48.9379997253418,45.76506423950195,150.86370849609375,150.17999267578125
2017-07-10,33.870269775390625,49.82350158691406,46.27373504638672,152.91586303710938,152.6699981689453
2017-07-11,33.98001480102539,49.70650100708008,46.3380012512207,154.67913818359375,154.3300018310547
2017-07-12,34.02904510498047,50.32550048828125,47.02254867553711,158.29531860351562,158.75
2017-07-13,34.503028869628906,50.03150177001953,47.188446044921875,158.6539306640625,158.2100067138672
2017-07-14,34.799560546875,50.09049987792969,47.62836456298828,159.3612518310547,161.1199951171875
2017-07-17,34.920989990234375,50.50199890136719,47.50032424926758,159.12216186523438,161.6999969482422
2017-07-18,35.04240417480469,51.22249984741211,48.09718322753906,162.24026489257812,183.60000610351562
2017-07-19,35.26188278198242,51.34349822998047,48.370697021484375,163.515380859375,183.86000061035156
2017-07-20,35.10310363769531,51.435001373291016,48.23419189453125,163.90390014648438,183.60000610351562
2017-07-21,35.086761474609375,51.28350067138672,48.471832275390625,163.8042755126953,188.5399932861328
2017-07-24,35.511714935302734,51.9474983215332,48.84150695800781,165.36830139160156,187.91000366210938
2017-07-25,35.66348648071289,51.993499755859375,47.36481475830078,164.6510467529297,186.97000122070312
2017-07-26,35.831607818603516,52.63999938964844,47.220333099365234,164.97979736328125,189.0800018310547
2017-07-27,35.154476165771484,52.29999923706055,46.53728485107422,169.79141235351562,182.67999267578125
2017-07-28,34.90699005126953,51.00199890136719,46.907955169677734,171.7937469482422,184.0399932861328
2017-07-31,34.727176666259766,49.388999938964844,46.358428955078125,168.60594177246094,181.66000366210938
2017-08-01,35.0353889465332,49.80950164794922,46.37487030029297,169.21360778808594,182.02999877929688
2017-08-02,36.69083786010742,49.794498443603516,46.35295104980469,168.65574645996094,180.74000549316406
2017-08-03,36.324275970458984,49.34600067138672,46.017154693603516,167.9484405517578,179.22999572753906
2017-08-04,36.5157356262207,49.37900161743164,46.23188400268555,168.9745330810547,180.27000427246094
2017-08-07,37.08077621459961,49.61349868774414,46.301631927490234,171.32554626464844,181.3300018310547
2017-08-08,37.3773193359375,49.492000579833984,46.17359161376953,170.57838439941406,178.36000061035156
2017-08-09,37.60612869262695,49.10049819946289,45.97978973388672,170.52859497070312,175.77999877929688
2017-08-10,36.40830993652344,47.84600067138672,45.19959259033203,166.76295471191406,169.13999938964844
2017-08-11,36.91462707519531,48.39950180053711,45.55581283569336,167.44039916992188,171.39999389648438
2017-08-14,37.470184326171875,49.165000915527344,45.968326568603516,170.10023498535156,171.0
2017-08-15,37.88039779663086,49.137001037597656,45.9459114074707,170.34927368164062,168.5
2017-08-16,37.728031158447266,48.909000396728516,46.182064056396484,169.35308837890625,169.97999572753906
2017-08-17,37.00370407104492,48.028499603271484,45.38592529296875,166.27484130859375,166.08999633789062
2017-08-18,36.9193229675293,47.923500061035156,45.370479583740234,166.77294921875,166.5399932861328
2017-08-21,36.85134506225586,47.66450119018555,45.17069625854492,167.1415252685547,166.75999450683594
2017-08-22,37.45377731323242,48.345001220703125,46.0689697265625,168.9944610595703,169.33999633789062
2017-08-23,37.500640869140625,47.900001525878906,46.18405532836914,168.0679931640625,169.05999755859375
2017-08-24,37.3342170715332,47.622501373291016,45.899078369140625,167.1016845703125,168.1300048828125
2017-08-25,37.47252655029297,47.26300048828125,45.63054275512695,165.68710327148438,165.9499969482422
2017-08-28,37.849918365478516,47.30099868774414,45.52691650390625,166.6035919189453,167.1199951171875
2017-08-29,38.18747329711914,47.702999114990234,45.89957809448242,167.41050720214844,168.80999755859375
2017-08-30,38.290611267089844,48.37950134277344,46.312095642089844,169.2733917236328,174.69000244140625
2017-08-31,38.44297409057617,49.029998779296875,46.79834747314453,171.31558227539062,174.7100067138672
2017-09-01,38.454689025878906,48.912498474121094,46.69920349121094,171.3654022216797,174.74000549316406
2017-09-05,37.992916107177734,48.26350021362305,46.25629806518555,170.0703582763672,174.52000427246094
2017-09-06,37.95306396484375,48.38999938964844,46.22441101074219,171.43511962890625,179.25
2017-09-07,37.800697326660156,48.9734992980957,46.62995147705078,172.55087280273438,179.0
2017-09-08,37.184200286865234,48.29499816894531,46.15914535522461,170.29946899414062,176.4199981689453
2017-09-11,37.85695266723633,48.89799880981445,46.287681579589844,172.84971618652344,181.74000549316406
2017-09-12,37.706939697265625,49.12900161743164,46.436649322509766,172.30181884765625,185.14999389648438
2017-09-13,37.42328643798828,49.97999954223633,46.58710861206055,172.3914794921875,183.63999938964844
2017-09-14,37.102149963378906,49.61050033569336,46.08989334106445,170.30943298339844,182.6300048828125
2017-09-15,37.47720718383789,49.339500427246094,45.84975814819336,170.98684692382812,182.35000610351562
2017-09-18,37.19356918334961,48.70949935913086,45.58620071411133,169.36305236816406,184.6199951171875
2017-09-19,37.20765686035156,48.49300003051758,45.92548370361328,171.86351013183594,185.67999267578125
2017-09-20,36.584110260009766,48.660499572753906,46.412235260009766,171.5148162841797,185.50999450683594
2017-09-21,35.95589065551758,48.23249816894531,46.45558166503906,170.4588623046875,188.77999877929688
2017-09-22,35.60429000854492,47.755001068115234,46.26028060913086,169.89100646972656,187.35000610351562
2017-09-25,35.29017639160156,46.989498138427734,45.88364028930664,162.25021362304688,178.5500030517578
2017-09-26,35.897300720214844,46.93000030517578,46.07744216918945,163.58511352539062,179.3800048828125
2017-09-27,36.152809143066406,47.54349899291992,47.055423736572266,167.04190063476562,181.97000122070312
2017-09-28,35.93012619018555,47.81999969482422,47.30502700805664,168.08790588378906,180.6999969482422
2017-09-29,36.12701416015625,48.067501068115234,47.783809661865234,170.2197723388672,181.35000610351562
2017-10-02,36.05435562133789,47.95949935913086,47.49285888671875,168.82508850097656,177.00999450683594
2017-10-03,36.21141815185547,47.85499954223633,47.71804428100586,169.31324768066406,179.19000244140625
2017-10-04,35.97700119018555,48.272499084472656,47.41363525390625,167.7790985107422,184.4499969482422
2017-10-05,36.42472457885742,49.04249954223633,48.324363708496094,170.58837890625,194.38999938964844
2017-10-06,36.403621673583984,49.479000091552734,48.76927185058594,171.5745849609375,198.02000427246094
2017-10-09,36.530189514160156,49.54949951171875,48.675106048583984,171.84356689453125,196.8699951171875
2017-10-10,36.54426574707031,49.36000061035156,48.455894470214844,170.93702697753906,195.0800018310547
2017-10-11,36.696624755859375,49.75,49.28541564941406,172.08265686035156,194.9499969482422
2017-10-12,36.567718505859375,50.04650115966797,49.214664459228516,171.8933868408203,195.86000061035156
2017-10-13,36.79977798461914,50.14699935913086,49.30683517456055,173.078857421875,199.49000549316406
2017-10-16,37.47720718383789,50.31700134277344,49.422420501708984,173.8558807373047,202.67999267578125
2017-10-17,37.61550521850586,50.45650100708008,49.4313850402832,175.43983459472656,199.47999572753906
2017-10-18,37.44908142089844,49.849998474121094,49.46277618408203,175.36013793945312,195.5399932861328
2017-10-19,36.563018798828125,49.330501556396484,49.04627227783203,173.89572143554688,195.1300048828125
2017-10-20,36.626312255859375,49.14550018310547,49.233097076416016,174.31411743164062,194.16000366210938
2017-10-23,36.6075553894043,48.314998626708984,48.2491340637207,170.61827087402344,192.47000122070312
2017-10-24,36.825557708740234,48.79499816894531,48.3532600402832,171.146240234375,196.02000427246094
2017-10-25,36.66381072998047,48.64550018310547,48.49225997924805,169.9508056640625,193.77000427246094
2017-10-26,36.898216247558594,48.621498107910156,48.45389938354492,169.98068237304688,195.2100067138672
2017-10-27,38.22028350830078,55.04750061035156,50.781044006347656,177.20309448242188,199.5399932861328
2017-10-30,39.08056640625,55.54249954223633,50.67342758178711,179.18551635742188,198.3699951171875
2017-10-31,39.62438201904297,55.263999938964844,50.6500129699707,179.37478637695312,196.42999267578125
2017-11-01,39.12040328979492,55.183998107910156,51.09142303466797,181.96490478515625,198.0
2017-11-02,39.40639114379883,54.71099853515625,51.09540939331055,178.23915100097656,199.32000732421875
2017-11-03,40.43545150756836,55.58000183105469,51.43917465209961,178.23915100097656,200.00999450683594
2017-11-06,40.845664978027344,56.03300094604492,51.11134719848633,179.48439025878906,200.1300048828125
2017-11-07,40.97692108154297,56.15850067138672,51.48152160644531,179.5640869140625,195.88999938964844
2017-11-08,41.31214141845703,56.64400100708008,51.80635452270508,178.876708984375,196.44000244140625
2017-11-09,41.227745056152344,56.45650100708008,51.37839126586914,178.61770629882812,193.89999389648438
2017-11-10,41.09130096435547,56.26750183105469,51.21946334838867,177.7808837890625,192.02000427246094
2017-11-13,40.9266242980957,56.458499908447266,51.10387420654297,178.0897216796875,195.0800018310547
2017-11-14,40.30790328979492,56.84199905395508,51.116336822509766,177.39239501953125,195.7100067138672
2017-11-15,39.7762451171875,56.33449935913086,50.86274337768555,177.2728271484375,192.1199951171875
2017-11-16,40.25146484375,56.864498138427734,51.44017028808594,178.90658569335938,195.50999450683594
2017-11-17,40.0279655456543,56.49399948120117,50.77206802368164,178.31884765625,193.1999969482422
2017-11-20,39.98796844482422,56.31549835205078,50.736698150634766,178.05982971191406,194.10000610351562
2017-11-21,40.731361389160156,56.9744987487793,51.539310455322266,181.16793823242188,196.22999572753906
2017-11-22,41.1595344543457,57.80799865722656,51.612552642822266,180.1817169189453,196.32000732421875
2017-11-24,41.16187286376953,59.29999923706055,51.844215393066406,182.08445739746094,195.75
2017-11-27,40.95486831665039,59.791500091552734,52.52178192138672,182.33348083496094,195.0500030517578
2017-11-28,40.714900970458984,59.68000030517578,52.18299865722656,181.72581481933594,199.17999267578125
2017-11-29,39.87035369873047,58.063499450683594,50.90011215209961,174.46356201171875,188.14999389648438
2017-11-30,40.427894592285156,58.837501525878906,50.887657165527344,176.50575256347656,187.5800018310547
2017-12-01,40.23969268798828,58.11750030517578,50.32767105102539,174.43368530273438,186.82000732421875
2017-12-04,39.94562911987305,56.6974983215332,49.75522232055664,170.81748962402344,184.0399932861328
2017-12-05,39.907981872558594,57.07849884033203,50.07756423950195,172.17230224609375,184.2100067138672
2017-12-06,39.75978469848633,57.61750030517578,50.736698150634766,175.38999938964844,185.3000030517578
2017-12-07,39.832706451416016,57.989498138427734,51.36195373535156,179.45449829101562,185.1999969482422
2017-12-08,39.84446716308594,58.099998474121094,51.66685485839844,178.31884765625,188.5399932861328
2017-12-11,40.62080383300781,58.44599914550781,51.86863327026367,178.35867309570312,186.22000122070312
2017-12-12,40.392601013183594,58.25400161743164,51.837738037109375,176.28660583496094,185.72999572753906
2017-12-13,40.52669906616211,58.20650100708008,51.844215393066406,177.62149047851562,187.86000061035156
2017-12-14,40.51494216918945,58.7130012512207,52.269691467285156,177.71116638183594,189.55999755859375
2017-12-15,40.9266242980957,58.957000732421875,53.01899719238281,179.4943389892578,190.1199951171875
2017-12-18,41.50299072265625,59.52899932861328,53.664180755615234,180.1319122314453,190.4199981689453
2017-12-19,41.06071090698242,59.36899948120117,53.34233856201172,178.82688903808594,187.02000427246094
2017-12-20,41.01601791381836,58.88100051879883,53.05686569213867,177.2130584716797,188.82000732421875
2017-12-21,41.171287536621094,58.737998962402344,52.99109649658203,176.77471923828125,188.6199951171875
2017-12-22,41.171287536621094,58.417999267578125,52.81623077392578,176.52566528320312,189.94000244140625
2017-12-26,40.12677001953125,58.8380012512207,52.64783477783203,175.32028198242188,187.75999450683594
2017-12-27,40.13383483886719,59.112998962402344,52.28064727783203,176.94407653808594,186.24000549316406
2017-12-28,40.24674606323242,59.30500030517578,52.2193717956543,177.24295043945312,192.7100067138672
2017-12-29,39.81154251098633,58.4734992980957,52.1326789855957,175.7884979248047,191.9600067138672
2018-01-02,40.52433776855469,59.45050048828125,53.05935287475586,180.72962951660156,201.07000732421875
2018-01-03,40.51728439331055,60.209999084472656,53.93022537231445,183.96726989746094,205.0500030517578
2018-01-04,40.70549011230469,60.47949981689453,54.12552261352539,183.62855529785156,205.6300048828125
2018-01-05,41.16893005371094,61.457000732421875,54.914188385009766,186.1389617919922,209.99000549316406
2018-01-08,41.01601791381836,62.34349822998047,55.14884567260742,187.5635223388672,212.0500030517578
2018-01-09,41.01131057739258,62.6349983215332,55.114967346191406,187.1550750732422,209.30999755859375
2018-01-10,41.00190353393555,62.71649932861328,54.93312072753906,187.1251983642578,212.52000427246094
2018-01-11,41.234806060791016,63.83399963378906,55.078102111816406,187.0554656982422,217.24000549316406
2018-01-12,41.660606384277344,65.26000213623047,55.91210174560547,178.68740844726562,221.22999572753906
2018-01-16,41.44888687133789,65.24299621582031,55.88719177246094,177.71116638183594,221.52999877929688
2018-01-17,42.13346481323242,64.75,56.396366119384766,176.92416381835938,217.5
2018-01-18,42.17110061645508,64.66600036621094,56.28725051879883,179.11578369140625,220.3300018310547
2018-01-19,41.98290252685547,64.72899627685547,56.671871185302734,180.60011291503906,220.4600067138672
2018-01-22,41.63942337036133,66.3655014038086,57.583595275878906,184.66458129882812,227.5800018310547
2018-01-23,41.648841857910156,68.12699890136719,58.2890625,188.62945556640625,250.2899932861328
2018-01-24,40.98543167114258,67.87550354003906,58.00358963012695,185.84010314941406,261.29998779296875
2018-01-25,40.253807067871094,68.89749908447266,58.308990478515625,186.7665557861328,269.70001220703125
2018-01-26,40.347904205322266,70.10250091552734,58.581512451171875,189.27696228027344,274.6000061035156
2018-01-29,39.51276779174805,70.88400268554688,58.56855773925781,185.27227783203125,284.5899963378906
2018-01-30,39.279869079589844,71.89099884033203,57.9761848449707,186.40792846679688,278.79998779296875
2018-01-31,39.388084411621094,72.54450225830078,58.287567138671875,186.17880249023438,270.29998779296875
2018-02-01,39.470420837402344,69.5,58.175968170166016,192.35520935058594,265.07000732421875
2018-02-02,37.757781982421875,71.49749755859375,55.39596176147461,189.55592346191406,267.42999267578125
2018-02-05,36.81443405151367,69.5,52.60100173950195,180.5702362060547,254.25999450683594
2018-02-06,38.35298156738281,72.14199829101562,53.8365592956543,184.6048126220703,265.7200012207031
2018-02-07,37.531944274902344,70.83899688720703,52.241294860839844,179.4943389892578,264.55999755859375
2018-02-08,36.49920654296875,67.5250015258789,49.8967170715332,170.9270782470703,250.10000610351562
2018-02-09,36.945621490478516,66.9800033569336,51.70322799682617,175.43983459472656,249.47000122070312
2018-02-12,38.433753967285156,69.3115005493164,52.40869140625,175.7386932373047,257.95001220703125
2018-02-13,38.81878662109375,70.72550201416016,52.416664123535156,172.49110412597656,258.2699890136719
2018-02-14,39.53449249267578,72.55249786376953,53.29351043701172,178.83685302734375,266.0
2018-02-15,40.86199951171875,73.08799743652344,54.28096389770508,179.2751922607422,280.2699890136719
2018-02-16,40.729736328125,72.43450164794922,54.54401779174805,176.68507385253906,278.5199890136719
2018-02-20,40.59272384643555,73.4175033569336,54.9256477355957,175.3402099609375,278.54998779296875
2018-02-21,40.408477783203125,74.14600372314453,55.36805725097656,177.2329864501953,281.0400085449219
2018-02-22,40.74626541137695,74.26699829101562,55.133399963378906,178.30886840820312,278.1400146484375
2018-02-23,41.45489501953125,75.0,56.137794494628906,182.59249877929688,285.92999267578125
2018-02-26,42.274532318115234,76.09750366210938,56.982757568359375,184.2262725830078,294.1600036621094
2018-02-27,42.13753890991211,75.5989990234375,55.71431350708008,180.76947021484375,290.6099853515625
2018-02-28,42.07375717163086,75.62249755859375,55.03874206542969,177.6414337158203,291.3800048828125
2018-03-01,41.3367805480957,74.67250061035156,53.2845458984375,175.27049255371094,290.3900146484375
2018-03-02,41.62260055541992,75.01249694824219,53.75286102294922,175.94789123535156,301.04998779296875
2018-03-05,41.76668167114258,76.18049621582031,54.35121536254883,179.7135009765625,315.0
2018-03-06,41.73125457763672,76.88200378417969,54.556968688964844,179.0958709716797,325.2200012207031
2018-03-07,41.343875885009766,77.25,55.283363342285156,183.01092529296875,321.1600036621094
2018-03-08,41.79503631591797,77.59300231933594,56.09843063354492,181.6461181640625,317.0
2018-03-09,42.51311111450195,78.94450378417969,57.794334411621094,184.52511596679688,331.44000244140625
2018-03-12,42.92412185668945,79.91950225830078,58.016536712646484,184.05690002441406,321.29998779296875
2018-03-13,42.510746002197266,79.40899658203125,56.70475769042969,181.18788146972656,315.8800048828125
2018-03-14,42.14933776855469,79.55000305175781,57.26872634887695,183.4890899658203,321.54998779296875
2018-03-15,42.19895553588867,79.11599731445312,57.27321243286133,183.16033935546875,321.0899963378906
2018-03-16,42.05013656616211,78.58399963378906,56.58319091796875,184.38565063476562,318.45001220703125
2018-03-19,41.40763854980469,77.24649810791016,54.79412078857422,171.90333557128906,313.4800109863281
2018-03-20,41.39347839355469,79.32550048828125,54.68899917602539,167.5101318359375,317.5
2018-03-21,40.455726623535156,79.09300231933594,54.348716735839844,168.7454071044922,316.4800109863281
2018-03-22,39.88410186767578,77.24600219726562,52.26620101928711,164.26254272460938,306.70001220703125
2018-03-23,38.960514068603516,74.77799987792969,50.89562225341797,158.783447265625,300.94000244140625
2018-03-26,40.81005096435547,77.79299926757812,52.471961975097656,159.45089721679688,320.3500061035156
2018-03-27,39.76362228393555,74.85250091552734,50.075077056884766,151.6407470703125,300.69000244140625
2018-03-28,39.32426834106445,71.57099914550781,50.04817199707031,152.44764709472656,285.7699890136719
2018-03-29,39.63134765625,72.36699676513672,51.40480041503906,159.18191528320312,295.3500061035156
2018-04-02,39.37152099609375,68.59950256347656,50.14332962036133,154.79867553710938,280.2900085449219
2018-04-03,39.775421142578125,69.60250091552734,50.48908996582031,155.5159454345703,283.6700134277344
2018-04-04,40.53602981567383,70.52850341796875,51.073486328125,154.50979614257812,288.94000244140625
2018-04-05,40.817115783691406,72.5875015258789,51.206512451171875,158.733642578125,293.9700012207031
2018-04-06,39.773067474365234,70.2614974975586,50.17172622680664,156.60179138183594,288.8500061035156
2018-04-09,40.16755294799805,70.30400085449219,50.590721130371094,157.32899475097656,289.92999267578125
2018-04-10,40.92341232299805,71.81099700927734,51.3973274230957,164.41195678710938,298.07000732421875
2018-04-11,40.73209762573242,71.35250091552734,50.815914154052734,165.68710327148438,303.6700134277344
2018-04-12,41.13364028930664,72.42500305175781,51.440670013427734,163.2464141845703,309.25
2018-04-13,41.27300262451172,71.53949737548828,51.27924728393555,163.89395141601562,311.6499938964844
2018-04-16,41.53047561645508,72.07499694824219,51.71318817138672,164.2027587890625,307.7799987792969
2018-04-17,42.102108001708984,75.19149780273438,53.51571273803711,168.01817321777344,336.05999755859375
2018-04-18,42.00761795043945,76.39199829101562,53.412086486816406,165.7269287109375,334.5199890136719
2018-04-19,40.817115783691406,77.84549713134766,54.19028854370117,167.4603271484375,332.70001220703125
2018-04-20,39.14476013183594,76.37449645996094,53.455928802490234,165.647216796875,327.7699890136719
2018-04-23,39.0313720703125,75.89299774169922,53.181419372558594,165.20892333984375,318.69000244140625
2018-04-24,38.48809814453125,73.00450134277344,50.816410064697266,159.0823211669922,307.0199890136719
2018-04-25,38.65579605102539,73.00849914550781,50.87619400024414,159.0823211669922,305.760009765625
2018-04-26,38.79043960571289,75.89800262451172,51.815818786621094,173.49725341796875,313.9800109863281
2018-04-27,38.34164047241211,78.63099670410156,51.31810760498047,172.92941284179688,311.760009765625
2018-04-30,39.03609848022461,78.30650329589844,50.684383392333984,171.345458984375,312.4599914550781
2018-05-01,39.94314956665039,79.11299896240234,51.679813385009766,173.19837951660156,313.29998779296875
2018-05-02,41.7076416015625,78.48400115966797,51.03562927246094,175.39999389648438,313.3599853515625
2018-05-03,41.783226013183594,78.60399627685547,51.002742767333984,173.3577880859375,311.69000244140625
2018-05-04,43.422515869140625,79.04750061035156,52.22285842895508,175.93792724609375,320.0899963378906
2018-05-07,43.73667526245117,80.00700378417969,52.550682067871094,177.29275512695312,326.260009765625
2018-05-08,43.94690704345703,79.61949920654297,52.506839752197266,178.23915100097656,326.8900146484375
2018-05-09,44.25634765625,80.4000015258789,53.944175720214844,181.96490478515625,330.29998779296875
2018-05-10,44.88939666748047,80.4540023803711,54.68202209472656,184.82398986816406,329.6000061035156
2018-05-11,44.718658447265625,80.14550018310547,54.716400146484375,186.2784423828125,326.4599914550781
2018-05-14,44.614315032958984,80.0770034790039,54.81304931640625,185.9297637939453,328.5299987792969
2018-05-15,44.20883560180664,78.80599975585938,53.76830291748047,183.61859130859375,326.1300048828125
2018-05-16,44.621437072753906,79.36399841308594,53.89485168457031,182.50283813476562,328.19000244140625
2018-05-17,44.339263916015625,79.08799743652344,53.73642349243164,183.06072998046875,325.2200012207031
2018-05-18,44.17802810668945,78.71849822998047,53.12710952758789,181.98483276367188,324.17999267578125
2018-05-21,44.49102783203125,79.27300262451172,53.78573989868164,183.78793334960938,331.82000732421875
2018-05-22,44.379573822021484,79.06999969482422,53.295005798339844,183.10057067871094,331.6199951171875
2018-05-23,44.664119720458984,80.09300231933594,53.79122543334961,186.18878173828125,344.7200012207031
2018-05-24,44.614315032958984,80.15350341796875,53.768802642822266,185.2224578857422,349.2900085449219
2018-05-25,44.71629333496094,80.50749969482422,53.59044647216797,184.21629333496094,351.2900085449219
2018-05-29,44.55504608154297,80.64350128173828,52.82619094848633,185.03318786621094,349.7300109863281
2018-05-30,44.4601936340332,81.24449920654297,53.198848724365234,186.9558563232422,353.5400085449219
2018-05-31,44.31081008911133,81.48100280761719,54.055274963378906,191.0502166748047,351.6000061035156
2018-06-01,45.10991287231445,82.0770034790039,55.77459716796875,193.2517852783203,359.92999267578125
2018-06-04,45.486934661865234,83.26349639892578,56.760555267333984,192.5445098876953,361.80999755859375
2018-06-05,45.83787155151367,84.81749725341797,56.778987884521484,192.20578002929688,365.79998779296875
2018-06-06,45.99673080444336,84.7874984741211,56.64048767089844,190.61187744140625,367.45001220703125
2018-06-07,45.87343978881836,84.46499633789062,55.99181365966797,187.46389770507812,361.3999938964844
2018-06-08,45.45610427856445,84.19950103759766,55.84284973144531,188.38040161132812,360.57000732421875
2018-06-11,45.34465026855469,84.45600128173828,56.297218322753906,190.81109619140625,361.45001220703125
2018-06-12,45.5936393737793,84.9375,56.762046813964844,191.66783142089844,363.8299865722656
2018-06-13,45.2189826965332,85.24299621582031,56.53635787963867,191.6778106689453,379.92999267578125
2018-06-14,45.24269104003906,86.19300079345703,57.399757385253906,196.06106567382812,392.8699951171875
2018-06-15,44.77793884277344,85.79850006103516,57.40673065185547,195.10472106933594,391.9800109863281
2018-06-18,44.75422668457031,86.18949890136719,58.46293640136719,197.55535888671875,390.3999938964844
2018-06-19,44.031009674072266,86.73899841308594,58.19390106201172,196.7384796142578,404.9800109863281
2018-06-20,44.22307205200195,87.50399780273438,58.28258514404297,201.23129272460938,416.760009765625
2018-06-21,43.97645950317383,86.51100158691406,57.67576599121094,200.7332305908203,415.44000244140625
2018-06-22,43.848426818847656,85.78350067138672,57.56715393066406,200.97230529785156,411.0899963378906
2018-06-25,43.19634246826172,83.15750122070312,56.039146423339844,195.60281372070312,384.4800109863281
2018-06-26,43.73223114013672,84.55449676513672,55.722782135009766,198.2427215576172,399.3900146484375
2018-06-27,43.668209075927734,83.02549743652344,55.00137710571289,195.09475708007812,390.3900146484375
2018-06-28,43.98594665527344,85.07250213623047,55.511539459228516,195.48324584960938,395.4200134277344
2018-06-29,43.89347457885742,84.98999786376953,55.582786560058594,193.58055114746094,391.42999267578125
2018-07-02,44.38431167602539,85.68900299072266,56.171173095703125,196.60897827148438,398.17999267578125
2018-07-03,43.61130142211914,84.697998046875,54.94707107543945,191.99658203125,390.5199890136719
2018-07-05,43.96223831176758,84.98650360107422,56.01224136352539,197.69480895996094,398.3900146484375
2018-07-06,44.57164764404297,85.53150177001953,56.80439376831055,202.45663452148438,408.25
2018-07-09,45.19051742553711,86.95099639892578,57.49591064453125,203.96087646484375,418.9700012207031
2018-07-10,45.13599395751953,87.15350341796875,57.43562698364258,202.7654266357422,415.6300048828125
2018-07-11,44.55029296875,87.75,57.488441467285156,201.76925659179688,418.6499938964844
2018-07-12,45.29723358154297,89.83100128173828,58.96214294433594,206.132568359375,413.5
2018-07-13,45.368377685546875,90.65149688720703,59.22819137573242,206.5310516357422,395.79998779296875
2018-07-16,45.268775939941406,91.12449645996094,58.981075286865234,206.44140625,400.4800109863281
2018-07-17,45.39681625366211,92.19650268554688,59.72539520263672,209.19091796875,379.4800109863281
2018-07-18,45.147850036621094,92.14600372314453,59.57992172241211,208.5633087158203,375.1300048828125
2018-07-19,45.49878692626953,90.64849853515625,59.13551712036133,207.29812622070312,364.2300109863281
2018-07-20,45.394447326660156,90.68499755859375,59.033390045166016,209.14109802246094,361.04998779296875
2018-07-23,45.43476486206055,90.0999984741211,60.0592041015625,210.10739135742188,362.6600036621094
2018-07-24,45.76436996459961,91.46199798583984,62.18057632446289,213.8531036376953,357.32000732421875
2018-07-25,46.195919036865234,93.18049621582031,62.95878601074219,216.67233276367188,362.8699951171875
2018-07-26,46.05128479003906,90.4000015258789,63.189453125,175.58926391601562,363.0899963378906
2018-07-27,45.28537368774414,90.8635025024414,61.70329284667969,174.22447204589844,355.2099914550781
2018-07-30,45.03166198730469,88.96099853515625,60.76865005493164,170.40904235839844,334.9599914550781
2018-07-31,45.121768951416016,88.87200164794922,60.64509582519531,171.92327880859375,337.45001220703125
2018-08-01,47.77988815307617,89.8584976196289,60.7821044921875,170.99679565429688,338.3800048828125
2018-08-02,49.17652893066406,91.71649932861328,61.08800506591797,175.69883728027344,344.5
2018-08-03,49.31880187988281,91.16449737548828,60.9664421081543,177.10348510742188,343.0899963378906
2018-08-06,49.57490921020508,92.38749694824219,61.019248962402344,184.98336791992188,350.9200134277344
2018-08-07,49.11014175415039,93.1240005493164,61.88862609863281,183.1105194091797,351.8299865722656
2018-08-08,49.14333724975586,94.32599639892578,62.05752182006836,184.47531127929688,347.6099853515625
2018-08-09,49.52984619140625,94.9260025024414,62.23139572143555,182.39324951171875,349.3599853515625
2018-08-10,49.38231658935547,94.31500244140625,61.65895462036133,179.5740203857422,345.8699951171875
2018-08-13,49.701168060302734,94.80999755859375,61.529415130615234,179.36483764648438,341.30999755859375
2018-08-14,49.91057586669922,95.98249816894531,61.88264846801758,180.42079162597656,337.489990234375
2018-08-15,50.027164459228516,94.13099670410156,60.50161361694336,178.84683227539062,326.3999938964844
2018-08-16,50.76005935668945,94.32599639892578,60.108524322509766,174.0352020263672,322.44000244140625
2018-08-17,51.77374267578125,94.11100006103516,59.833011627197266,173.13861083984375,316.7799987792969
2018-08-20,51.269283294677734,93.83550262451172,60.17229461669922,171.84356689453125,327.7300109863281
2018-08-21,51.169342041015625,94.1709976196289,59.865901947021484,171.96311950683594,338.0199890136719
2018-08-22,51.17171859741211,95.24500274658203,60.15037536621094,172.97923278808594,344.44000244140625
2018-08-23,51.27641677856445,95.1449966430664,60.053226470947266,172.24205017089844,339.1700134277344
2018-08-24,51.43584060668945,95.26950073242188,60.81399154663086,173.98538208007812,358.82000732421875
2018-08-27,51.85940170288086,96.38400268554688,61.86869812011719,176.78469848632812,364.5799865722656
2018-08-28,52.2781982421875,96.64099884033203,61.33711242675781,175.58926391601562,368.489990234375
2018-08-29,53.05868148803711,99.90499877929688,62.24135971069336,175.2306365966797,368.0400085449219
2018-08-30,53.54648208618164,100.11900329589844,61.73418045043945,176.96400451660156,370.9800109863281
2018-08-31,54.165157318115234,100.635498046875,60.691429138183594,175.061279296875,367.67999267578125
2018-09-04,54.3388671875,101.97550201416016,59.635719299316406,170.5086669921875,363.6000061035156
2018-09-05,53.984317779541016,99.74099731445312,59.11160659790039,166.54380798339844,341.17999267578125
2018-09-06,53.08723831176758,97.91549682617188,58.36229705810547,161.9114990234375,346.4599914550781
2018-09-07,52.6589241027832,97.60350036621094,58.032981872558594,162.4195556640625,348.67999267578125
2018-09-10,51.95220184326172,96.95050048828125,58.02351379394531,163.5552215576172,348.4100036621094
2018-09-11,53.26569747924805,99.35749816894531,58.65724182128906,165.30853271484375,355.92999267578125
2018-09-12,52.60420227050781,99.5,57.932838439941406,161.38351440429688,369.95001220703125
2018-09-13,53.874855041503906,99.49349975585938,58.55610275268555,160.74595642089844,368.1499938964844
2018-09-14,53.26332473754883,98.5094985961914,58.416603088378906,161.7023162841797,364.55999755859375
2018-09-17,51.845123291015625,95.40149688720703,57.595558166503906,159.9689483642578,350.3500061035156
2018-09-18,51.9307861328125,97.05249786376953,57.85313034057617,159.6899871826172,367.6499938964844
2018-09-19,51.96172332763672,96.32099914550781,58.34486389160156,162.43948364257812,366.9599914550781
2018-09-20,52.356719970703125,97.21499633789062,59.13103485107422,165.38824462890625,365.3599853515625
2018-09-21,51.79277420043945,95.75050354003906,58.095760345458984,162.3099822998047,361.19000244140625
2018-09-24,52.53757095336914,96.71800231933594,58.45845031738281,164.7805633544922,369.6099853515625
2018-09-25,52.87071228027344,98.72750091552734,59.02043151855469,164.28245544433594,369.42999267578125
2018-09-26,52.44952392578125,98.74250030517578,58.81318283081055,166.31468200683594,377.8800048828125
2018-09-27,53.5274543762207,100.64900207519531,59.51814270019531,168.197509765625,380.7099914550781
2018-09-28,53.71543884277344,100.1500015258789,59.45985794067383,163.83416748046875,374.1300048828125
2018-10-01,54.077117919921875,100.21800231933594,59.55152130126953,161.82186889648438,381.42999267578125
2018-10-02,54.55778121948242,98.56549835205078,59.79066848754883,158.7236785888672,377.1400146484375
2018-10-03,55.22167205810547,97.63800048828125,59.932159423828125,161.81187438964844,377.04998779296875
2018-10-04,54.250831604003906,95.47100067138672,58.200382232666016,158.2455291748047,363.6499938964844
2018-10-05,53.37039566040039,94.48249816894531,57.660316467285156,156.73130798339844,351.3500061035156
2018-10-08,53.24666976928711,93.22100067138672,57.24282455444336,156.651611328125,349.1000061035156
2018-10-09,53.984317779541016,93.51599884033203,56.73714065551758,157.2991180419922,355.7099914550781
2018-10-10,51.48343276977539,87.76249694824219,53.86745071411133,150.80393981933594,325.8900146484375
2018-10-11,51.02894592285156,85.96800231933594,53.772789001464844,152.76644897460938,321.1000061035156
2018-10-12,52.85165786743164,89.43049621582031,55.3052864074707,153.15496826171875,339.55999755859375
2018-10-15,51.72138977050781,88.04750061035156,54.41697311401367,152.93580627441406,333.1300048828125
2018-10-16,52.861175537109375,90.99800109863281,55.863277435302734,158.17576599121094,346.3999938964844
2018-10-17,52.63275146484375,91.58650207519531,55.58477783203125,158.81333923339844,364.70001220703125
2018-10-18,51.40253829956055,88.53600311279297,54.203739166259766,154.33047485351562,346.7099914550781
2018-10-19,52.185386657714844,88.20149993896484,54.62672424316406,153.46376037597656,332.6700134277344
2018-10-22,52.50424575805664,89.46499633789062,54.86088180541992,154.19100952148438,329.5400085449219
2018-10-23,52.99919128417969,88.43499755859375,54.9869270324707,153.802490234375,333.1600036621094
2018-10-24,51.181236267089844,83.20999908447266,52.347408294677734,145.4842529296875,301.8299865722656
2018-10-25,52.301998138427734,89.1084976196289,54.58238220214844,150.37557983398438,312.8699951171875
2018-10-26,51.46915054321289,82.1405029296875,53.38169479370117,144.81680297851562,299.8299865722656
2018-10-29,50.50307846069336,76.94400024414062,50.8213996887207,141.54928588867188,284.8399963378906
2018-10-30,50.75529479980469,76.52100372314453,51.62500762939453,145.66357421875,285.80999755859375
2018-10-31,52.07831573486328,79.90049743652344,53.645748138427734,151.2123565673828,301.7799987792969
2018-11-01,52.87784194946289,83.27649688720703,53.3084602355957,151.17254638671875,317.3800048828125
2018-11-02,49.37040710449219,83.27649688720703,52.70014190673828,149.77786254882812,309.1000061035156
2018-11-05,47.968868255615234,81.38999938964844,51.81831359863281,148.1142120361328,315.44000244140625
2018-11-06,48.487613677978516,82.1405029296875,52.60150146484375,149.36941528320312,310.8399963378906
2018-11-07,49.95815658569336,87.77449798583984,54.47377014160156,150.953369140625,327.5
2018-11-08,49.783851623535156,87.74549865722656,53.92623519897461,147.3072967529297,317.9200134277344
2018-11-09,48.823944091796875,85.62149810791016,53.11664581298828,144.40838623046875,303.4700012207031
2018-11-12,46.364479064941406,81.84249877929688,51.74557113647461,141.0113525390625,294.07000732421875
2018-11-13,45.9012451171875,81.55850219726562,51.61703872680664,141.61903381347656,294.3999938964844
2018-11-14,44.604652404785156,79.95050048828125,51.99617004394531,143.6711883544922,286.7300109863281
2018-11-15,45.705440521240234,80.97200012207031,53.04490661621094,143.30259704589844,290.05999755859375
2018-11-16,46.21166229248047,79.67050170898438,52.88447952270508,138.9990234375,286.2099914550781
2018-11-19,44.380184173583984,75.614501953125,50.81740951538086,131.0493927001953,270.6000061035156
2018-11-20,42.25979995727539,74.77300262451172,51.104373931884766,131.92605590820312,266.9800109863281
2018-11-21,42.212039947509766,75.83650207519531,51.694759368896484,134.30694580078125,262.1300048828125
2018-11-23,41.13990783691406,75.10299682617188,51.010711669921875,131.2287139892578,258.82000732421875
2018-11-26,41.69627380371094,79.06649780273438,52.243282318115234,135.86102294921875,261.42999267578125
2018-11-27,41.605533599853516,79.07099914550781,52.03354263305664,134.48626708984375,266.6300048828125
2018-11-28,43.20538330078125,83.88749694824219,54.11705017089844,136.23956298828125,282.6499938964844
2018-11-29,42.87347412109375,83.67849731445312,54.220184326171875,138.1522674560547,288.75
2018-11-30,42.641849517822266,84.50849914550781,54.52558898925781,140.07492065429688,286.1300048828125
2018-12-03,44.131866455078125,88.61799621582031,55.123435974121094,140.5531005859375,290.29998779296875
2018-12-04,42.1905632019043,83.41999816894531,52.3528938293457,137.4051055908203,275.3299865722656
2018-12-06,41.720157623291016,84.95950317382812,53.24518585205078,139.09866333007812,282.8800048828125
2018-12-07,40.23253631591797,81.45649719238281,51.643436431884766,136.8970489501953,265.1400146484375
2018-12-10,40.497589111328125,82.05149841308594,51.79140853881836,141.31021118164062,269.70001220703125
2018-12-11,40.265968322753906,82.16200256347656,52.399227142333984,141.53932189941406,265.32000732421875
2018-12-12,40.37818145751953,83.177001953125,52.993587493896484,143.95010375976562,274.8800048828125
2018-12-13,40.81993865966797,82.91899871826172,52.9049072265625,144.45819091796875,276.0199890136719
2018-12-14,39.51380157470703,79.59549713134766,51.91844940185547,143.51181030273438,266.8399963378906
2018-12-17,39.14606475830078,76.04550170898438,50.644527435302734,139.65650939941406,262.79998779296875
2018-12-18,39.65467834472656,77.5739974975586,51.25135040283203,143.11334228515625,270.94000244140625
2018-12-19,38.41778564453125,74.75399780273438,50.967369079589844,132.73297119140625,266.7699890136719
2018-12-20,37.44831848144531,73.04149627685547,50.2898063659668,132.89234924316406,260.5799865722656
2018-12-21,35.99174880981445,68.87249755859375,48.80165100097656,124.4745101928711,246.38999938964844
2018-12-24,35.06050109863281,67.197998046875,48.63624572753906,123.58790588378906,233.8800048828125
2018-12-26,37.52951431274414,73.54499816894531,51.78692626953125,133.6693878173828,253.6699981689453
2018-12-27,37.28594970703125,73.08200073242188,52.007137298583984,134.0081024169922,255.57000732421875
2018-12-28,37.3050537109375,73.9010009765625,51.66835021972656,132.69309997558594,256.0799865722656
2018-12-31,37.665618896484375,75.09850311279297,51.59511184692383,130.59115600585938,267.6600036621094
2019-01-02,37.70859909057617,76.95649719238281,52.105281829833984,135.16368103027344,267.6600036621094
2019-01-03,33.952545166015625,75.01399993896484,50.62111282348633,131.23867797851562,271.20001220703125
2019-01-04,35.40195083618164,78.76950073242188,53.34383010864258,137.42503356933594,297.57000732421875
2019-01-07,35.323158264160156,81.47550201416016,53.22824478149414,137.52467346191406,315.3399963378906
2019-01-08,35.996524810791016,82.8290023803711,53.62133026123047,141.98760986328125,320.2699890136719
2019-01-09,36.60780715942383,82.97100067138672,53.54062271118164,143.68113708496094,319.9599914550781
2019-01-10,36.724815368652344,82.81099700927734,53.32489776611328,143.6512451171875,324.6600036621094
2019-01-11,36.36425018310547,82.02799987792969,52.670249938964844,143.25277709960938,337.5899963378906
2019-01-14,35.81744384765625,80.8604965209961,52.047489166259766,144.8367462158203,332.94000244140625
2019-01-15,36.550506591796875,83.72799682617188,53.6646728515625,148.38319396972656,354.6400146484375
2019-01-16,36.99702835083008,84.18900299072266,53.85499572753906,146.97854614257812,351.3900146484375
2019-01-17,37.21670913696289,84.66100311279297,54.299896240234375,147.73565673828125,353.19000244140625
2019-01-18,37.4459342956543,84.80999755859375,54.716400146484375,149.4690399169922,339.1000061035156
2019-01-22,36.60541915893555,81.6084976196289,53.33436584472656,147.00845336914062,325.1600036621094
2019-01-23,36.75346374511719,82.0009994506836,53.585960388183594,143.75088500976562,321.989990234375
2019-01-24,36.462158203125,82.74649810791016,53.50275802612305,145.27503967285156,326.6700134277344
2019-01-25,37.67039108276367,83.52850341796875,54.35420227050781,148.44296264648438,338.04998779296875
2019-01-28,37.32176971435547,81.89450073242188,53.312442779541016,146.90882873535156,335.6600036621094
2019-01-29,36.9349365234375,79.69400024414062,52.84113311767578,143.6413116455078,328.8999938964844
2019-01-30,39.4588737487793,83.52149963378906,54.25804138183594,149.84759521484375,340.6600036621094
2019-01-31,39.7430305480957,85.9365005493164,55.61865997314453,166.05567932128906,339.5
2019-02-01,39.76212692260742,81.3115005493164,55.338661193847656,165.07940673828125,339.8500061035156
2019-02-04,40.89157485961914,81.66549682617188,56.43721389770508,168.60594177246094,351.3399963378906
2019-02-05,41.59120559692383,82.94049835205078,57.09435272216797,170.5086669921875,355.80999755859375
2019-02-06,41.605533599853516,82.01300048828125,55.561859130859375,169.8412322998047,352.19000244140625
2019-02-07,40.81755447387695,80.71849822998047,54.73881912231445,165.7468719482422,344.7099914550781
2019-02-08,40.86552047729492,79.41100311279297,54.556968688964844,166.69325256347656,347.57000732421875
2019-02-11,40.6305046081543,79.55000305175781,54.554481506347656,165.15908813476562,345.7300109863281
2019-02-12,40.98061752319336,81.90049743652344,55.867759704589844,164.41195678710938,359.9700012207031
2019-02-13,40.81036376953125,82.0,55.80747604370117,163.44566345214844,351.7699890136719
2019-02-14,40.95903396606445,81.13249969482422,55.88270950317383,163.32611083984375,359.07000732421875
2019-02-15,40.86791229248047,80.39749908447266,55.4831428527832,161.88162231445312,356.8699951171875
2019-02-19,40.99021530151367,81.37899780273438,55.72776794433594,161.67242431640625,361.9200134277344
2019-02-20,41.254005432128906,81.1050033569336,55.49061584472656,161.94137573242188,359.9100036621094
2019-02-21,41.021385192871094,80.97200012207031,54.652130126953125,159.4309844970703,356.9700012207031
2019-02-22,41.47941589355469,81.5780029296875,55.319732666015625,161.27395629882812,363.0199890136719
2019-02-25,41.78157043457031,81.6500015258789,55.27140808105469,163.99356079101562,363.9100036621094
2019-02-26,41.80554962158203,81.81999969482422,55.556880950927734,163.50543212890625,364.9700012207031
2019-02-27,41.9350471496582,82.05449676513672,55.60271453857422,162.19044494628906,362.8699951171875
2019-02-28,41.522579193115234,81.99150085449219,55.7955207824707,160.8356170654297,358.1000061035156
2019-03-01,41.95903778076172,83.58650207519531,56.84524917602539,161.66246032714844,357.32000732421875
2019-03-04,42.17006301879883,84.80850219726562,57.18452835083008,166.7330780029297,351.0400085449219
2019-03-05,42.09332275390625,84.62149810791016,57.89348602294922,170.6082763671875,354.29998779296875
2019-03-06,41.85111618041992,83.44750213623047,57.685733795166016,171.85353088378906,359.6099853515625
2019-03-07,41.36670684814453,81.29750061035156,56.9603385925293,168.48638916015625,352.6000061035156
2019-03-08,41.46503448486328,81.04000091552734,56.9115104675293,168.95460510253906,349.6000061035156
2019-03-11,42.901466369628906,83.53099822998047,58.57752227783203,171.4152069091797,358.8599853515625
2019-03-12,43.38348388671875,83.65499877929688,59.446407318115234,171.26576232910156,356.2699890136719
2019-03-13,43.57533645629883,84.54049682617188,59.45238494873047,172.7102508544922,361.2099914550781
2019-03-14,44.05973815917969,84.31099700927734,59.065269470214844,169.52244567871094,358.82000732421875
2019-03-15,44.63288116455078,85.61799621582031,59.01096725463867,165.34837341308594,361.4599914550781
2019-03-18,45.08850860595703,87.10749816894531,59.001007080078125,159.85934448242188,363.44000244140625
2019-03-19,44.731201171875,88.09249877929688,59.7278938293457,160.9551544189453,358.7799987792969
2019-03-20,45.12208938598633,89.8635025024414,60.979393005371094,164.81045532226562,375.2200012207031
2019-03-21,46.78394317626953,90.96299743652344,61.35654067993164,165.447998046875,377.8699951171875
2019-03-22,45.81511688232422,88.2385025024414,60.0592041015625,163.71461486816406,361.010009765625
2019-03-25,45.26118087768555,88.71299743652344,59.43644332885742,165.65721130371094,366.2300109863281
2019-03-26,44.793548583984375,89.18800354003906,59.01893997192383,167.04190063476562,359.9700012207031
2019-03-27,45.19643020629883,88.28500366210938,58.441017150878906,165.23880004882812,353.3699951171875
2019-03-28,45.25638198852539,88.6709976196289,58.21532440185547,164.92002868652344,354.6099853515625
2019-03-29,45.55133819580078,89.0374984741211,58.45546340942383,166.05567932128906,356.55999755859375
2019-04-01,45.86070251464844,90.70950317382812,59.5076789855957,168.0580291748047,366.9599914550781
2019-04-02,46.52735900878906,90.6989974975586,59.80959701538086,173.53707885742188,367.7200012207031
2019-04-03,46.84630584716797,91.03500366210938,60.08012771606445,172.8795928955078,369.75
2019-04-04,46.92782974243164,90.94300079345703,60.532501220703125,175.3501739501953,367.8800048828125
2019-04-05,47.24198532104492,91.86399841308594,60.14140319824219,175.0513153076172,365.489990234375
2019-04-08,47.98538589477539,92.49299621582031,59.97650146484375,174.2643280029297,361.4100036621094
2019-04-09,47.84150695800781,91.79199981689453,59.64817428588867,176.90423583984375,364.7099914550781
2019-04-10,48.11008071899414,92.36650085449219,59.89280319213867,177.14332580566406,363.9200134277344
2019-04-11,47.7096061706543,92.20349884033203,60.015357971191406,176.83450317382812,367.6499938964844
2019-04-12,47.690425872802734,92.15299987792969,60.67549133300781,178.41845703125,351.1400146484375
2019-04-15,47.77674865722656,92.24349975585938,60.83641052246094,178.9663543701172,348.8699951171875
2019-04-16,47.78154754638672,93.1520004272461,61.13682556152344,178.1893310546875,359.4599914550781
2019-04-17,48.71199417114258,93.24099731445312,61.59568405151367,178.09967041015625,354.739990234375
2019-04-18,48.887054443359375,93.08450317382812,61.59717559814453,177.60157775878906,360.3500061035156
2019-04-22,49.0477294921875,94.3655014038086,62.21844482421875,180.7495574951172,377.3399963378906
2019-04-23,49.755149841308594,96.1884994506836,63.001129150390625,183.0806427001953,381.8900146484375
2019-04-24,49.67842102050781,95.0875015258789,62.57516098022461,181.8852081298828,374.2300109863281
2019-04-25,49.22758102416992,95.11250305175781,62.946327209472656,192.52456665039062,368.3299865722656
2019-04-26,48.99256896972656,97.53150177001953,63.38126754760742,190.7613067626953,374.8500061035156
2019-04-29,49.066898345947266,96.92150115966797,64.14850616455078,194.03880310058594,371.8299865722656
2019-04-30,48.12207794189453,96.32599639892578,59.21125030517578,192.6640167236328,370.5400085449219
2019-05-01,50.48417663574219,95.57599639892578,58.19490051269531,192.29544067382812,378.80999755859375
2019-05-02,50.1556282043457,95.04100036621094,57.92237854003906,191.79734802246094,379.05999755859375
2019-05-03,50.77913284301758,98.12300109863281,59.05780029296875,194.72616577148438,385.0299987792969
2019-05-06,49.99496841430664,97.52749633789062,59.25658416748047,193.1422119140625,378.6700134277344
2019-05-07,48.64725112915039,96.05000305175781,58.49482727050781,189.0478515625,370.4599914550781
2019-05-08,48.65684127807617,95.88849639892578,58.1047248840332,188.81871032714844,364.3699951171875
2019-05-09,48.13405990600586,94.99349975585938,57.91092300415039,187.93209838867188,362.75
2019-05-10,47.46724319458008,94.4990005493164,58.00508499145508,187.623291015625,361.0400085449219
2019-05-13,44.70846176147461,91.13400268554688,56.39885711669922,180.8491668701172,345.260009765625
2019-05-14,45.41621398925781,92.00599670410156,55.82142639160156,180.04225158691406,345.6099853515625
2019-05-15,45.96026611328125,93.55750274658203,58.00209426879883,185.56118774414062,354.989990234375
2019-05-16,45.75804901123047,95.37850189208984,58.73794937133789,186.2784423828125,359.30999755859375
2019-05-17,45.49807357788086,93.44999694824219,57.90693664550781,184.59486389160156,354.45001220703125
2019-05-20,44.07534408569336,92.94850158691406,56.73863220214844,182.02467346191406,348.1099853515625
2019-05-21,44.92031478881836,92.8759994506836,57.275699615478516,184.11668395996094,354.2699890136719
2019-05-22,44.00071334838867,92.98400115966797,57.36488342285156,184.6147918701172,359.7300109863281
2019-05-23,43.24964141845703,90.77400207519531,56.83428955078125,180.1817169189453,352.2099914550781
2019-05-24,43.083534240722656,91.16400146484375,56.47059631347656,180.37098693847656,354.3900146484375
2019-05-28,42.90538787841797,91.82150268554688,56.50447082519531,183.60862731933594,355.05999755859375
2019-05-29,42.700782775878906,90.95950317382812,55.62314224243164,181.49671936035156,349.19000244140625
2019-05-30,42.9222412109375,90.81600189208984,55.69737243652344,182.31356811523438,351.8500061035156
2019-05-31,42.14469528198242,88.75350189208984,54.98393630981445,176.79466247558594,343.2799987792969
2019-06-03,41.718597412109375,84.6344985961914,51.62600326538086,163.5253448486328,336.6300048828125
2019-06-04,43.24482345581055,86.47799682617188,52.463993072509766,166.8625946044922,353.3999938964844
2019-06-05,43.94294738769531,86.92500305175781,51.92443084716797,167.530029296875,355.7300109863281
2019-06-06,44.58810806274414,87.71800231933594,52.030052185058594,167.68942260742188,357.1300048828125
2019-06-07,45.774906158447266,90.20149993896484,53.111167907714844,172.69033813476562,360.8699951171875
2019-06-10,46.35988235473633,93.03150177001953,53.825599670410156,174.1547393798828,352.010009765625
2019-06-11,46.89670181274414,93.18499755859375,53.742897033691406,177.42227172851562,351.2699890136719
2019-06-12,46.74745559692383,92.76599884033203,53.65869903564453,174.3739013671875,345.55999755859375
2019-06-13,46.737823486328125,93.51499938964844,54.24359893798828,176.79466247558594,343.42999267578125
2019-06-14,46.39840316772461,93.4834976196289,54.073211669921875,180.6399688720703,339.7300109863281
2019-06-17,46.67523193359375,94.30149841308594,54.42942810058594,188.29074096679688,350.6199951171875
2019-06-18,47.77295684814453,95.06849670410156,54.982444763183594,187.7528076171875,357.1199951171875
2019-06-19,47.633338928222656,95.43949890136719,54.919166564941406,186.7665557861328,363.5199890136719
2019-06-20,48.01610565185547,95.90950012207031,55.37204360961914,188.80877685546875,365.2099914550781
2019-06-21,47.8524169921875,95.56500244140625,55.89317321777344,190.41262817382812,369.2099914550781
2019-06-24,47.804264068603516,95.69499969482422,55.57630920410156,191.86708068847656,371.0400085449219
2019-06-25,47.07966995239258,93.91349792480469,54.1230354309082,188.1213836669922,360.29998779296875
2019-06-26,48.09795379638672,94.8915023803711,53.79670715332031,186.94586181640625,362.20001220703125
2019-06-27,48.08351516723633,95.21399688720703,53.607879638671875,188.7788848876953,370.0199890136719
2019-06-28,47.6453857421875,94.68150329589844,53.85200881958008,192.2655487060547,367.32000732421875
2019-07-01,48.519229888916016,96.1094970703125,54.700950622558594,192.2655487060547,374.6000061035156
2019-07-02,48.80329132080078,96.71549987792969,55.36357498168945,194.2579345703125,375.42999267578125
2019-07-03,49.207725524902344,96.94999694824219,55.87822341918945,196.44956970214844,381.7200012207031
2019-07-05,49.16438674926758,97.14550018310547,56.37692642211914,195.65260314941406,380.54998779296875
2019-07-08,48.150909423828125,97.61599731445312,55.6176643371582,195.0150604248047,376.1600036621094
2019-07-09,48.444602966308594,99.41500091552734,56.04014587402344,198.45193481445312,379.92999267578125
2019-07-10,48.92365646362305,100.87049865722656,56.81983947753906,201.9585418701172,381.0
2019-07-11,48.56737518310547,100.05349731445312,57.005672454833984,200.4642333984375,379.5
2019-07-12,48.940513610839844,100.55000305175781,57.0400505065918,204.0903778076172,373.25
2019-07-15,49.400306701660156,101.04949951171875,57.311073303222656,203.13404846191406,366.6000061035156
2019-07-16,49.229393005371094,100.49500274658203,57.472496032714844,203.06431579589844,365.989990234375
2019-07-17,48.952552795410156,99.60150146484375,57.1122932434082,201.03207397460938,362.44000244140625
2019-07-18,49.508636474609375,98.8949966430664,57.11129379272461,200.01597595214844,325.2099914550781
2019-07-19,48.76959228515625,98.22599792480469,56.30270004272461,197.6051788330078,315.1000061035156
2019-07-22,49.88417053222656,99.28150177001953,56.699771881103516,201.55007934570312,310.6199951171875
2019-07-23,50.27416229248047,99.72450256347656,57.105316162109375,201.58993530273438,307.29998779296875
2019-07-24,50.23322296142578,100.04049682617188,56.68681716918945,203.8811798095703,317.94000244140625
2019-07-25,49.83603286743164,98.69100189208984,56.40333557128906,199.94622802734375,326.4599914550781
2019-07-26,50.00935363769531,97.15249633789062,62.296661376953125,198.9898681640625,335.7799987792969
2019-07-29,50.47637176513672,95.62249755859375,61.74863052368164,195.19436645507812,332.70001220703125
2019-07-30,50.25970458984375,94.92649841308594,61.03768539428711,196.29019165039062,325.92999267578125
2019-07-31,51.28523254394531,93.33899688720703,60.6161994934082,193.49087524414062,322.989990234375
2019-08-01,50.17545700073242,92.76599884033203,60.234073638916016,191.99658203125,319.5
2019-08-02,49.113834381103516,91.16200256347656,59.48576354980469,188.3007049560547,318.8299865722656
2019-08-05,46.54283142089844,88.25650024414062,57.40972137451172,181.03843688964844,307.6300048828125
2019-08-06,47.42390441894531,89.3915023803711,58.288063049316406,183.807861328125,310.1000061035156
2019-08-07,47.91500473022461,89.66999816894531,58.48934555053711,184.4454345703125,304.2900085449219
2019-08-08,48.971797943115234,91.64450073242188,60.02432632446289,189.43637084960938,315.8999938964844
2019-08-09,48.568260192871094,90.37899780273438,59.187835693359375,187.13514709472656,308.92999267578125
2019-08-12,48.44501495361328,89.24600219726562,58.525211334228516,184.66458129882812,310.8299865722656
2019-08-13,50.49658203125,91.21700286865234,59.649173736572266,187.73287963867188,312.2799987792969
2019-08-14,48.99354934692383,88.14800262451172,58.00607681274414,179.026123046875,299.1099853515625
2019-08-15,48.7495002746582,88.80599975585938,58.15404510498047,181.89517211914062,295.760009765625
2019-08-16,49.89971923828125,89.62850189208984,58.66919708251953,183.00094604492188,302.79998779296875
2019-08-19,50.83005905151367,90.80599975585938,59.70796585083008,185.4615478515625,309.3800048828125
2019-08-20,50.83246994018555,90.06900024414062,58.92278289794922,183.1105194091797,298.989990234375
2019-08-21,51.3834228515625,91.177001953125,59.34925079345703,182.85153198242188,297.80999755859375
2019-08-22,51.33992385864258,90.23300170898438,59.2635612487793,181.34725952148438,296.92999267578125
2019-08-23,48.966976165771484,87.48100280761719,57.35840606689453,177.07359313964844,291.44000244140625
2019-08-26,49.89731216430664,88.44349670410156,58.23525619506836,179.6736602783203,294.9800109863281
2019-08-27,49.33427047729492,88.09149932861328,58.182945251464844,180.61007690429688,291.0299987792969
2019-08-28,49.66532897949219,88.2125015258789,58.341373443603516,181.0683135986328,291.7699890136719
2019-08-29,50.506256103515625,89.31999969482422,59.42897033691406,184.8638458251953,296.7799987792969
2019-08-30,50.44100570678711,88.81449890136719,59.19231414794922,184.96343994140625,293.75
2019-09-03,49.70640563964844,89.49199676513672,58.21034240722656,181.69593811035156,289.2900085449219
2019-09-04,50.549747467041016,90.03099822998047,58.859012603759766,186.4278564453125,291.5199890136719
2019-09-05,51.5380744934082,92.03600311279297,60.35214614868164,190.17355346679688,293.25
2019-09-06,51.53323745727539,91.67549896240234,60.03080368041992,186.77651977539062,290.1700134277344
2019-09-09,51.753143310546875,91.56749725341797,60.00489807128906,188.0417022705078,294.3399963378906
2019-09-10,52.364501953125,91.02749633789062,60.084110260009766,185.4615478515625,287.989990234375
2019-09-11,54.02943801879883,91.14949798583984,60.79007339477539,187.77272033691406,288.2699890136719
2019-09-12,53.90861511230469,92.17749786376953,61.49155807495117,186.75660705566406,288.8599853515625
2019-09-13,52.85987854003906,91.96700286865234,61.756107330322266,186.47767639160156,294.1499938964844
2019-09-16,53.13776397705078,90.39199829101562,61.34457778930664,185.5113525390625,294.2900085449219
2019-09-17,53.33108139038086,91.12750244140625,61.237464904785156,187.36427307128906,298.6000061035156
2019-09-18,53.8312873840332,90.87300109863281,61.39988327026367,187.42404174804688,291.55999755859375
2019-09-19,53.393917083740234,91.07499694824219,61.71375274658203,189.4164276123047,286.6000061035156
2019-09-20,52.61338806152344,89.70800018310547,61.276329040527344,189.20724487304688,270.75
2019-09-23,52.85262680053711,89.26499938964844,61.480594635009766,186.10910034179688,265.9200134277344
2019-09-24,52.601322174072266,87.08049774169922,60.719825744628906,180.59014892578125,254.58999633789062
2019-09-25,53.410831451416016,88.41649627685547,62.10285949707031,182.10435485839844,264.75
2019-09-26,53.135345458984375,86.99199676513672,61.84727478027344,179.4246063232422,263.30999755859375
2019-09-27,52.87679672241211,86.27249908447266,61.03519821166992,176.4260711669922,263.0799865722656
2019-09-30,54.12126541137695,86.79550170898438,60.73178482055664,177.40232849121094,267.6199951171875
2019-10-01,54.271080017089844,86.78250122070312,60.039276123046875,175.1409912109375,269.5799865722656
2019-10-02,52.91061782836914,85.6614990234375,58.62086868286133,173.93557739257812,268.0299987792969
2019-10-03,53.360076904296875,86.22100067138672,59.17885971069336,178.69740295410156,268.1499938964844
2019-10-04,54.855857849121094,86.98249816894531,60.23357391357422,179.7633056640625,272.7900085449219
2019-10-07,54.867942810058594,86.63300323486328,60.167808532714844,178.99624633789062,274.4599914550781
2019-10-08,54.22517395019531,85.27549743652344,59.24363327026367,177.07359313964844,270.7200012207031
2019-10-09,54.86070251464844,86.09950256347656,59.900272369384766,179.16561889648438,267.5299987792969
2019-10-10,55.60013198852539,86.01300048828125,60.217132568359375,179.3448944091797,280.4800109863281
2019-10-11,57.079002380371094,86.59600067138672,60.5549201965332,183.4890899658203,282.92999267578125
2019-10-14,56.99684143066406,86.82150268554688,60.63911437988281,182.58255004882812,285.5299987792969
2019-10-15,56.86394119262695,88.36900329589844,61.92798614501953,188.1711883544922,284.25
2019-10-16,56.63437271118164,88.87149810791016,61.959373474121094,188.8286895751953,286.2799987792969
2019-10-17,56.854278564453125,89.3740005493164,62.42918395996094,189.66549682617188,293.3500061035156
2019-10-18,57.127323150634766,87.87550354003906,62.05154800415039,185.1427764892578,275.29998779296875
2019-10-21,58.118072509765625,89.28299713134766,62.08442306518555,189.0378875732422,278.04998779296875
2019-10-22,57.98516845703125,88.2864990234375,61.91752624511719,181.6461181640625,266.69000244140625
2019-10-23,58.763267517089844,88.1084976196289,62.73110580444336,185.44161987304688,271.2699890136719
2019-10-24,58.85992431640625,89.03900146484375,62.823768615722656,185.67076110839844,271.5
2019-10-25,59.58486557006836,88.06649780273438,63.030029296875,187.17498779296875,276.82000732421875
2019-10-28,60.181724548339844,88.85399627685547,64.26907348632812,188.67926025390625,281.8599853515625
2019-10-29,58.78984451293945,88.135498046875,62.90497589111328,188.589599609375,281.2099914550781
2019-10-30,58.78260040283203,88.99949645996094,62.838714599609375,187.5336151123047,291.45001220703125
2019-10-31,60.11164855957031,88.83300018310547,62.77992630004883,190.92068481445312,287.4100036621094
2019-11-01,61.817665100097656,89.5719985961914,63.458988189697266,192.88319396972656,286.80999755859375
2019-11-04,62.223628997802734,90.23300170898438,64.33732604980469,193.97901916503906,292.8599853515625
2019-11-05,62.134220123291016,90.08550262451172,64.37020874023438,193.58055114746094,288.0299987792969
2019-11-06,62.160804748535156,89.78849792480469,64.35874938964844,190.8210906982422,288.5899963378906
2019-11-07,62.878204345703125,89.41000366210938,65.20869445800781,189.69537353515625,289.57000732421875
2019-11-08,63.05030059814453,89.29399871826172,65.33374786376953,190.11378479003906,291.57000732421875
2019-11-11,63.54957962036133,88.5824966430664,64.72693634033203,188.8884735107422,294.17999267578125
2019-11-12,63.49140167236328,88.9000015258789,64.70750427246094,193.72996520996094,292.010009765625
2019-11-13,64.09976959228516,87.65550231933594,64.66764831542969,192.454833984375,283.1099853515625
2019-11-14,63.656227111816406,87.7300033569336,65.3382339477539,192.41497802734375,289.6199951171875
2019-11-15,64.41243743896484,86.97450256347656,66.50454711914062,194.3575897216797,295.0299987792969
2019-11-18,64.7372055053711,87.62650299072266,65.798583984375,196.6488037109375,302.57000732421875
2019-11-19,64.5408706665039,87.6395034790039,65.53751373291016,198.56150817871094,302.6000061035156
2019-11-20,63.789520263671875,87.27649688720703,64.91923522949219,196.75839233398438,305.1600036621094
2019-11-21,63.50353240966797,86.7354965209961,64.83454132080078,197.17678833007812,311.69000244140625
2019-11-22,63.447784423828125,87.28600311279297,64.53511810302734,198.0634307861328,310.4800109863281
2019-11-25,64.56026458740234,88.69200134277344,65.10059356689453,199.0297088623047,315.54998779296875
2019-11-26,64.0561294555664,89.84700012207031,65.4423599243164,198.21282958984375,312.489990234375
2019-11-27,64.9165267944336,90.92549896240234,65.41445922851562,201.23129272460938,315.92999267578125
2019-11-29,64.77354431152344,90.04000091552734,65.01439666748047,200.8726806640625,314.6600036621094
2019-12-02,64.02462768554688,89.08000183105469,64.26509857177734,198.9400634765625,309.989990234375
2019-12-03,62.883056640625,88.49800109863281,64.5321273803711,198.0634307861328,306.1600036621094
2019-12-04,63.438087463378906,88.03450012207031,65.79061126708984,197.95384216308594,304.32000732421875
2019-12-05,64.3687973022461,87.02400207519531,66.16875457763672,198.60134887695312,302.8599853515625
2019-12-06,65.61213684082031,87.58000183105469,66.791015625,200.28492736816406,307.3500061035156
2019-12-09,64.69357299804688,87.47550201416016,66.93748474121094,200.57382202148438,302.5
2019-12-10,65.0716552734375,86.96050262451172,66.99229431152344,200.10562133789062,293.1199951171875
2019-12-11,65.6266860961914,87.43599700927734,67.01022338867188,201.4903106689453,298.92999267578125
2019-12-12,65.79393768310547,88.0165023803711,67.27178192138672,196.00128173828125,298.44000244140625
2019-12-13,66.68827056884766,88.0469970703125,67.15022277832031,193.371337890625,298.5
2019-12-16,67.82984924316406,88.46050262451172,67.81483459472656,197.1668243408203,304.2099914550781
2019-12-17,67.96315002441406,89.53299713134766,67.51341247558594,197.63504028320312,315.4800109863281
2019-12-18,67.8007583618164,89.20149993896484,67.38886260986328,201.7294158935547,320.79998779296875
2019-12-19,67.86861419677734,89.61399841308594,67.55925750732422,205.27586364746094,332.2200012207031
2019-12-20,67.72803497314453,89.32499694824219,67.23789978027344,205.51495361328125,336.8999938964844
2019-12-23,68.83326721191406,89.6500015258789,67.20054626464844,205.3953857421875,333.1000061035156
2019-12-24,68.89871215820312,89.46050262451172,66.93748474121094,204.3394317626953,333.20001220703125
2019-12-26,70.26567077636719,93.4384994506836,67.7764663696289,206.999267578125,332.6300048828125
2019-12-27,70.23900604248047,93.48999786376953,67.35249328613281,207.30810546875,329.0899963378906
2019-12-30,70.6558837890625,92.34449768066406,66.56781005859375,203.63214111328125,323.30999755859375
2019-12-31,71.17214965820312,92.39199829101562,66.61166381835938,204.4689483642578,323.57000732421875
2020-01-02,72.7960205078125,94.90049743652344,68.12371826171875,208.98170471191406,329.80999755859375
2020-01-03,72.08829498291016,93.74849700927734,67.78942108154297,207.8759307861328,325.8999938964844
2020-01-06,72.6627197265625,95.14399719238281,69.46092224121094,211.7909698486328,335.8299865722656
2020-01-07,72.32098388671875,95.34300231933594,69.4175796508789,212.24920654296875,330.75
2020-01-08,73.48434448242188,94.59850311279297,69.96461486816406,214.4010009765625,339.260009765625
2020-01-09,75.04521179199219,95.05249786376953,70.7373275756836,217.4692840576172,335.6600036621094
2020-01-10,75.21488189697266,94.15799713134766,71.2305679321289,217.23019409179688,329.04998779296875
2020-01-13,76.82179260253906,94.56500244140625,71.70386505126953,221.0655517578125,338.9200134277344
2020-01-14,75.7844467163086,93.47200012207031,71.28784942626953,218.22637939453125,338.69000244140625
2020-01-15,75.45968627929688,93.10099792480469,71.70236206054688,220.3084259033203,339.07000732421875
2020-01-16,76.40491485595703,93.89700317382812,72.32512664794922,220.92608642578125,338.6199951171875
2020-01-17,77.25079345703125,93.23600006103516,73.7544937133789,221.294677734375,339.6700134277344
2020-01-21,76.72724151611328,94.5999984741211,73.95427703857422,220.5973358154297,338.1099853515625
2020-01-22,77.00115203857422,94.37300109863281,74.03150177001953,220.47779846191406,326.0
2020-01-23,77.3719711303711,94.22899627685547,74.06637573242188,218.92372131347656,349.6000061035156
2020-01-24,77.14898681640625,93.08200073242188,73.07294464111328,217.11065673828125,353.1600036621094
2020-01-27,74.88041687011719,91.41699981689453,71.43831634521484,214.05233764648438,342.8800048828125
2020-01-28,76.99874114990234,92.6624984741211,72.36797332763672,216.9612274169922,348.5199890136719
2020-01-29,78.6104965209961,92.9000015258789,72.67039489746094,222.38050842285156,343.1600036621094
2020-01-30,78.49658203125,93.53399658203125,72.53138732910156,208.732666015625,347.739990234375
2020-01-31,75.01614379882812,100.43599700927734,71.45475769042969,201.1416473388672,345.0899963378906
2020-02-03,74.81011199951172,100.20999908447266,74.03099822998047,203.41297912597656,358.0
2020-02-04,77.27986907958984,102.4834976196289,72.0944595336914,209.03150939941406,369.010009765625
2020-02-05,77.91006469726562,101.99349975585938,72.15225219726562,209.31044006347656,369.6700134277344
2020-02-06,78.82133483886719,102.5114974975586,73.54723358154297,210.04763793945312,366.95001220703125
2020-02-07,77.74996185302734,103.96399688720703,73.69670867919922,211.52200317382812,366.7699890136719
2020-02-10,78.11923217773438,106.69550323486328,75.16392517089844,212.24920654296875,371.07000732421875
2020-02-11,77.64791107177734,107.54000091552734,75.1694107055664,206.4015655517578,373.69000244140625
2020-02-12,79.49188232421875,108.0,75.64170837402344,209.95797729492188,380.010009765625
2020-02-13,78.92581939697266,107.49349975585938,75.46186065673828,212.32891845703125,381.3999938964844
2020-02-14,78.94524383544922,106.74349975585938,75.7647705078125,213.3649444580078,380.3999938964844
2020-02-18,77.49971771240234,107.78350067138672,75.71145629882812,216.97119140625,387.7799987792969
2020-02-19,78.62213897705078,108.51100158691406,76.06121063232422,216.66236877441406,386.19000244140625
2020-02-20,77.81554412841797,107.65499877929688,75.63573455810547,213.763427734375,386.0
2020-02-21,76.05419921875,104.79850006103516,73.9896469116211,209.3801727294922,380.07000732421875
2020-02-24,72.44158935546875,100.4645004272461,70.82501220703125,199.9561767578125,368.70001220703125
2020-02-25,69.98783111572266,98.63700103759766,69.1739501953125,196.02122497558594,360.0899963378906
2020-02-26,71.09809112548828,98.97949981689453,69.40959930419922,196.44956970214844,379.239990234375
2020-02-27,66.45055389404297,94.21499633789062,65.66854858398438,189.02792358398438,371.7099914550781
2020-02-28,66.41167449951172,94.1875,66.72673797607422,191.73757934570312,369.0299987792969
2020-03-02,72.59464263916016,97.69750213623047,69.20683288574219,195.69247436523438,381.04998779296875
2020-03-03,70.2890853881836,95.44950103759766,66.82937622070312,185.1826171875,368.7699890136719
2020-03-04,73.5494155883789,98.79149627685547,69.07778930664062,191.0302734375,383.7900085449219
2020-03-05,71.16368865966797,96.20149993896484,65.71588134765625,184.46536254882812,372.7799987792969
2020-03-06,70.21863555908203,95.05449676513672,64.68807220458984,180.40086364746094,368.9700012207031
2020-03-09,64.6649169921875,90.03050231933594,60.56039810180664,168.85498046875,346.489990234375
2020-03-10,69.3221664428711,94.59100341796875,63.7902946472168,177.5119171142578,364.1300048828125
2020-03-11,66.91458129882812,91.04299926757812,60.55292892456055,169.59217834472656,349.9200134277344
2020-03-12,60.30644989013672,83.83049774169922,55.54591751098633,153.88217163085938,315.25
2020-03-13,67.53166198730469,89.25,60.76815414428711,169.63201904296875,336.29998779296875
2020-03-16,58.84391784667969,84.4574966430664,54.02239227294922,145.45437622070312,298.8399963378906
2020-03-17,61.43129348754883,90.39199829101562,55.78954315185547,148.85137939453125,319.75
2020-03-18,59.927452087402344,91.5,54.64366149902344,146.40077209472656,315.4700012207031
2020-03-19,59.468284606933594,94.04650115966797,55.564849853515625,152.5472869873047,332.0299987792969
2020-03-20,55.692909240722656,92.30449676513672,53.42404556274414,149.16021728515625,332.8299865722656
2020-03-23,54.50975799560547,95.1415023803711,52.6418571472168,147.53643798828125,360.2699890136719
2020-03-24,59.97846984863281,97.00499725341797,56.519920349121094,160.36741638183594,357.32000732421875
2020-03-25,59.64806365966797,94.29199981689453,54.92714309692383,155.61558532714844,342.3900146484375
2020-03-26,62.78693771362305,97.77449798583984,57.87953567504883,162.71841430664062,362.989990234375
2020-03-27,60.187408447265625,95.00499725341797,55.336669921875,156.19332885742188,357.1199951171875
2020-03-30,61.905029296875,98.19750213623047,57.13570785522461,165.31849670410156,370.9599914550781
2020-03-31,61.7786979675293,97.48600006103516,57.93233871459961,166.16525268554688,375.5
2020-04-01,58.52808380126953,95.38500213623047,55.08308029174805,158.99266052246094,364.0799865722656
2020-04-02,59.504722595214844,95.94149780273438,55.84135818481445,157.5880126953125,370.0799865722656
2020-04-03,58.649559020996094,95.32949829101562,54.69746398925781,153.59327697753906,361.760009765625
2020-04-06,63.76599884033203,99.87950134277344,59.13352966308594,164.92002868652344,379.9599914550781
2020-04-07,63.02743911743164,100.58000183105469,59.113101959228516,168.18753051757812,372.2799987792969
2020-04-08,64.64060974121094,102.1500015258789,60.29734420776367,173.61679077148438,371.1199951171875
2020-04-09,65.10706329345703,102.13800048828125,60.35563278198242,174.52333068847656,370.7200012207031
2020-04-13,66.38497161865234,108.44349670410156,60.66004180908203,174.12484741210938,396.7200012207031
2020-04-14,69.73760986328125,114.16600036621094,63.23429489135742,177.49197387695312,413.54998779296875
2020-04-15,69.10108947753906,115.38400268554688,62.89750289916992,176.29653930664062,426.75
2020-04-16,69.650146484375,120.40950012207031,62.947322845458984,175.57928466796875,439.1700134277344
2020-04-17,68.70510864257812,118.75,63.932777404785156,178.5579376220703,422.9599914550781
2020-04-20,67.27899169921875,119.68049621582031,63.10376739501953,177.56173706054688,437.489990234375
2020-04-21,65.19937133789062,116.40599822998047,60.59926223754883,170.1500244140625,433.8299865722656
2020-04-22,67.07734680175781,118.17449951171875,62.93436813354492,181.5863494873047,421.4200134277344
2020-04-23,66.81739807128906,119.97250366210938,63.5870246887207,184.42552185058594,426.70001220703125
2020-04-24,68.74637603759766,120.51100158691406,63.736488342285156,189.3467254638672,424.989990234375
2020-04-27,68.79498291015625,118.80000305175781,63.56560134887695,186.78648376464844,421.3800048828125
2020-04-28,67.67984008789062,115.7040023803711,61.46265411376953,182.21397399902344,403.8299865722656
2020-04-29,69.9028091430664,118.635498046875,66.83385467529297,193.4510498046875,411.8900146484375
2020-04-30,71.37750244140625,123.69999694824219,67.19156646728516,203.93099975585938,419.8500061035156
2020-05-01,70.22836303710938,114.302001953125,65.79409790039062,201.5002899169922,415.2699890136719
2020-05-04,71.22200775146484,115.79949951171875,66.10248565673828,204.47889709472656,428.1499938964844
2020-05-05,72.29097747802734,115.88999938964844,67.31362915039062,206.2820281982422,424.67999267578125
2020-05-06,73.03681182861328,117.56300354003906,67.12380981445312,207.6767120361328,434.260009765625
2020-05-07,73.79236602783203,118.38050079345703,68.3823013305664,210.45606994628906,436.5299987792969
2020-05-08,75.54874420166016,118.98049926757812,69.16996765136719,211.54193115234375,435.54998779296875
2020-05-11,76.73753356933594,120.44999694824219,69.91179656982422,212.36875915527344,440.5199890136719
2020-05-12,75.86055755615234,117.84750366210938,68.54072570800781,209.30050659179688,431.82000732421875
2020-05-13,74.94462585449219,118.39600372314453,67.2249526977539,204.31951904296875,438.2699890136719
2020-05-14,75.405029296875,119.44249725341797,67.5637435913086,206.02301025390625,441.95001220703125
2020-05-15,74.95923614501953,120.48899841308594,68.41368103027344,210.07752990722656,454.19000244140625
2020-05-18,76.7253646850586,121.31300354003906,68.94925689697266,212.37872314453125,452.5799865722656
2020-05-19,76.28201293945312,122.46649932861328,68.42838287353516,216.05470275878906,451.0400085449219
2020-05-20,77.76553344726562,124.89700317382812,70.08418273925781,229.09486389160156,447.6700134277344
2020-05-21,77.1857681274414,122.33699798583984,69.88888549804688,230.5094757080078,436.25
2020-05-22,77.6827163696289,121.84400177001953,70.26851654052734,234.01608276367188,429.32000732421875
2020-05-26,77.15653228759766,121.09300231933594,70.59732818603516,231.31639099121094,414.7699890136719
2020-05-27,77.4926986694336,120.51950073242188,70.63818359375,228.26803588867188,419.8900146484375
2020-05-28,77.52680969238281,120.05500030517578,70.5828857421875,224.60205078125,413.44000244140625
2020-05-29,77.4512939453125,122.11849975585938,71.1902084350586,224.23342895507812,419.7300109863281
2020-06-01,78.4037857055664,123.552001953125,71.33468627929688,231.02749633789062,425.9200134277344
2020-06-02,78.76675415039062,123.62049865722656,71.70336151123047,231.83441162109375,427.30999755859375
2020-06-03,79.20037841796875,123.91999816894531,71.56187438964844,229.28414916992188,421.9700012207031
2020-06-04,78.51826477050781,123.02999877929688,70.356201171875,225.42886352539062,414.3299865722656
2020-06-05,80.75457000732422,124.1500015258789,71.6620101928711,229.89183044433594,419.6000061035156
2020-06-08,81.23202514648438,126.2030029296875,72.07154083251953,230.51942443847656,419.489990234375
2020-06-09,83.79715728759766,130.04299926757812,72.54732513427734,237.7617645263672,434.04998779296875
2020-06-10,85.95307922363281,132.37249755859375,73.03009796142578,235.82913208007812,434.4800109863281
2020-06-11,81.82640838623047,127.89800262451172,69.9406967163086,223.57594299316406,425.55999755859375
2020-06-12,82.53285217285156,127.2509994506836,70.4060287475586,227.7101593017578,418.07000732421875
2020-06-15,83.5535659790039,128.63400268554688,70.73832702636719,231.61524963378906,425.5
2020-06-16,85.76791381835938,130.7635040283203,71.87773895263672,234.7532501220703,436.1300048828125
2020-06-17,85.64855194091797,132.0489959716797,72.29623413085938,234.63372802734375,447.7699890136719
2020-06-18,85.68265533447266,132.69900512695312,71.54093933105469,235.0421600341797,449.8699951171875
2020-06-19,85.1930160522461,133.75050354003906,71.32970428466797,237.88131713867188,453.7200012207031
2020-06-22,87.42198944091797,135.6909942626953,72.33309936523438,238.30967712402344,468.0400085449219
2020-06-23,89.28800201416016,138.2205047607422,72.9583511352539,241.3181610107422,466.260009765625
2020-06-24,87.71186065673828,136.72000122070312,71.3421630859375,233.12945556640625,457.8500061035156
2020-06-25,88.87629699707031,137.72900390625,71.80847930908203,234.78314208984375,465.9100036621094
2020-06-26,86.14550018310547,134.64349365234375,67.75157165527344,215.2577362060547,443.3999938964844
2020-06-29,88.13087463378906,134.0189971923828,69.498779296875,219.80038452148438,447.239990234375
2020-06-30,88.86654663085938,137.9409942626953,70.42744445800781,226.20591735839844,455.0400085449219
2020-07-01,88.69847106933594,143.93499755859375,71.64456939697266,236.64602661132812,485.6400146484375
2020-07-02,88.69847106933594,144.51499938964844,72.97280883789062,232.53175354003906,476.8900146484375
2020-07-06,91.07117462158203,152.8520050048828,74.51725769042969,239.36563110351562,493.80999755859375
2020-07-07,90.78858184814453,150.00599670410156,73.9931411743164,239.9434356689453,493.1600036621094
2020-07-08,92.90306091308594,154.0554962158203,74.53219604492188,242.65309143066406,502.7799987792969
2020-07-09,93.30257415771484,159.13150024414062,75.27901458740234,243.569580078125,507.760009765625
2020-07-10,93.46578979492188,160.0,76.81100463867188,244.1374053955078,548.72998046875
2020-07-13,93.03461456298828,155.1999969482422,75.29645538330078,238.09051513671875,525.5
2020-07-14,94.5741958618164,154.1999969482422,75.75679779052734,238.81773376464844,524.8800048828125
2020-07-15,95.22461700439453,150.44349670410156,75.41104125976562,239.36563110351562,523.260009765625
2020-07-16,94.05287170410156,149.9949951171875,75.62825775146484,240.01315307617188,527.3900146484375
2020-07-17,93.86286163330078,148.09849548339844,75.50619506835938,241.10897827148438,492.989990234375
2020-07-20,95.84092712402344,159.8419952392578,78.0057144165039,244.486083984375,502.4100036621094
2020-07-21,94.51814270019531,156.9145050048828,77.64202117919922,240.8300323486328,490.1000061035156
2020-07-22,94.78367614746094,154.99549865722656,78.14372253417969,238.9571990966797,489.82000732421875
2020-07-23,90.46946716308594,149.32749938964844,75.5126724243164,231.71487426757812,477.5799865722656
2020-07-24,90.24534606933594,150.44549560546875,75.3228530883789,229.83206176757812,480.45001220703125
2020-07-27,92.38419342041016,152.760498046875,76.23607635498047,232.61143493652344,495.6499938964844
2020-07-28,90.86656188964844,150.01649475097656,74.74842071533203,229.24429321289062,488.510009765625
2020-07-29,92.60831451416016,151.67649841308594,75.82853698730469,232.40223693847656,484.4800109863281
2020-07-30,93.72887420654297,152.593994140625,76.2983627319336,233.60763549804688,485.79998779296875
2020-07-31,103.54122161865234,158.23399353027344,73.88253021240234,252.7046661376953,488.8800048828125
2020-08-03,106.15022277832031,155.59449768066406,73.45855712890625,251.00120544433594,498.6199951171875
2020-08-04,106.85911560058594,156.94149780273438,72.98625183105469,248.87930297851562,509.6400146484375
2020-08-05,107.24642944335938,160.25149536132812,73.41670989990234,248.1719970703125,502.1099853515625
2020-08-06,110.98818969726562,161.25,74.73646545410156,264.2705078125,509.0799865722656
2020-08-07,108.46479797363281,158.3730010986328,74.45697021484375,267.4184875488281,494.7300109863281
2020-08-10,110.04131317138672,157.4080047607422,74.53717803955078,261.99920654296875,483.3800048828125
2020-08-11,106.76868438720703,154.0334930419922,73.75100708007812,255.1553497314453,466.92999267578125
2020-08-12,110.31707000732422,158.11199951171875,75.0613021850586,258.9010314941406,475.4700012207031
2020-08-13,112.26941680908203,158.05099487304688,75.65068054199219,260.3056640625,481.3299865722656
2020-08-14,112.16934204101562,157.4010009765625,75.11659240722656,260.245849609375,482.67999267578125
2020-08-17,111.87650299072266,159.12049865722656,75.62726593017578,260.1661682128906,482.3500061035156
2020-08-18,112.80874633789062,165.62449645996094,77.65099334716797,261.3416748046875,491.8699951171875
2020-08-19,112.95027160644531,163.0240020751953,77.09947204589844,261.5907287597656,484.5299987792969
2020-08-20,115.45661926269531,164.86849975585938,78.8043441772461,267.986328125,497.8999938964844
2020-08-21,121.40637969970703,164.23599243164062,78.73809051513672,265.9939270019531,492.30999755859375
2020-08-24,122.8584213256836,165.3730010986328,79.12570190429688,270.3572692871094,488.80999755859375
2020-08-25,121.85052490234375,167.32449340820312,80.12310791015625,279.75140380859375,490.5799865722656
2020-08-26,123.50758361816406,172.09249877929688,82.32321166992188,302.7535095214844,547.530029296875
2020-08-27,122.03112030029297,170.0,81.42393493652344,292.10418701171875,526.27001953125
2020-08-28,121.83344268798828,170.08999633789062,81.9261245727539,292.5425109863281,523.8900146484375
2020-08-31,125.96508026123047,172.54800415039062,81.41646575927734,292.0842590332031,529.5599975585938
2020-09-01,130.98260498046875,174.95599365234375,82.73821258544922,294.31573486328125,556.5499877929688
2020-09-02,128.26885986328125,176.57249450683594,86.10462188720703,301.3488464355469,552.8400268554688
2020-09-03,117.9995346069336,168.39999389648438,81.798095703125,290.0121765136719,525.75
2020-09-04,118.07762908935547,164.7310028076172,79.2671890258789,281.65411376953125,516.0499877929688
2020-09-08,110.13159942626953,157.49200439453125,76.3451919555664,270.1281433105469,507.0199890136719
2020-09-09,114.52435302734375,163.4304962158203,77.56928253173828,272.67840576171875,500.19000244140625
2020-09-10,110.78563690185547,158.7554931640625,76.32675170898438,267.06982421875,480.6700134277344
2020-09-11,109.33114624023438,155.81100463867188,75.76377868652344,265.595458984375,482.0299987792969
2020-09-14,112.61107635498047,155.14849853515625,75.69202423095703,265.1371765136719,476.260009765625
2020-09-15,112.78680419921875,157.80650329589844,76.79606628417969,271.38336181640625,495.989990234375
2020-09-16,109.45804595947266,153.90499877929688,75.77273559570312,262.5171813964844,483.8599853515625
2020-09-17,107.71068572998047,150.43649291992188,74.50878143310547,253.85031127929688,470.20001220703125
2020-09-18,104.29408264160156,147.74549865722656,72.73814392089844,251.5690155029297,469.9599914550781
2020-09-21,107.45689392089844,148.02349853515625,71.30180358886719,247.2056884765625,487.3500061035156
2020-09-22,109.14566802978516,156.44949340820312,73.01066589355469,253.7805633544922,491.1700134277344
2020-09-23,104.56742095947266,149.9929962158203,70.50716400146484,248.07237243652344,470.6099853515625
2020-09-24,105.64122009277344,150.989501953125,71.1588134765625,248.5804443359375,473.0799865722656
2020-09-25,109.60444641113281,154.75650024414062,71.98934173583984,253.85031127929688,482.8800048828125
2020-09-28,112.22061157226562,158.70249938964844,72.96382904052734,255.8426971435547,490.6499938964844
2020-09-29,111.371337890625,157.24400329589844,73.2034683227539,260.7937927246094,493.4800109863281
2020-09-30,113.05033874511719,157.43649291992188,73.2169189453125,260.90338134765625,500.0299987792969
2020-10-01,114.00698852539062,161.06300354003906,74.23775482177734,265.6153564453125,527.510009765625
2020-10-02,110.32683563232422,156.25,72.65991973876953,258.9508361816406,503.05999755859375
2020-10-05,113.72389221191406,159.9600067138672,74.03498077392578,263.64288330078125,520.6500244140625
2020-10-06,110.46348571777344,154.9980010986328,72.41181182861328,257.6756896972656,505.8699951171875
2020-10-07,112.3377456665039,159.7845001220703,72.75309753417969,257.13775634765625,534.6599731445312
2020-10-08,112.2303695678711,159.52749633789062,74.03050231933594,262.75628662109375,531.7899780273438
2020-10-09,114.18270111083984,164.33250427246094,75.48975372314453,263.44366455078125,539.4400024414062
2020-10-12,121.43565368652344,172.14649963378906,78.17660522460938,274.70068359375,539.8099975585938
2020-10-13,118.21428680419922,172.18150329589844,78.30265045166016,275.0892028808594,554.0900268554688
2020-10-14,118.30216979980469,168.1855010986328,78.12329864501953,270.7856140136719,541.4500122070312
2020-10-15,117.83358764648438,166.9324951171875,77.6773910522461,265.70501708984375,541.9400024414062
2020-10-16,116.183837890625,163.635498046875,78.36891174316406,264.91802978515625,530.7899780273438
2020-10-19,113.21630859375,160.36050415039062,76.45578002929688,260.4052429199219,530.719970703125
2020-10-20,114.70985412597656,160.85049438476562,77.51797485351562,266.5418395996094,525.4199829101562
2020-10-21,114.08509063720703,159.2469940185547,79.38027954101562,277.6693420410156,489.04998779296875
2020-10-22,112.99179077148438,158.82000732421875,80.47733306884766,277.0616760253906,485.2300109863281
2020-10-23,112.29869079589844,160.22000122070312,81.7562484741211,283.7062683105469,488.2799987792969
2020-10-26,112.30846405029297,160.3520050048828,79.23778533935547,276.0554504394531,488.239990234375
2020-10-27,113.82151794433594,164.31649780273438,79.92581939697266,282.21197509765625,488.92999267578125
2020-10-28,108.55020141601562,158.13900756835938,75.55950927734375,266.65142822265625,486.239990234375
2020-10-29,112.572021484375,160.55050659179688,78.0814437866211,279.7613220214844,504.2099914550781
2020-10-30,106.2659683227539,151.8074951171875,80.76031494140625,262.1087341308594,475.739990234375
2020-11-02,106.17809295654297,150.2239990234375,81.01042175292969,260.3653869628906,484.1199951171875
2020-11-03,107.80830383300781,152.42050170898438,82.215087890625,264.2904052734375,487.2200012207031
2020-11-04,112.21083068847656,162.05799865722656,87.14337921142578,286.28643798828125,496.95001220703125
2020-11-05,116.19361114501953,166.10000610351562,87.85282897949219,293.5586242675781,513.760009765625
2020-11-06,116.06161499023438,165.56849670410156,87.7721176147461,292.2934875488281,514.72998046875
2020-11-09,113.74409484863281,157.18699645996094,87.83440399169922,277.70916748046875,470.5
2020-11-10,113.40185546875,151.75100708007812,86.70794677734375,271.3932800292969,480.239990234375
2020-11-11,116.84388732910156,156.8695068359375,87.32174682617188,275.4278869628906,490.760009765625
2020-11-12,116.57008361816406,155.51400756835938,87.17875671386719,274.033203125,486.7699890136719
2020-11-13,116.61898803710938,156.4405059814453,88.53289031982422,275.8961181640625,482.8399963378906
2020-11-16,117.63595581054688,156.55299377441406,88.75011444091797,277.8984375,479.1000061035156
2020-11-17,116.74610137939453,156.7830047607422,88.19062042236328,273.9535217285156,480.6300048828125
2020-11-18,115.41621398925781,155.2729949951172,87.02629852294922,270.93505859375,481.7900085449219
2020-11-19,116.01272583007812,155.8509979248047,87.88023376464844,271.9013366699219,484.6700134277344
2020-11-20,114.74150085449219,154.97000122070312,86.7976303100586,268.6736755371094,488.239990234375
2020-11-23,111.32878875732422,154.91949462890625,86.43243408203125,267.40850830078125,476.6199951171875
2020-11-24,112.61956787109375,155.9029998779297,88.12734985351562,275.8662109375,482.8800048828125
2020-11-25,113.46051025390625,159.2534942626953,88.25440216064453,274.541259765625,485.0
2020-11-27,114.00811004638672,159.76699829101562,89.3385009765625,276.7528076171875,491.3599853515625
2020-11-30,116.41363525390625,158.40199279785156,87.72180938720703,275.916015625,490.70001220703125
2020-12-01,120.00236511230469,161.00399780273438,89.58311462402344,285.4595642089844,504.5799865722656
2020-12-02,120.35440063476562,160.17649841308594,91.07027435302734,286.4258728027344,503.3800048828125
2020-12-03,120.21749877929688,159.3365020751953,91.01148223876953,280.7774353027344,497.5199890136719
2020-12-04,119.54277801513672,158.12899780273438,91.072265625,278.6356506347656,498.30999755859375
2020-12-07,121.00955200195312,157.89999389648438,90.64828491210938,284.49322509765625,515.780029296875
2020-12-08,121.62561798095703,158.864501953125,90.6019515991211,282.3215637207031,512.6599731445312
2020-12-09,119.08316802978516,155.2100067138672,88.88711547851562,276.8623962402344,493.6000061035156
2020-12-10,120.5108413696289,155.07449340820312,88.44869995117188,276.0654296875,501.0899963378906
2020-12-11,119.69923400878906,155.8209991455078,88.76954650878906,272.5090026855469,503.2200012207031
2020-12-14,119.08316802978516,157.84849548339844,87.68792724609375,273.1465759277344,522.4199829101562
2020-12-15,125.04810333251953,158.25599670410156,88.07205200195312,274.5014343261719,519.780029296875
2020-12-16,124.97964477539062,162.04800415039062,87.83440399169922,274.6209411621094,524.8300170898438
2020-12-17,125.84993743896484,161.8040008544922,87.08209991455078,273.4355163574219,532.9000244140625
2020-12-18,123.85513305664062,160.08250427246094,86.2406234741211,275.34814453125,534.4500122070312
2020-12-21,125.39035034179688,160.3090057373047,86.6571273803711,271.7519226074219,528.9099731445312
2020-12-22,128.95953369140625,160.3260040283203,85.8664779663086,266.0736083984375,527.3300170898438
2020-12-23,128.0598907470703,159.2635040283203,86.30888366699219,267.0897216796875,514.47998046875
2020-12-24,129.0475616455078,158.63450622558594,86.6312255859375,266.3824157714844,513.969970703125
2020-12-28,133.66302490234375,164.197998046875,88.48655700683594,275.9458923339844,519.1199951171875
2020-12-29,131.88328552246094,166.10000610351562,87.62117004394531,275.72674560546875,530.8699951171875
2020-12-30,130.75877380371094,164.29249572753906,86.66460418701172,270.8354187011719,524.5900268554688
2020-12-31,129.7515869140625,162.84649658203125,87.2803955078125,272.1205139160156,540.72998046875
2021-01-04,126.54420471191406,159.3314971923828,86.10262298583984,267.9165954589844,522.8599853515625
2021-01-05,128.1088104248047,160.92550659179688,86.7343521118164,269.9388427734375,520.7999877929688
2021-01-06,123.79642486572266,156.91900634765625,86.45386505126953,262.3080139160156,500.489990234375
2021-01-07,128.02078247070312,158.10800170898438,89.04256439208984,267.7173156738281,508.8900146484375
2021-01-08,129.12574768066406,159.13499450683594,90.0369873046875,266.5517883300781,510.3999938964844
2021-01-11,126.12372589111328,155.7104949951172,88.01974487304688,255.86260986328125,499.1000061035156
2021-01-12,125.94771575927734,156.04150390625,87.01483917236328,250.13449096679688,494.25
2021-01-13,127.99143981933594,158.29449462890625,87.40594482421875,250.68240356445312,507.7900085449219
2021-01-14,126.05531311035156,156.37350463867188,86.6974868774414,244.70523071289062,500.8599853515625
2021-01-15,124.32449340820312,155.21249389648438,86.49870300292969,250.40347290039062,497.9800109863281
2021-01-19,124.99920654296875,156.03799438476562,89.22241973876953,260.1064453125,501.7699890136719
2021-01-20,129.10617065429688,163.16900634765625,94.00721740722656,266.4621276855469,586.3400268554688
2021-01-21,133.83901977539062,165.34950256347656,94.22394561767578,271.8316345214844,579.8400268554688
2021-01-22,135.9903106689453,164.6114959716797,94.7121810913086,273.4554138183594,565.1699829101562
2021-01-25,139.75503540039062,164.6999969482422,94.62998962402344,276.9520568847656,556.780029296875
2021-01-26,139.98973083496094,166.30650329589844,95.51879119873047,280.9766540527344,561.9299926757812
2021-01-27,138.91407775878906,161.62899780273438,91.21176147460938,271.1044006347656,523.280029296875
2021-01-28,134.05413818359375,161.88099670410156,92.82198333740234,263.9915466308594,538.5999755859375
2021-01-29,129.03775024414062,160.30999755859375,91.45838928222656,257.3469543457031,532.3900146484375
2021-02-01,131.16946411132812,167.1439971923828,94.72713470458984,261.012939453125,539.0399780273438
2021-02-02,132.00064086914062,169.0,96.03045654296875,266.0636291503906,548.1599731445312
2021-02-03,130.9739227294922,165.62649536132812,103.1329345703125,265.6352844238281,539.4500122070312
2021-02-04,134.3474884033203,166.5500030517578,102.74931335449219,265.4759216308594,552.1599731445312
2021-02-05,133.9312744140625,167.6074981689453,104.5244369506836,267.07977294921875,550.7899780273438
2021-02-08,134.0782012939453,166.14700317382812,104.27084350585938,265.5655822753906,547.9199829101562
2021-02-09,133.19677734375,165.25,103.80252075195312,268.42462158203125,559.0700073242188
2021-02-10,132.58956909179688,164.32899475097656,104.3938980102539,270.8354187011719,563.5900268554688
2021-02-11,132.33499145507812,163.10650634765625,104.4193115234375,269.3610534667969,557.5900268554688
2021-02-12,132.5700225830078,163.885498046875,104.8288345336914,269.47064208984375,556.52001953125
2021-02-16,130.43511962890625,163.44749450683594,105.71515655517578,272.9273986816406,557.280029296875
2021-02-17,128.13375854492188,165.4320068359375,106.03450775146484,272.5289611816406,551.3400268554688
2021-02-18,127.0271224975586,166.4114990234375,105.48099517822266,268.3648681640625,548.219970703125
2021-02-19,127.18379211425781,162.4949951171875,104.68086242675781,260.5646667480469,540.219970703125
2021-02-22,123.39384460449219,159.03700256347656,102.8743667602539,259.3393249511719,533.780029296875
2021-02-23,123.25674438476562,159.72500610351562,103.17228698730469,264.8482971191406,546.1500244140625
2021-02-24,122.75727844238281,157.97650146484375,104.3834457397461,263.3041687011719,553.4099731445312
2021-02-25,118.48748016357422,152.85800170898438,101.2043685913086,253.72080993652344,546.7000122070312
2021-02-26,118.75188446044922,154.64649963378906,101.47837829589844,256.6396484375,538.8499755859375
2021-03-01,125.14683532714844,157.3070068359375,103.702880859375,263.90191650390625,550.6400146484375
2021-03-02,122.53204345703125,154.72650146484375,103.42039489746094,258.0143737792969,547.8200073242188
2021-03-03,119.53533935546875,150.25,100.97270202636719,254.4380645751953,520.7000122070312
2021-03-04,117.6452407836914,148.8784942626953,102.08768463134766,256.6595764160156,511.2900085449219
2021-03-05,118.90857696533203,150.0229949951172,105.04954528808594,263.2742919921875,516.3900146484375
2021-03-08,113.95323944091797,147.59750366210938,100.84615325927734,254.33843994140625,493.3299865722656
2021-03-09,118.58538818359375,153.1425018310547,102.26754760742188,264.728759765625,506.44000244140625
2021-03-10,117.49835968017578,152.8820037841797,102.38362884521484,263.8919372558594,504.5400085449219
2021-03-11,119.4374008178711,155.67950439453125,105.35993194580078,272.8377685546875,523.0599975585938
2021-03-12,118.52664947509766,154.47450256347656,102.72689056396484,267.37860107421875,518.02001953125
2021-03-15,121.42540740966797,154.08399963378906,102.95457458496094,272.7082824707031,520.25
2021-03-16,122.97271728515625,154.59300231933594,104.25141143798828,278.21722412109375,524.030029296875
2021-03-17,122.17949676513672,156.7864990234375,104.17967224121094,282.9292297363281,524.4400024414062
2021-03-18,118.03697967529297,151.39950561523438,101.44649505615234,277.5597229003906,504.7900085449219
2021-03-19,117.5081558227539,153.7480010986328,101.79425048828125,289.0060119628906,512.1799926757812
2021-03-22,120.83783721923828,155.5435028076172,101.56455993652344,292.4229736328125,523.1099853515625
2021-03-23,120.00538635253906,156.875,102.2804946899414,289.5240173339844,535.0900268554688
2021-03-24,117.6060791015625,154.35350036621094,101.88690948486328,281.06634521484375,520.8099975585938
2021-03-25,118.09574127197266,152.31300354003906,101.85203552246094,277.67926025390625,502.8599853515625
2021-03-26,118.7029037475586,152.60150146484375,101.4131088256836,281.9429931640625,508.04998779296875
2021-03-29,118.87921142578125,153.7864990234375,102.42945861816406,289.71331787109375,513.9500122070312
2021-03-30,117.42002868652344,152.76449584960938,102.40902709960938,286.904052734375,513.3900146484375
2021-03-31,119.62349700927734,154.70399475097656,103.06118774414062,293.4092102050781,521.6599731445312
2021-04-01,120.45588684082031,158.0500030517578,106.50481414794922,297.52349853515625,539.4199829101562
2021-04-05,123.2959213256836,161.3365020751953,110.87909698486328,307.7344665527344,540.6699829101562
2021-04-06,123.59951782226562,161.1909942626953,110.83924102783203,305.0945739746094,544.530029296875
2021-04-07,125.25454711914062,163.96949768066406,112.08129119873047,311.8985595703125,546.989990234375
2021-04-08,127.66365814208984,164.96499633789062,112.86647033691406,311.8288269042969,554.5800170898438
2021-04-09,130.2490692138672,168.61000061035156,113.88480377197266,311.27093505859375,555.3099975585938
2021-04-12,128.5254669189453,168.96949768066406,112.33587646484375,310.3544616699219,552.780029296875
2021-04-13,131.6494598388672,170.0,112.95763397216797,308.5812683105469,553.72998046875
2021-04-14,129.2991180419922,166.64999389648438,112.33834838867188,301.6676330566406,540.02001953125
2021-04-15,131.718017578125,168.95449829101562,114.421875,306.64862060546875,549.219970703125
2021-04-16,131.38507080078125,169.9720001220703,114.47666931152344,305.0148620605469,546.5399780273438
2021-04-19,132.0509796142578,168.60049438476562,114.70784759521484,301.08984375,554.4400024414062
2021-04-20,130.35678100585938,166.7344970703125,114.27091979980469,301.4982604980469,549.5700073242188
2021-04-21,130.73873901367188,168.1009979248047,114.25397491455078,300.3227844238281,508.8999938964844
2021-04-22,129.2109832763672,165.45199584960938,112.9900131225586,295.3916320800781,508.7799987792969
2021-04-23,131.54177856445312,167.04400634765625,115.35053253173828,299.9841003417969,505.54998779296875
2021-04-26,131.9334716796875,170.4499969482422,115.92048645019531,301.8868408203125,510.29998779296875
2021-04-27,131.6103057861328,170.8715057373047,114.94300842285156,302.414794921875,505.54998779296875
2021-04-28,130.81704711914062,172.9250030517578,118.56947326660156,305.931396484375,506.5199890136719
2021-04-29,130.71914672851562,173.5655059814453,121.05951690673828,328.2560729980469,509.0
2021-04-30,128.74093627929688,173.37100219726562,120.07455444335938,323.8429260253906,513.469970703125
2021-05-03,129.79856872558594,169.32449340820312,119.32974243164062,321.3524475097656,509.1099853515625
2021-05-04,125.20556640625,165.593505859375,117.29106903076172,317.14849853515625,503.17999267578125
2021-05-05,125.45042419433594,163.52699279785156,117.41511535644531,313.8211975097656,496.0799865722656
2021-05-06,127.05652618408203,165.31849670410156,118.64120483398438,318.8022155761719,499.54998779296875
2021-05-07,127.73336791992188,164.58050537109375,119.5051040649414,317.8657531738281,503.8399963378906
2021-05-10,124.43726348876953,159.52450561523438,116.66381072998047,304.8056640625,486.69000244140625
2021-05-11,123.51515197753906,161.19549560546875,115.02471160888672,305.363525390625,495.0799865722656
2021-05-12,120.43486022949219,157.5970001220703,111.55317687988281,301.3987121582031,484.9800109863281
2021-05-13,122.5930404663086,158.07350158691406,112.6935806274414,304.0983581542969,486.6600036621094
2021-05-14,125.0258560180664,161.14500427246094,115.39338684082031,314.73773193359375,493.3699951171875
2021-05-17,123.86830139160156,163.51950073242188,115.65495300292969,314.2595520019531,488.94000244140625
2021-05-18,122.47529602050781,161.61399841308594,114.75916290283203,308.78045654296875,486.2799987792969
2021-05-19,122.31835174560547,161.58999633789062,115.022216796875,312.39666748046875,487.70001220703125
2021-05-20,124.8885269165039,162.38400268554688,117.38272857666016,317.3975830078125,501.6700134277344
2021-05-21,123.04428100585938,160.1540069580078,116.83519744873047,315.0266418457031,497.8900146484375
2021-05-24,124.68252563476562,162.24949645996094,119.90267944335938,323.3946533203125,502.8999938964844
2021-05-25,124.486328125,162.95249938964844,120.0222396850586,326.5426330566406,501.3399963378906
2021-05-26,124.43726348876953,163.25799560546875,121.2408676147461,326.4130859375,502.3599853515625
2021-05-27,122.89712524414062,161.5054931640625,119.69542694091797,331.4837341308594,503.8599853515625
2021-05-28,122.23987579345703,161.15350341796875,120.14630889892578,327.47906494140625,502.80999755859375
2021-06-01,121.91614532470703,160.9324951171875,121.0555419921875,327.8775329589844,499.0799865722656
2021-06-02,122.68131256103516,161.69949340820312,120.63056182861328,327.8974609375,499.239990234375
2021-06-03,121.19021606445312,159.35049438476562,119.80004119873047,324.7992858886719,489.42999267578125
2021-06-04,123.49553680419922,160.31100463867188,122.14910888671875,329.0928955078125,494.739990234375
2021-06-07,123.5053482055664,159.90049743652344,122.863037109375,335.2991638183594,494.6600036621094
2021-06-08,124.32936096191406,163.20550537109375,123.69804382324219,332.41021728515625,492.3900146484375
2021-06-09,124.71194458007812,164.0574951171875,124.12400817871094,328.9932556152344,485.80999755859375
2021-06-10,123.71134185791016,167.4824981689453,125.62860870361328,331.19482421875,487.2699890136719
2021-06-11,124.92776489257812,167.3415069580078,125.2464828491211,329.99945068359375,488.7699890136719
2021-06-14,127.99820709228516,169.19349670410156,125.89962768554688,335.48846435546875,499.8900146484375
2021-06-15,127.17420196533203,169.156494140625,125.58177185058594,335.4685363769531,491.8999938964844
2021-06-16,127.67452239990234,170.7624969482422,125.2464828491211,329.820068359375,492.4100036621094
2021-06-17,129.28329467773438,174.46200561523438,125.91857147216797,335.2294616699219,498.3399963378906
2021-06-18,127.97863006591797,174.34500122070312,125.11793518066406,328.405517578125,500.7699890136719
2021-06-21,129.78358459472656,172.697998046875,126.00225830078125,331.0255432128906,497.0
2021-06-22,131.431640625,175.27200317382812,126.5447998046875,337.7398376464844,508.82000732421875
2021-06-23,131.156982421875,175.1909942626953,126.00873565673828,339.2939147949219,512.739990234375
2021-06-24,130.87249755859375,172.45399475097656,126.8262939453125,341.8740539550781,518.0599975585938
2021-06-25,130.5782012939453,170.072998046875,126.54032897949219,340.0709228515625,527.0700073242188
2021-06-28,132.2164306640625,172.1945037841797,126.3654556274414,354.2866516113281,533.030029296875
2021-06-29,133.73696899414062,172.40699768066406,125.56732177734375,350.5509033203125,533.5
2021-06-30,134.35498046875,172.00799560546875,124.86734008789062,346.3868103027344,528.2100219726562
2021-07-01,134.65908813476562,171.64849853515625,125.91606903076172,353.04144287109375,533.5399780273438
2021-07-02,137.2978973388672,175.5489959716797,128.25814819335938,353.3502502441406,533.97998046875
2021-07-06,139.31875610351562,183.78700256347656,129.30638122558594,351.4375305175781,541.6400146484375
2021-07-07,141.8202362060547,184.82899475097656,129.61178588867188,349.1562194824219,535.9600219726562
2021-07-08,140.51551818847656,186.57049560546875,128.7145233154297,344.3346862792969,530.760009765625
2021-07-09,142.34994506835938,185.9669952392578,129.11058044433594,349.0865173339844,535.97998046875
2021-07-12,141.75157165527344,185.92750549316406,130.09654235839844,351.81610107421875,537.3099975585938
2021-07-13,142.869873046875,183.8679962158203,130.5255126953125,350.7501525878906,540.6799926757812
2021-07-14,146.31309509277344,184.08399963378906,131.609619140625,346.30712890625,547.9500122070312
2021-07-15,145.6558837890625,181.55999755859375,130.79653930664062,343.149169921875,542.9500122070312
2021-07-16,143.6055908203125,178.68150329589844,131.37347412109375,339.86175537109375,530.3099975585938
2021-07-19,139.7405548095703,177.47950744628906,128.79122924804688,335.6677551269531,532.280029296875
2021-07-20,143.3701629638672,178.6595001220703,130.6321258544922,340.3598327636719,531.0499877929688
2021-07-21,142.6343994140625,179.25999450683594,132.12574768066406,344.9124755859375,513.6300048828125
