Price,Close,High,Low,Open,Volume
Ticker,HDFCBANK.NS,HDFCBANK.NS,HDFCBANK.NS,HDFCBANK.NS,HDFCBANK.NS
Date,,,,,
1996-01-01,2.3310296535491943,2.3701408517972875,2.28800724222784,2.3701408517972875,350000
1996-01-02,2.327117919921875,2.3662292959180307,2.3075624184206593,2.3310291321202357,412000
1996-01-03,2.334940195083618,2.342762433108307,2.3075624552456393,2.3271179570589293,284000
1996-01-04,2.319295644760132,2.3310290946698413,2.299740143573096,2.3349401203085045,282000
1996-01-05,2.31538462638855,2.3310291019860245,2.3075623885898127,2.3192956520394885,189000
1996-01-08,2.2880070209503174,2.307562711431548,2.276273755859088,2.315384950324663,237000
1996-01-09,2.2136952877044678,2.2880066379997896,2.1902285749528168,2.2880066379997896,483000
1996-01-10,2.2215182781219482,2.2410739719571664,2.198051557417837,2.2136960378872446,226000
1996-01-11,2.2136952877044678,2.2528066621207405,2.1902285749528168,2.2215175252883514,318000
1996-01-12,2.209784507751465,2.217606746204695,2.190228818369953,2.2136955337296422,431000
1996-01-15,2.182406425476074,2.201962113473704,2.170673161874986,2.2097843513733837,181000
1996-01-16,2.1432945728302,2.1902279857068137,2.1432945728302,2.182405750227378,358000
1996-01-17,2.0768065452575684,2.1863180847434016,2.057251039757995,2.1432956742492992,429000
1996-01-18,2.065073013305664,2.076806277794953,2.0337838728415143,2.076806277794953,330000
1996-01-19,1.9985839128494263,2.0572507953727834,1.9829394357094483,2.0650730339427725,426000
1996-01-22,1.990761399269104,2.025961374722975,1.9712057122971791,1.9985836367585035,359000
1996-01-23,1.9790282249450684,2.0337838949839377,1.9633837477911056,1.9907616760589797,399000
1996-01-24,1.9281845092773438,1.979029177755503,1.9164512390112873,1.979029177755503,449000
1996-01-25,1.9047167301177979,1.9164501803994805,1.885161228310814,1.9281834441842978,390000
1996-01-26,1.9047167301177979,1.9047167301177979,1.9047167301177979,1.9047167301177979,0
1996-01-29,1.9438278675079346,1.9516501053179458,1.8734277272178346,1.904716678457879,311000
1996-01-30,1.9712055921554565,1.9946723031933975,1.9438276693627714,1.9438276693627714,452000
1996-01-31,2.025961399078369,2.0611615614522565,1.9946724487446266,1.9712057359943198,344000
1996-02-01,2.17458438873291,2.190228865979437,2.0337839070172885,2.025961668394025,424000
1996-02-02,2.280184745788574,2.342762655938129,2.190228906700147,2.174584429162758,819000
1996-02-05,2.3427622318267822,2.424895817277833,2.307562256988367,2.2801843330057334,906000
1996-02-06,2.327117919921875,2.3857847974192463,2.3075624184206593,2.3427623957215924,888000
1996-02-07,2.2410733699798584,2.2880067987812382,2.2097844174456056,2.3271179894490546,586000
1996-02-08,2.381873846054077,2.4640074398143463,2.2567178492534596,2.241073372965491,667000
1996-02-09,2.8551197052001953,2.8590307310034704,2.6204521891039523,2.381873833701302,1720000
1996-02-12,2.7456085681915283,2.968542664977319,2.6986751330251177,2.8551201034100466,2851000
1996-02-13,2.6986751556396484,2.816008744538914,2.6008970716418123,2.816008744538914,1451000
1996-02-14,2.902052879333496,2.9724530160907108,2.808185843827026,2.69867451998247,2464000
1996-02-15,2.8824970722198486,2.9489861807413575,2.8707638098318427,2.902052758195649,1191000
1996-02-16,2.7847201824188232,2.8746760399139473,2.745608980572448,2.8824982802832224,1396000
1996-02-19,2.749519109725952,2.8551194063158905,2.7377856605506934,2.784719084258033,1297000
1996-02-20,2.632185935974121,2.7495197072377016,2.585252502067444,2.7495197072377016,1361000
1996-02-21,2.632185935974121,2.632185935974121,2.632185935974121,2.632185935974121,0
1996-02-22,2.679119110107422,2.718230301237344,2.6595636077908957,2.6321856807515154,848000
1996-02-23,2.6752076148986816,2.7377855097277566,2.6595631411914127,2.67911864007708,687000
1996-02-26,2.64782977104187,2.7182299048085183,2.640007533956687,2.6752076940884324,647000
1996-02-27,2.6556527614593506,2.679119479371733,2.5813413948216923,2.651741735055735,841000
1996-02-28,2.6008968353271484,2.6947636979179204,2.585252358228687,2.655652505171765,422000
1996-02-29,2.3975183963775635,2.581341091686085,2.3466737536231452,2.581341091686085,1275000
1996-03-01,2.432718515396118,2.464007657229768,2.3466738882200135,2.3975185338906995,732000
1996-03-04,2.3975183963775635,2.4248961374785005,2.385784945550823,2.4327183758640363,647000
1996-03-05,2.3975183963775635,2.3975183963775635,2.3975183963775635,2.3975183963775635,0
1996-03-06,2.424896001815796,2.464007378052231,2.4092515259199674,2.3975182622465274,360000
1996-03-07,2.3936071395874023,2.4640074702497126,2.366229398993722,2.42489609254982,486000
1996-03-08,2.385784864425659,2.4014293406647624,2.346673673827901,2.393607102545211,387000
1996-03-11,2.3427622318267822,2.381873605086787,2.32711775712152,2.385784630514678,324000
1996-03-12,2.3114733695983887,2.3427623201890424,2.2919178687276585,2.3427623201890424,400000
1996-03-13,2.4092516899108887,2.4248961668715925,2.346673782068074,2.3114736156580524,486000
1996-03-14,2.4014296531677246,2.4640077527644215,2.3818741485724813,2.4092518923052,529000
1996-03-15,2.3466734886169434,2.424895863638767,2.3466734886169434,2.424895863638767,807000
1996-03-18,2.334940195083618,2.3662293336792395,2.2919179791962616,2.3466736453690844,388000
1996-03-19,2.3114733695983887,2.346673532261302,2.268451155784668,2.334940082541379,617000
1996-03-20,2.3114733695983887,2.3114733695983887,2.3114733695983887,2.3114733695983887,0
1996-03-21,2.350585460662842,2.358407700694294,2.307563047241397,2.311474074008667,643000
1996-03-22,2.3427622318267822,2.3623179184567844,2.2958288077109956,2.3505846556762626,194000
1996-03-25,2.3662290573120117,2.385784556841288,2.3310288970637334,2.3427621594819303,413000
1996-03-26,2.381873846054077,2.409251586309588,2.3310292048697447,2.3662293697661085,643000
1996-03-27,2.424896001815796,2.43271823976371,2.3701403361803957,2.381873786350699,795000
1996-03-28,2.5109405517578125,2.561785186524747,2.448362654504259,2.424895756537332,1124000
1996-03-29,2.5383191108703613,2.5891637621089028,2.503119125510291,2.5109413652010737,1356000
1996-04-01,2.573519229888916,2.581341469419096,2.5344080322380163,2.538319058754656,963000
1996-04-02,2.6595637798309326,2.698674973490853,2.5656967285502414,2.573518967282226,1835000
1996-04-03,2.729963779449463,2.8160084008059836,2.6595636347032183,2.6595636347032183,2082000
1996-04-04,2.6634747982025146,2.702585991748691,2.62045239205328,2.7299639204794555,1134000
1996-04-05,2.6634747982025146,2.6634747982025146,2.6634747982025146,2.6634747982025146,0
1996-04-08,2.6986751556396484,2.7143196341595504,2.667386198599844,2.663474985721421,925000
1996-04-09,2.64782977104187,2.706496642429165,2.6243630597863206,2.698674405343982,1219000
1996-04-10,2.5696074962615967,2.706496743618689,2.5344073348138,2.647829870037978,904000
1996-04-11,2.6087191104888916,2.6126301365699582,2.542229988638837,2.542229988638837,631000
1996-04-12,2.6204519271850586,2.6478298510589786,2.5656962659340667,2.6087186644511275,564000
1996-04-15,2.679119110107422,2.702585824785375,2.6400079189774996,2.6673858460168804,988000
1996-04-16,2.640007734298706,2.686941160371437,2.6282742845320946,2.675207897101683,783000
1996-04-17,2.741697072982788,2.7573415486962163,2.679118983632214,2.640007794348643,1546000
1996-04-18,2.859030246734619,2.8903191938484962,2.741696695057581,2.7768966673122746,2706000
1996-04-19,3.0076537132263184,3.1484541983069296,2.835564272904879,2.894231157229874,6350000
1996-04-22,2.948986768722534,3.207120830688613,2.8981421242453127,3.1288984441827954,5643000
1996-04-23,2.902052879333496,2.9646307786732424,2.8394749799937498,2.9489863038383057,3214000
1996-04-24,3.0076537132263184,3.1680098885808894,2.9724535453319447,3.0467649072773537,5343000
1996-04-25,2.8824970722198486,3.05067544942057,2.8238302007892906,3.05067544942057,3333000
1996-04-26,2.8942313194274902,2.9685426855374337,2.8355644318147037,2.8824978673061747,2039000
1996-04-29,2.8824970722198486,2.921608257674606,2.8472970985589883,2.8942305211046975,1350000
1996-04-30,2.7729861736297607,2.8942309601816927,2.741697220519181,2.8824975095167895,2701000
1996-05-01,2.835564374923706,2.9528981477951675,2.8238309230378036,2.7729864621906017,1662000
1996-05-02,2.788630485534668,2.878586313664717,2.772986009903082,2.878586313664717,1170000
1996-05-03,2.737786293029785,2.7925419666712514,2.729964053938147,2.788630940373878,1779000
1996-05-06,2.6439197063446045,2.7377865854708006,2.6204528000661447,2.7377865854708006,1360000
1996-05-07,2.6712968349456787,2.6908525234886804,2.6204521939313685,2.6439190947817175,1821000
1996-05-08,2.7260525226593018,2.7377859731743857,2.5031186413445266,2.5031186413445266,1617000
1996-05-09,2.6634747982025146,2.7338749465856322,2.6439192946778673,2.7260527078763968,1115000
1996-05-10,2.64782977104187,2.655652008127053,2.534407240058293,2.663474245212236,1371000
1996-05-13,2.6752076148986816,2.67911864007708,2.620451770426403,2.647829692662542,712000
1996-05-14,2.679119110107422,2.7260525394633284,2.6400079189774996,2.7260525394633284,1192000
1996-05-15,2.7221415042877197,2.737785980686177,2.6595635986938913,2.679119100943528,1608000
1996-05-16,2.796452760696411,2.8707641141872844,2.749519333174869,2.7221414072055374,2671000
1996-05-17,2.7612528800964355,2.7768973575419884,2.718230473872724,2.7768973575419884,1385000
1996-05-20,2.6634747982025146,2.72214168177022,2.659563772096338,2.7182304691671617,933000
1996-05-21,2.6087191104888916,2.65956375502092,2.600896871829878,2.65956375502092,1644000
1996-05-22,2.640007734298706,2.675207897101683,2.636096522210883,2.6087187835835515,645000
1996-05-23,2.6204519271850586,2.6595633002897583,2.6087186644511275,2.6595633002897583,361000
1996-05-24,2.64782977104187,2.6595632199180663,2.6204518479953074,2.6204518479953074,473000
1996-05-27,2.612630605697632,2.647830779232226,2.60089733885071,2.647830779232226,1362000
1996-05-28,2.6517417430877686,2.6595639824155892,2.581341402640486,2.6126303599517686,1390000
1996-05-29,2.694763660430908,2.6986748728995535,2.655652468228831,2.651741442257061,1314000
1996-05-30,2.667386293411255,2.737786449253166,2.640008361779839,2.737786449253166,804000
1996-05-31,2.6712968349456787,2.683030285370853,2.6360966701670225,2.6673858091351987,486000
1996-06-03,2.6986751556396484,2.7377863519394037,2.6712972249813722,2.6712972249813722,766000
1996-06-04,2.6595637798309326,2.718230477072372,2.6400080897525315,2.698674973490853,1698000
1996-06-05,2.6634747982025146,2.6986749656425144,2.651741533387103,2.659563772096338,437000
1996-06-06,2.686941385269165,2.7064970743513816,2.663474670268629,2.694763623602677,622000
1996-06-07,2.686941385269165,2.694763623602677,2.663474670268629,2.6752081210173335,405000
1996-06-10,2.690852403640747,2.710407904815898,2.6791189537381688,2.710407904815898,860000
1996-06-11,2.683030128479004,2.7143190791206715,2.659563415497753,2.7143190791206715,1054000
1996-06-12,2.7456085681915283,2.7729864986203814,2.690852893830716,2.6986751330251177,1657000
1996-06-13,3.0311203002929688,3.035031512779589,2.7377860776839715,2.7456083161603364,7320000
1996-06-14,3.1640982627868652,3.2618763283958847,3.0702312228238395,3.0702312228238395,9036000
1996-06-17,3.0272090435028076,3.2305876139055787,3.0115645667790365,3.1680097070104942,6812000
1996-06-18,2.9959206581115723,3.0506765235239004,2.9333427393510934,3.0115651378016923,4708000
1996-06-19,2.9724535942077637,3.089787364787064,2.9528980901091386,3.078053913130379,3422000
1996-06-20,2.945075750350952,2.9724534924511774,2.8942311057407046,2.933342299095941,2981000
1996-06-21,2.8785858154296875,2.945074918604207,2.8590301310265365,2.894230288353477,2364000
1996-06-24,2.862942695617676,2.902053896412265,2.8160090681672525,2.902053896412265,1931000
1996-06-25,2.847297191619873,2.878586141006325,2.823830293083185,2.874674929084594,4000000
1996-06-26,3.0624091625213623,3.148453969682393,3.0115645206986508,3.0115645206986508,14061000
1996-06-27,3.0741429328918457,3.0858761982271474,2.9763648514455125,3.0584984547801835,7982000
1996-06-28,3.121076822280884,3.1680104499556987,3.058498900710353,3.097610101691935,14959000
1996-07-01,3.054586887359619,3.148453931628313,3.031120172916663,3.1367206676552692,11334000
1996-07-02,3.0467641353607178,3.1132532416504914,3.0311196617039284,3.070230845845902,6039000
1996-07-03,3.0154755115509033,3.0506756743034127,2.9959198241335407,3.0311199868860506,7855000
1996-07-04,3.0193872451782227,3.058498629184511,2.952898302660714,2.9959205266725903,9477000
1996-07-05,3.0154755115509033,3.0584979119709863,3.011564299468688,3.0154755115509033,3069000
1996-07-08,3.0311203002929688,3.0741427051614134,3.015475823340239,3.0741427051614134,1927000
1996-07-09,2.999831199645996,3.035031364316204,2.988097749256971,3.0311201520209066,3414000
1996-07-10,2.9959206581115723,3.0115651378016923,2.9528984322121974,2.9802761784214526,3917000
1996-07-11,2.9959206581115723,3.0232985908177366,2.992009631437497,2.992009631437497,1296000
1996-07-12,2.98809814453125,3.0037426227882023,2.9568091880173455,2.984187118215458,1200000
1996-07-15,2.9959206581115723,3.0076541111276165,2.9528984322121974,2.9802761784214526,2558000
1996-07-16,2.9763646125793457,3.0311202815757836,2.9489866848326898,2.992009089435471,3377000
1996-07-17,2.948986768722534,2.9724534846742796,2.8316530024669273,2.9685424585974287,5582000
1996-07-18,2.9255194664001465,2.9685418636036784,2.8981415433621094,2.933341703482894,2085000
1996-07-19,2.94116473197937,2.9528981840091704,2.8942312968539556,2.933342492791801,2348000
1996-07-22,2.933342456817627,2.9920093432533577,2.902053500451075,2.9920093432533577,863000
1996-07-23,2.8785858154296875,2.937252682142312,2.8590301310265365,2.937252682142312,3695000
1996-07-24,2.831653118133545,2.862942260510843,2.7182305598186143,2.862942260510843,6060000
1996-07-25,2.8238306045532227,2.855119743887733,2.8003638899249927,2.8160083663438127,2542000
1996-07-26,2.8394758701324463,2.8707648296110007,2.788631217731341,2.800364484287344,6639000
1996-07-29,2.831653118133545,3.0076537747061836,2.8277420918969374,2.85512002154074,4140000
1996-07-30,2.7651638984680176,2.8160083533460676,2.5735187834767346,2.8160083533460676,12399000
1996-07-31,2.7534303665161133,2.776897080341909,2.624363347225805,2.7064969388645217,2970000
1996-08-01,2.776897430419922,2.7925419082760543,2.737786235779591,2.776897430419922,1097000
1996-08-02,2.8042750358581543,2.835563987954708,2.745608157428684,2.835563987954708,822000
1996-08-05,2.827742576599121,2.8942317124903116,2.7768979213297493,2.7768979213297493,1454000
1996-08-06,2.9528980255126953,2.972453529183532,2.8199197799647204,2.8199197799647204,2350000
1996-08-07,2.8824970722198486,2.9294304947655574,2.85511933564994,2.8942305211046975,681000
1996-08-08,2.866853713989258,2.905964914668439,2.8551204470339613,2.8942316477131427,371000
1996-08-09,2.843386173248291,2.8746751247645914,2.8316527231812474,2.843386173248291,328000
1996-08-12,2.827742576599121,2.859031537842759,2.816009122884297,2.859031537842759,830000
1996-08-13,2.8199198246002197,2.835564302383273,2.7964531079256396,2.816008611906013,839000
1996-08-14,2.7847201824188232,2.827742597698297,2.776897942049548,2.8238313842651985,655000
1996-08-15,2.7847201824188232,2.7847201824188232,2.7847201824188232,2.7847201824188232,0
1996-08-16,2.7651638984680176,2.7964528511612388,2.7612526861329303,2.776897162479541,302000
1996-08-19,2.737786293029785,2.8551200659012466,2.690852858479957,2.8551200659012466,610000
1996-08-20,2.6204519271850586,2.761252385470171,2.600896427129557,2.7143189615407497,1982000
1996-08-21,2.7456085681915283,2.8160087209411446,2.6986751330251177,2.6986751330251177,785000
1996-08-22,2.733875036239624,2.8160086386285035,2.722141771039434,2.776897443799725,488000
1996-08-23,2.737786293029785,2.7495197449156876,2.722141814846509,2.722141814846509,862000
1996-08-26,2.7690749168395996,2.7768971549918127,2.7338747519062063,2.7456082023829604,1025000
1996-08-27,2.8160085678100586,2.8355642579810953,2.749519631521677,2.7534306576577543,905000
1996-08-28,2.8394758701324463,2.847298110002085,2.800364484287344,2.800364484287344,799000
1996-08-29,2.859030246734619,2.8903191938484962,2.812096826063804,2.8160078512046205,972000
1996-08-30,2.8824970722198486,2.8903193093108,2.8199191754922364,2.8199191754922364,557000
1996-09-02,2.898142099380493,2.9059643379639635,2.8590309064631416,2.8942310733371976,453000
1996-09-03,2.847297191619873,2.9685419637407993,2.808185818389959,2.9685419637407993,1064000
1996-09-04,2.859030246734619,2.862941458372272,2.8160078512046205,2.8160078512046205,746000
1996-09-05,2.8942313194274902,2.9255202764218042,2.8668533888090177,2.8746756280575965,1373000
1996-09-06,2.898142099380493,2.913786576547434,2.866853145046612,2.8864088347537273,570000
1996-09-09,2.8942313194274902,2.9098757979246472,2.878586840930333,2.9098757979246472,1236000
1996-09-10,2.9098756313323975,2.9137866574843305,2.8707644373286456,2.882497702281329,1502000
1996-09-11,2.9137861728668213,2.925519622364895,2.8864084348660706,2.925519622364895,1163000
1996-09-12,2.9059641361236572,2.9137863741638164,2.874675183963021,2.8942308723118515,671000
1996-09-13,2.9137861728668213,2.925519622364895,2.8903194603675266,2.8903194603675266,308000
1996-09-16,2.9059641361236572,2.925519824472488,2.866852945922862,2.866852945922862,641000
1996-09-17,2.945075750350952,2.9724534924511774,2.8942311057407046,2.909875583082799,647000
1996-09-18,2.9098756313323975,2.9294311350858315,2.8942311537308965,2.9137866574843305,413000
1996-09-19,2.8824970722198486,2.933341706559455,2.874674835128897,2.9137860205836543,264000
1996-09-20,2.859030246734619,2.8942304054861485,2.843385773177681,2.8746747202915577,282000
1996-09-23,2.847297191619873,2.862941666313099,2.796452555618464,2.847297191619873,594000
1996-09-24,2.835564374923706,2.8629423049928846,2.81991989674043,2.8238309230378036,605000
1996-09-25,2.8394758701324463,2.886409309350278,2.784720004548067,2.784720004548067,230000
1996-09-26,2.827742576599121,2.8355648169100305,2.8120980959773023,2.8238313631952066,322000
1996-09-27,2.8199198246002197,2.8551199928605326,2.7690751785568533,2.8199198246002197,905000
1996-09-30,2.8003642559051514,2.8199199472328487,2.7456085812832507,2.7456085812832507,414000
1996-10-01,2.8394758701324463,2.886409309350278,2.7534310450695125,2.800364484287344,1144000
1996-10-02,2.8394758701324463,2.8394758701324463,2.8394758701324463,2.8394758701324463,0
1996-10-03,2.780808687210083,2.8824977948867847,2.776897474435611,2.8824977948867847,660000
1996-10-04,2.8003642559051514,2.835564425696249,2.7456085812832507,2.7456085812832507,807000
1996-10-07,2.6986751556396484,2.776897548239159,2.6204525765432427,2.7534308304593056,1285000
1996-10-08,2.6634747982025146,2.7182304691671617,2.585252411110162,2.585252411110162,785000
1996-10-09,2.7025856971740723,2.792541525773774,2.632185556464382,2.792541525773774,664000
1996-10-10,2.741697072982788,2.7573415486962163,2.6986746715224297,2.7260524107724984,397000
1996-10-11,2.737786293029785,2.8160086839461655,2.722141814846509,2.7729864621906017,210000
1996-10-14,2.694763660430908,2.73778606510163,2.6830303960187227,2.73778606510163,249000
1996-10-15,2.7612528800964355,2.804275286320147,2.6595637767003417,2.6752082541458946,603000
1996-10-16,2.737786293029785,2.8081864448545275,2.6595639021134048,2.6595639021134048,300000
1996-10-17,2.749519109725952,2.7573413470105086,2.714318948697023,2.7182299740908777,303000
1996-10-18,2.776897430419922,2.804275359916597,2.737786235779591,2.7573419263481997,1006000
1996-10-21,2.776897430419922,2.776897430419922,2.776897430419922,2.776897430419922,0
1996-10-22,2.9255194664001465,2.9685418636036784,2.8551193326554207,2.929430491693099,859000
1996-10-23,3.0702311992645264,3.128898075479132,2.980275372134627,3.0428534604620734,1084000
1996-10-24,2.8942313194274902,3.0819652478902704,2.8668533888090177,3.050676290895956,821000
1996-10-25,2.94116473197937,2.948986971166939,2.8668533664490172,2.8785868184788175,297000
1996-10-28,2.9763646125793457,2.992009089435471,2.9333422079765645,2.941164446404627,613000
1996-10-29,2.9959206581115723,3.027209617491812,2.948987219041213,2.948987219041213,778000
1996-10-30,2.9959206581115723,2.9959206581115723,2.9959206581115723,2.9959206581115723,0
1996-10-31,2.948986768722534,3.0506760576769776,2.882497646944149,2.992009174549174,731000
1996-11-01,2.984187364578247,3.003742870765417,2.9333427127971716,2.9333427127971716,622000
1996-11-04,2.999831199645996,3.011564463538154,2.898141917930669,2.898141917930669,694000
1996-11-05,2.984187364578247,3.011565110539667,2.952898405481249,2.9880983912169183,571000
1996-11-06,2.984187364578247,2.9920096043524964,2.909875993474423,2.968542885029748,597000
1996-11-07,2.9724535942077637,2.992009284803276,2.9646313552689363,2.9646313552689363,389000
1996-11-08,2.984187364578247,3.003742870765417,2.972453911668419,2.9802761514426686,244000
1996-11-11,3.097609281539917,3.1093425454793238,3.011564475665548,3.027208951916003,447000
1996-11-12,3.097609281539917,3.097609281539917,3.097609281539917,3.097609281539917,0
1996-11-13,3.0741429328918457,3.128898606282663,3.0506762157243528,3.070231720115485,556000
1996-11-14,3.050675868988037,3.0936980856568073,3.035031392654508,3.0819648216550948,358000
1996-11-15,3.0467641353607178,3.070230845845902,3.0232974248755333,3.035030873366544,222000
1996-11-18,3.0350310802459717,3.0702310551246956,3.019386419025945,3.050675554969149,386000
1996-11-19,2.992009162902832,3.0506760458022755,2.9724534731040575,3.0389425946236353,532000
1996-11-20,2.9763646125793457,2.992009089435471,2.9528978972951583,2.9646311616888146,379000
1996-11-21,2.9763646125793457,3.01156459225719,2.9646311616888146,3.01156459225719,377000
1996-11-22,2.9763646125793457,2.988097876973002,2.9685423741512835,2.988097876973002,340000
1996-11-25,2.9763646125793457,3.035031494038252,2.8199196575212206,2.9685423741512835,1061000
1996-11-26,2.9763646125793457,2.992009089435471,2.9528978972951583,2.9646311616888146,406000
1996-11-27,2.9568090438842773,2.9724535213786214,2.9059643987792176,2.9724535213786214,149000
1996-11-28,2.9763646125793457,2.9841868510074083,2.929430995514096,2.9372534204390335,313000
1996-11-29,2.9724535942077637,3.050676170092926,2.956809116330109,3.050676170092926,144000
1996-12-02,2.9724535942077637,2.9802758331465915,2.9450758511703112,2.9724535942077637,248000
1996-12-03,2.9802756309509277,2.9841868434034304,2.917697723685882,2.917697723685882,580000
1996-12-04,2.9059641361236572,2.9294308502441346,2.88249742200318,2.898141898083498,355000
1996-12-05,2.9255194664001465,2.952897389438184,2.894230518069157,2.894230518069157,247000
1996-12-06,2.917698383331299,2.9646318243909913,2.9098761431546833,2.93334286368453,155000
1996-12-09,2.9137861728668213,2.9528975468624994,2.8981416978672914,2.925519622364895,173000
1996-12-10,2.9216089248657227,2.9372535891171516,2.8942311820437157,2.8981422082339083,385000
1996-12-11,2.9646313190460205,2.9724535578892732,2.9255201248297573,2.93334236367301,381000
1996-12-12,2.9528980255126953,2.9959202454866656,2.9176978578095527,2.9920092193512517,413000
1996-12-13,2.933342456817627,2.964631413184179,2.9137867658400864,2.917697978634351,230000
1996-12-16,2.984187364578247,3.003742870765417,2.9372539259327497,2.9920096043524964,526000
1996-12-17,3.038942813873291,3.050676265898461,2.9607204220284657,2.976364900397431,636000
1996-12-18,3.0115647315979004,3.089787305994645,2.9959202540179284,3.089787305994645,318000
1996-12-19,2.992009162902832,3.046764833243769,2.9724534731040575,3.011564666204727,246000
1996-12-20,3.038942813873291,3.0467650530577735,2.976364900397431,2.976364900397431,244000
1996-12-23,3.0663208961486816,3.074143135720616,3.0115650326482393,3.050676417004813,423000
1996-12-24,3.093698263168335,3.1249872176307036,3.0232981156280054,3.0702315473215585,596000
1996-12-25,3.093698263168335,3.093698263168335,3.093698263168335,3.093698263168335,0
1996-12-26,3.203209638595581,3.269698760799085,3.109342774188433,3.1288984641883633,574000
1996-12-27,3.203209638595581,3.203209638595581,3.203209638595581,3.203209638595581,0
1996-12-30,3.203209638595581,3.203209638595581,3.203209638595581,3.203209638595581,0
1996-12-31,3.0663208961486816,3.2814327641222283,3.050676417004813,3.207121208443499,893000
1997-01-01,3.2814323902130127,3.2814323902130127,3.1680098360956683,3.238409797724314,892000
1997-01-02,3.2266767024993896,3.359654953554127,3.2110322243161136,3.3244547843933105,996000
1997-01-03,3.246232271194458,3.281432439029318,3.2071208907126656,3.2423210585475255,496000
1997-01-06,3.2501440048217773,3.3440108854319086,3.2384103650001403,3.285343805305206,612000
1997-01-07,3.2931649684906006,3.3127206543639875,3.226675860317295,3.226675860317295,964000
1997-01-08,3.3870327472686768,3.422232916950603,3.3244548336091575,3.3244548336091575,960000
1997-01-09,3.41049861907959,3.437876354770341,3.363565198041014,3.363565198041014,900000
1997-01-10,3.6490774154663086,3.6490774154663086,3.4808990215658198,3.4808990215658198,1495000
1997-01-13,3.60996675491333,3.7977008739292777,3.5591224784443454,3.7977008739292777,1490000
1997-01-14,3.6021440029144287,3.6725443305068444,3.5395660997183813,3.609966054317072,1658000
1997-01-15,3.8563690185546875,3.8563690185546875,3.6373462329499326,3.6373462329499326,3326000
1997-01-16,3.617788076400757,4.126234042817979,3.586499128282191,3.98934461505399,3445000
1997-01-17,3.6138768196105957,3.77423276996872,3.422231921523749,3.422231921523749,2193000
1997-01-20,3.473076820373535,3.5982326208575053,3.453521133299488,3.5747660947636146,1152000
1997-01-21,3.359654664993286,3.4730772153286167,3.304898809557911,3.4730772153286167,2153000
1997-01-22,3.555210590362549,3.574766278441402,3.4026766709399685,3.520010426419359,1472000
1997-01-23,3.555210590362549,3.555210590362549,3.555210590362549,3.555210590362549,0
1997-01-24,3.555210590362549,3.56694385401237,3.5160992142048433,3.555210590362549,915000
1997-01-27,3.668632745742798,3.684277219953044,3.5591214262710733,3.5591214262710733,2722000
1997-01-28,3.8094334602355957,3.832900360798961,3.6373442237479297,3.668633175836596,2600000
1997-01-29,3.6803674697875977,3.9893462378942655,3.6529897222951826,3.9893462378942655,2714000
1997-01-30,3.6921002864837646,3.7155671907531573,3.606055841148167,3.680367020845963,1441000
1997-01-31,3.6021440029144287,3.911122679690206,3.5200104117211852,3.911122679690206,1780000
1997-02-03,3.4926328659057617,3.539566295904153,3.449610275328594,3.531743871074215,1829000
1997-02-04,3.566943407058716,3.625610463944035,3.4652541401857735,3.4652541401857735,3357000
1997-02-05,3.5982325077056885,3.7155662534665286,3.59041045691827,3.707743829685415,1191000
1997-02-06,3.6138768196105957,3.629521293474957,3.5669433980175116,3.598232345746234,589000
1997-02-07,3.5982325077056885,3.625610617945892,3.582588033137156,3.59041045691827,649000
1997-02-10,3.60996675491333,3.6295224467057534,3.5786777972429715,3.5786777972429715,689000
1997-02-11,3.6490774154663086,3.6960108426724094,3.5982327760779347,3.5982327760779347,1291000
1997-02-12,3.6999223232269287,3.7116555876310904,3.637344415746399,3.676455421424855,1218000
1997-02-13,3.6647226810455322,3.7038340653103408,3.6569006279888527,3.676455947127453,685000
1997-02-14,3.668632745742798,3.6881884317540274,3.6568994833335347,3.6764547963510776,697000
1997-02-17,3.688188314437866,3.719477261863101,3.6608102056955296,3.715566050186528,713000
1997-02-18,3.6334333419799805,3.688189199612522,3.6177888645126495,3.6686335095299167,1045000
1997-02-19,3.6725454330444336,3.6764562734229695,3.6373452586807558,3.649078525804036,689000
1997-02-20,3.6021440029144287,3.66863311830866,3.5982327907162444,3.66863311830866,739000
1997-02-21,3.5708563327789307,3.6334342584321306,3.4417892678707402,3.5943228684019513,819000
1997-02-24,3.4887218475341797,3.5904111380168784,3.4535216798291097,3.5317440675105063,757000
1997-02-25,3.4809000492095947,3.512189009917568,3.426144554467559,3.4496110885016216,930000
1997-02-26,3.5239219665527344,3.5356552312943954,3.4535216321152458,3.4535216321152458,580000
1997-02-27,3.660810708999634,3.6764551848631215,3.5278328506568526,3.5278328506568526,1051000
1997-02-28,3.7898783683776855,3.8759231866600015,3.676455805957547,3.8329009640157383,1567000
1997-03-03,4.149701118469238,4.341346417387078,4.0558342616485,4.087123213922079,5822000
1997-03-04,4.153613090515137,4.204457740508449,4.067568269526932,4.153613090515137,3289000
1997-03-05,4.302234649658203,4.443034922096558,4.263123276372922,4.302234649658203,5501000
1997-03-06,4.270946025848389,4.294412553213708,4.1536122700406075,4.2240125981240215,2469000
1997-03-07,4.270946025848389,4.270946025848389,4.270946025848389,4.270946025848389,0
1997-03-10,4.04019021987915,4.243568804516713,4.001078838835381,4.192724158357322,4684000
1997-03-11,3.961968183517456,4.145791093998797,3.9189459589340814,4.028457313415094,3349000
1997-03-12,4.126235008239746,4.165346016041976,4.051923459326098,4.137968273281038,2118000
1997-03-13,4.048011302947998,4.1653446611835285,4.012811146279879,4.137966927327725,952000
1997-03-14,4.04019021987915,4.067567962813524,3.9658790434885165,4.008901264241644,1256000
1997-03-17,4.0245442390441895,4.059744394238891,3.9971665063343704,4.032366661529071,996000
1997-03-18,3.9541451930999756,4.0323679509881085,3.9228562391422237,4.028456738494951,1791000
1997-03-19,3.879833459854126,4.040189418955981,3.8641889851367184,4.012811681448942,919000
1997-03-20,3.864189624786377,3.907211844132407,3.813344980289927,3.8407227223288767,696000
1997-03-21,3.8563690185546875,3.9345918149788934,3.8368136924425724,3.9072136870328467,632000
1997-03-24,3.8563690185546875,3.8563690185546875,3.8563690185546875,3.8563690185546875,0
1997-03-25,3.8016109466552734,3.8876553679442383,3.7742328371599796,3.844633157299756,1130000
1997-03-26,3.9033000469207764,3.911122470899554,3.813344409127065,3.8720110969930763,727000
1997-03-27,3.911123275756836,3.9306789667343764,3.8485453630237316,3.903300850168307,605000
1997-03-28,3.911123275756836,3.911123275756836,3.911123275756836,3.911123275756836,0
1997-03-31,3.5356554985046387,3.6960114964035085,3.5200110200021584,3.637344795267655,1259000
1997-04-01,3.6334333419799805,3.6529890320625857,3.402677019591523,3.5200107870933888,1370000
1997-04-02,3.8289895057678223,3.8524564085205495,3.7038336857366523,3.7038336857366523,899000
1997-04-03,3.9385018348693848,3.950235475681847,3.8329016785142347,3.840723732728684,1245000
1997-04-04,3.911123275756836,3.9306789667343764,3.872011893801755,3.911123275756836,1721000
1997-04-07,3.93458890914917,3.989344378614586,3.8798330666900926,3.8915663282907302,1922000
1997-04-08,3.93458890914917,3.93458890914917,3.93458890914917,3.93458890914917,0
1997-04-09,4.083212852478027,4.10667975806999,3.9971684022930565,4.028457361086466,1411000
1997-04-10,3.961968183517456,4.040190579575323,3.899390266671163,4.028457313415094,1469000
1997-04-11,4.0597453117370605,4.0871230506342195,3.8407222815786324,3.9189450321311754,2478000
1997-04-14,4.0597453117370605,4.0597453117370605,4.0597453117370605,4.0597453117370605,0
1997-04-15,4.0558342933654785,4.079301194251043,3.9893451760157386,4.044101029419564,1485000
1997-04-16,4.0558342933654785,4.0558342933654785,4.0558342933654785,4.0558342933654785,0
1997-04-17,4.290501594543457,4.341346233077879,4.118411991350996,4.118411991350996,5272000
1997-04-18,4.290501594543457,4.290501594543457,4.290501594543457,4.290501594543457,0
1997-04-21,4.489969253540039,4.536903060163867,4.38436912112086,4.536903060163867,3718000
1997-04-22,4.521259307861328,4.576014802720029,4.4391256925794425,4.5447258419453895,3368000
1997-04-23,4.466502666473389,4.556458319872964,4.458680241137546,4.556458319872964,2521000
1997-04-24,4.458679676055908,4.57210221809436,4.4430352003607325,4.489968627446259,2240000
1997-04-25,4.435213565826416,4.446946830452046,4.400013398955769,4.439124778366212,1157000
1997-04-28,4.462593078613281,4.49388204536127,4.380459447651335,4.435215325957268,2217000
1997-04-29,4.466502666473389,4.4782359314833835,4.431302498449635,4.439124923785478,2392000
1997-04-30,4.552546501159668,4.712902456121708,4.501701866392294,4.6972579818081845,4123000
1997-05-01,4.552546501159668,4.552546501159668,4.552546501159668,4.552546501159668,0
1997-05-02,4.536902904510498,4.556458221440114,4.458680144816989,4.556458221440114,2363000
1997-05-05,4.532989978790283,4.540812028007218,4.482145353402536,4.497789824830026,1971000
1997-05-06,4.536902904510498,4.560369434023542,4.497791524663744,4.517347214587121,2583000
1997-05-07,4.536902904510498,4.572102698780063,4.505613949830599,4.536902904510498,890000
1997-05-08,4.853704452514648,4.853704452514648,4.536903641658967,4.540814481884061,9226000
1997-05-09,4.86934757232666,5.143126080285971,4.791125194765959,5.00232580067671,10588000
1997-05-12,4.626858711242676,4.88499278251162,4.576014064933069,4.849792614066987,5296000
1997-05-13,4.708992958068848,4.763748824590678,4.59165917151854,4.615126078026131,4198000
1997-05-14,4.724636554718018,4.841970319330614,4.49779145053075,4.810681365166423,3162000
1997-05-15,4.693346977233887,4.724635927242616,4.630769077216428,4.712902664237769,1704000
1997-05-16,4.681615829467773,4.716816007380097,4.642504437788774,4.662060133628273,1196000
1997-05-19,4.646413326263428,4.712902435047006,4.634680063829175,4.693346748994126,957000
1997-05-20,4.708992958068848,4.884993451397397,4.556458998254064,4.658148304797253,5456000
1997-05-21,4.615124702453613,4.841969781440881,4.595569015024977,4.841969781440881,4213000
1997-05-22,4.513434886932373,4.630768624490867,4.497790413457485,4.595568465923952,2519000
1997-05-23,4.497790813446045,4.532990975143311,4.466501863713742,4.532990975143311,1623000
1997-05-26,4.466502666473389,4.529080577185053,4.458680241137546,4.47041387914131,1162000
1997-05-27,4.325702667236328,4.482147454860476,4.302235762595808,4.450858497335647,2458000
1997-05-28,4.2787675857543945,4.380456853971839,4.216189689310948,4.380456853971839,1732000
1997-05-29,4.3726348876953125,4.38045693840467,4.227923406132121,4.251389931253887,2128000
1997-05-30,4.4273905754089355,4.45476868669781,4.333523724402332,4.376545937865265,1537000
1997-06-02,4.638591289520264,4.7089916159848,4.458679634217119,4.458679634217119,3272000
1997-06-03,4.7833027839660645,4.88108084944037,4.583835813873707,4.638591291823338,4629000
1997-06-04,4.998413562774658,5.1001028192317355,4.888902256663613,5.084458346930157,19944000
1997-06-05,4.955392837524414,5.010148693434043,4.939748360549342,5.006237480941836,5280000
1997-06-06,4.955392837524414,4.974948526991692,4.904548194106992,4.928015096066476,4451000
1997-06-09,4.991042613983154,5.0544208705298015,4.979158907557503,5.0544208705298015,2834000
1997-06-10,5.0266923904418945,5.038576096372203,4.98311993532334,5.002925734109661,2240000
1997-06-11,5.058382987976074,5.08611088560877,5.014810145679813,5.030654712579106,4600000
1997-06-12,5.082149982452393,5.094033313964453,5.042538373726459,5.058383319428271,4106000
1997-06-13,5.137606143951416,5.216828983405147,5.054422068083923,5.0940332989286405,12038000
1997-06-16,5.074227809906006,5.161372743349887,5.03857743814974,5.109877803897979,3420000
1997-06-17,5.165333271026611,5.181177836548364,5.07818797177485,5.07818797177485,3970000
1997-06-18,5.113838195800781,5.208905586275889,5.086110301353266,5.200983492618412,3887000
1997-06-19,5.090072154998779,5.105916722001495,5.04253807622636,5.070266351804317,1863000
1997-06-20,5.038577556610107,5.101955828882739,5.030655083693879,5.097994592424625,2051000
1997-06-23,4.975198268890381,5.050459857412027,4.959353704056127,5.042537386112789,2801000
1997-06-24,4.987082004547119,4.991043240519599,4.931625834225167,4.95935410826827,2047000
1997-06-25,4.903898239135742,4.991043547061347,4.880131199605386,4.991043547061347,3384000
1997-06-26,4.923704624176025,4.943510052066303,4.88805424955061,4.903898818521426,1861000
1997-06-27,4.895975589752197,5.030654594106623,4.8880534953712536,5.030654594106623,2000000
1997-06-30,4.9514312744140625,4.967275839381618,4.856363884608727,4.8722084495762825,2224000
1997-07-01,5.094032287597656,5.109876852342741,4.931625404519478,4.991042805636713,4935000
1997-07-02,5.165333271026611,5.256439806099871,5.070265877896093,5.070265877896093,10330000
1997-07-03,5.086110591888428,5.189100459668358,5.0346156579984624,5.149488855825539,3480000
1997-07-04,5.16137170791626,5.212866637037662,5.050459756297051,5.1296825788822,5028000
1997-07-07,5.121760368347168,5.248516881583893,5.090071240037987,5.16929406081094,6201000
1997-07-08,5.181177616119385,5.208905510161732,5.109876885422808,5.149488486424067,9052000
1997-07-09,5.545602798461914,5.545602798461914,5.197022005798317,5.20890533459247,5919000
1997-07-10,5.696126461029053,5.862494578495871,5.644631531549874,5.822882978045974,8058000
1997-07-11,5.605020999908447,5.73177791886057,5.482225695073807,5.664438411913461,4157000
1997-07-14,5.458457946777344,5.58521484928957,5.4386521453444105,5.58521484928957,3626000
1997-07-15,5.486186504364014,5.521836495474759,5.4267690969842475,5.482225268319176,3200000
1997-07-16,5.569370269775391,5.616903966437074,5.509952865625105,5.545603232562428,2480000
1997-07-17,5.644632339477539,5.664438142537333,5.565409505002639,5.6129432056875785,2634000
1997-07-18,5.644632339477539,5.644632339477539,5.644632339477539,5.644632339477539,0
1997-07-21,5.573330879211426,5.601059151016949,5.505991384170366,5.569370021322829,2014000
1997-07-22,5.799116134643555,5.862494391126401,5.565408530539903,5.585214330131844,3692000
1997-07-23,5.91002893447876,6.01301880497509,5.822883630384614,5.941718067283128,3767000
1997-07-24,5.87041711807251,5.929834523263013,5.838727986409941,5.9100287215328455,1911000
1997-07-25,5.862494945526123,5.882300746991043,5.783272117430684,5.862494945526123,1806000
1997-07-28,5.866457462310791,5.886262890335977,5.803078808231492,5.862496225600024,1572000
1997-07-29,5.803077697753906,5.882300905751787,5.727816103473022,5.8228834997533765,1705000
1997-07-30,5.84665060043335,5.882300968862032,5.807038996009422,5.850611836428594,3362000
1997-07-31,5.866457462310791,5.886262890335977,5.8466516565212805,5.862496225600024,1262000
1997-08-01,5.921912670135498,5.941718473934805,5.838728596389839,5.874378967675734,2393000
1997-08-04,5.945679187774658,5.9892516500928,5.866456357303376,5.874378451468377,2048000
1997-08-05,6.028863906860352,6.092242178098341,5.921912790823022,5.941718595025968,3385000
1997-08-06,6.064513206481934,6.139774795827429,5.981329145750477,6.080357771489629,807000
1997-08-07,5.961523056030273,6.0130179842498235,5.90210565680885,5.941717256289799,1917000
1997-08-08,5.91002893447876,5.969445964045886,5.862495235272205,5.933795595199905,2587000
1997-08-11,5.882299900054932,5.913989026730493,5.854571630890675,5.910027791455001,2085000
1997-08-12,5.704049110412598,5.898145518217874,5.672359978069748,5.862495149891104,886000
1997-08-13,5.648592472076416,5.846649708451347,5.624825437495177,5.708009491883216,813000
1997-08-14,5.704049110412598,5.715932818364358,5.608981713384048,5.608981713384048,983000
1997-08-15,5.704049110412598,5.704049110412598,5.704049110412598,5.704049110412598,0
1997-08-18,5.644632339477539,5.684243945597125,5.624826536417745,5.648593575642352,644000
1997-08-19,5.605020999908447,5.660477175560269,5.565409769669395,5.640671371558597,1096000
1997-08-20,5.509953022003174,5.553525861836206,5.3475461260254225,5.553525861836206,610000
1997-08-21,5.505990982055664,5.53371925183613,5.406962364552762,5.525796781109084,559000
1997-08-22,5.177217960357666,5.533721344867687,5.149490057853811,5.486187635819219,1001000
1997-08-25,5.157411575317383,5.363390943002472,4.9633151604857115,5.363390943002472,642000
1997-08-26,5.1059160232543945,5.228711306279771,5.090071458420017,5.208905505795743,793000
1997-08-27,5.20890474319458,5.288127933532155,5.1415652580661435,5.149487728205568,715000
1997-08-28,5.280206680297852,5.307934576647823,5.149488914984763,5.153450150967403,926000
1997-08-29,5.434691905975342,5.545603877756472,5.129683511371879,5.129683511371879,3200000
1997-09-01,5.391118049621582,5.498069142786503,5.236633640957871,5.4663800139445,2084000
1997-09-02,5.339622497558594,5.466379375895449,5.307933372415422,5.4267677805844,793000
1997-09-03,5.474303245544434,5.581254360947693,5.426769542397749,5.44261411011331,986000
1997-09-04,5.379234790802002,5.624825731408023,5.351506897145195,5.545602908271277,471000
1997-09-05,5.5574870109558105,5.585215286236876,5.339623933677982,5.490147507474222,1115000
1997-09-08,5.640671253204346,5.7040495224684395,5.505992242136004,5.605020882302222,1499000
1997-09-09,5.569370269775391,5.719893453655267,5.505991629795572,5.7000880300360794,1017000
1997-09-10,5.513914585113525,5.5654095221216755,5.4267692780409424,5.50599211275953,541000
1997-09-11,5.5218353271484375,5.557485688480435,5.505990764085792,5.525796562355144,487000
1997-09-12,5.478263854980469,5.545603354506328,5.446574723175858,5.446574723175858,640000
1997-09-15,5.458457946777344,5.513914115236708,5.391118448563916,5.458457946777344,473000
1997-09-16,5.502030372619629,5.541641594748894,5.426768408374862,5.426768408374862,1088000
1997-09-17,5.478263854980469,5.502030892716051,5.454497195009135,5.454497195009135,406000
1997-09-18,5.40300178527832,5.490146701179749,5.268322798094382,5.268322798094382,2277000
1997-09-19,5.466381072998047,5.478264404175015,5.3990415667214195,5.406963661584636,799000
1997-09-22,5.399040222167969,5.458457241020138,5.3554677668606585,5.406962315058301,935000
1997-09-23,5.375273704528809,5.406962834663828,5.347545810101723,5.387157411652613,751000
1997-09-24,5.375273704528809,5.490146895709313,5.367351610877168,5.426768635439273,290000
1997-09-25,5.347546100616455,5.387157704319313,5.339623628770183,5.347546100616455,175000
1997-09-26,5.3871564865112305,5.406961906121243,5.311894532042191,5.347544891762877,360000
1997-09-29,5.751583576202393,5.814961845180224,5.387158151815583,5.387158151815583,2502000
1997-09-30,5.759504795074463,5.933795008258577,5.406962755292225,5.549564216570724,2435000
1997-10-01,5.5574870109558105,5.597098616920606,5.458458373808095,5.545603680272081,840000
1997-10-02,5.5574870109558105,5.5574870109558105,5.5574870109558105,5.5574870109558105,0
1997-10-03,5.5574870109558105,5.5574870109558105,5.5574870109558105,5.5574870109558105,0
1997-10-06,5.5574870109558105,5.5574870109558105,5.5574870109558105,5.5574870109558105,0
1997-10-07,5.5574870109558105,5.5574870109558105,5.5574870109558105,5.5574870109558105,0
1997-10-08,5.5574870109558105,5.5574870109558105,5.5574870109558105,5.5574870109558105,0
1997-10-09,5.715932369232178,5.783271864610564,5.513913883097017,5.56144757787631,1295000
1997-10-10,5.711971759796143,5.862495331982119,5.6644380598054545,5.7159329959031,1286000
1997-10-13,5.648592472076416,5.783271453253641,5.59709754528723,5.743659854872975,848000
1997-10-14,5.601058483123779,5.70404795346667,5.577291449805156,5.5852139201660895,1121000
1997-10-15,5.696126461029053,5.731776825881116,5.632748202520593,5.640670295952041,838000
1997-10-16,6.12393045425415,6.175425386849033,5.715932607096839,5.783272105277513,5913000
1997-10-17,6.104125499725342,6.2427657511593315,5.961524389668551,6.17938748002298,6951000
1997-10-20,6.7181010246276855,6.7181010246276855,6.04470688134223,6.167502155057088,9592000
1997-10-21,6.7814812660217285,6.991421488955566,6.555695343285135,6.741869660864684,7487000
1997-10-22,6.634919166564941,6.924082626527177,6.583424603973438,6.892393490579653,4225000
1997-10-23,6.468550205230713,6.694335365069211,6.282376271492095,6.690374129129948,5093000
1997-10-24,6.496278762817383,6.634919012695848,6.2704935799863355,6.357638512938918,3129000
1997-10-27,6.417054653167725,6.496277093072377,6.385365526100187,6.417054653167725,1284000
1997-10-28,6.1952314376831055,6.385366610131403,6.02490206745546,6.385366610131403,3832000
1997-10-29,6.567577838897705,6.733945945417387,6.171463371520211,6.171463371520211,2322000
1997-10-30,6.424978733062744,6.567580235116695,6.40121206789664,6.567580235116695,1241000
1997-10-31,6.424978733062744,6.424978733062744,6.424978733062744,6.424978733062744,0
1997-11-03,6.357637405395508,6.472510972734895,6.29822038166375,6.472510972734895,784000
1997-11-04,6.318027019500732,6.417056035118511,6.21107628705637,6.361599484161136,1064000
1997-11-05,6.1635422706604,6.298220893923967,6.139775232576092,6.298220893923967,1000000
1997-11-06,6.159581661224365,6.175426228970826,6.06055301836791,6.100164248851916,706000
1997-11-07,6.12393045425415,6.298220675697857,6.080357993334284,6.298220675697857,482000
1997-11-10,5.973407745361328,6.112047997359213,5.961524413916003,6.100164288149592,827000
1997-11-11,5.969445705413818,6.020940638430915,5.913989914290979,5.961523611438088,881000
1997-11-12,5.929834842681885,5.989251873308722,5.921912370457363,5.9536015038269126,706000
1997-11-13,5.807040214538574,5.874379729530986,5.743661936372618,5.842690590448008,1861000
1997-11-14,5.807040214538574,5.807040214538574,5.807040214538574,5.807040214538574,0
1997-11-17,5.704049110412598,5.822883545580414,5.6406708457268975,5.747621950707209,1241000
1997-11-18,5.696126461029053,5.723854354685449,5.644631531549874,5.711971025656168,1001000
1997-11-19,5.537682056427002,5.581254905217126,5.399042169837112,5.406964265585288,1081000
1997-11-20,5.565408706665039,5.585214506883762,5.315856530543249,5.315856530543249,566000
1997-11-21,5.624826431274414,5.664438036653552,5.505991992901266,5.553526070461937,573000
1997-11-24,5.533719539642334,5.605019891073068,5.513913739558824,5.605019891073068,714000
1997-11-25,5.795156002044678,5.858534270589002,5.505992179605855,5.545603786328196,817000
1997-11-26,5.688205242156982,5.743661419443308,5.636710301340602,5.743661419443308,663000
1997-11-27,5.7357378005981445,5.775349401855251,5.545603021198179,5.656514975848159,1011000
1997-11-28,5.620863437652588,5.680280827142671,5.553524333986464,5.672358357438334,542000
1997-12-01,5.597097396850586,5.71593181107686,5.4861854531960175,5.5535249419987665,1030000
1997-12-02,5.537682056427002,5.605021570225985,5.505992917905637,5.569371572712696,698000
1997-12-03,5.553525447845459,5.688204059954063,5.545602976552129,5.5852145774903335,344000
1997-12-04,5.537682056427002,5.545604529939508,5.426770071602224,5.474303779384272,706000
1997-12-05,5.589176654815674,5.664438637466028,5.466381345091442,5.466381345091442,2568000
1997-12-08,5.767427444458008,5.902106060831255,5.585214754348042,5.585214754348042,790000
1997-12-09,5.628788948059082,5.783273790869865,5.573332763463437,5.783273790869865,2782000
1997-12-10,5.624826431274414,5.656515564472017,5.561448164879206,5.656515564472017,426000
1997-12-11,5.597097396850586,5.632747758894887,5.509952109382759,5.581252833471361,413000
1997-12-12,5.561448574066162,5.767428332769939,5.513914870772435,5.767428332769939,317000
1997-12-15,5.601058483123779,5.608980575720534,5.545602323889777,5.5852139201660895,191000
1997-12-16,5.612943649291992,5.692166490028064,5.553526613181014,5.55748747189459,549000
1997-12-17,5.727817535400391,5.743662105408184,5.6565167814831465,5.6565167814831465,427000
1997-12-18,6.0050950050354,6.100162382427053,5.704047932197655,5.704047932197655,2453000
1997-12-19,6.001134872436523,6.100163503188045,5.862495016042941,5.961523646794463,637000
1997-12-22,6.1635422706604,6.218998063250029,6.020940797683059,6.020940797683059,1084000
1997-12-23,6.298220634460449,6.337832237047693,6.175425346415624,6.179386582227196,813000
1997-12-24,6.191270351409912,6.258609853930049,6.080358385162032,6.179387020895849,723000
1997-12-25,6.191270351409912,6.191270351409912,6.191270351409912,6.191270351409912,0
1997-12-26,6.266531944274902,6.417055893588365,6.195231583472637,6.199192441798571,486000
1997-12-29,6.341793537139893,6.417055507265665,6.2189978700861674,6.290298604360217,557000
1997-12-30,6.207115173339844,6.726025034381858,6.1793872750783825,6.492317383994453,569000
1997-12-31,6.377444744110107,6.488356340450149,6.199192884951345,6.218998689053907,704000
1998-01-01,6.397249698638916,6.448745012166274,6.298221063193953,6.298221063193953,403000
1998-01-02,6.405172348022461,6.535890120205428,6.357638269261132,6.456666907446063,543000
1998-01-05,6.3299102783203125,6.4566668124474536,6.310104853186148,6.4566668124474536,512000
1998-01-06,6.199192523956299,6.333871530693859,6.151658823536737,6.258609932803954,840000
1998-01-07,6.1873087882995605,6.337832351991057,6.1397750909913364,6.258609523144019,551000
1998-01-08,6.108084201812744,6.218996130282991,6.020938926275481,6.179384916139972,1019000
1998-01-09,5.981329441070557,6.060552270020553,5.882300810442,6.028863138440554,768000
1998-01-12,5.601058483123779,5.9337943052352555,5.545602323889777,5.862493960807742,887000
1998-01-13,5.704049110412598,5.743660714723288,5.624826279555473,5.692165780225093,872000
1998-01-14,5.795156002044678,6.060552784897241,5.6763215596419325,6.060552784897241,675000
1998-01-15,5.759504795074463,5.822883054414141,5.67632073525008,5.8189218187643545,341000
1998-01-16,6.298220634460449,6.337832237047693,5.731777135153995,5.771388359976999,3932000
1998-01-19,6.246726036071777,6.337832192512308,6.1001633341874015,6.183347396824695,1653000
1998-01-20,6.222959041595459,6.282376067699994,5.961523522312719,5.961523522312719,1747000
1998-01-21,6.409133434295654,6.650763547583992,6.100163818395577,6.179387029301813,3380000
1998-01-22,6.238803386688232,6.377443613053662,6.215036350427447,6.33783201187376,1379000
1998-01-23,6.183347702026367,6.258609674575252,6.10412487126248,6.226920542269697,648000
1998-01-26,6.183347702026367,6.183347702026367,6.183347702026367,6.183347702026367,0
1998-01-27,5.953601360321045,6.1793869023420696,5.941718030034967,6.159581100022434,1324000
1998-01-28,5.826845169067383,6.060552818961368,5.751583569189051,5.941718375890698,851000
1998-01-29,5.672359466552734,5.803077220120305,5.664437373063541,5.743660196776581,1889000
1998-01-30,5.7357378005981445,5.8387276616552395,5.704048670698151,5.747621507633812,1641000
1998-02-02,5.7000885009765625,5.811000469017355,5.58521529677896,5.803077996703733,850000
1998-02-03,5.486186504364014,5.747622039095051,5.406963294524325,5.743660803050215,1838000
1998-02-04,5.502030372619629,5.644631452260568,5.406962608428122,5.644631452260568,3073000
1998-02-05,5.343585968017578,5.521837465956667,5.3118968296179325,5.466381662639451,1189000
1998-02-06,5.347546100616455,5.50599175989939,5.248517469123557,5.307934496913596,3509000
1998-02-09,5.35150671005249,5.403001637732128,5.307933875527455,5.3871570736587175,526000
1998-02-10,4.927664756774902,5.513914477812558,4.903898095703963,5.3118959698882415,3735000
1998-02-11,4.9672770500183105,5.292090899899732,4.872209637042917,5.224751387934415,3248000
1998-02-12,4.987082004547119,5.030654466951633,4.872208805694989,4.931625834225167,1104000
1998-02-13,4.979159355163574,5.0504600890703,4.9593539315354755,5.010848486285621,2619000
1998-02-16,4.979159355163574,4.979159355163574,4.979159355163574,4.979159355163574,0
1998-02-17,5.006886959075928,5.18117715695427,4.991042395632443,5.0663039775479515,2629000
1998-02-18,5.1257219314575195,5.181178102512493,4.919742569101242,5.038577005496609,3363000
1998-02-19,5.169295310974121,5.288129759755056,5.125722465688009,5.149489506549916,2463000
1998-02-20,5.1257219314575195,5.216828471207529,5.105916506861841,5.1732560082270735,1524000
1998-02-23,5.371313095092773,5.406963084820871,5.117799664519402,5.121760900410607,2695000
1998-02-24,5.422807216644287,5.486185852538741,5.31981773606476,5.426768452218481,3116000
1998-02-25,5.692166328430176,5.704049659762149,5.426769536175597,5.426769536175597,1518000
1998-02-26,5.605020999908447,5.783272858159199,5.565409769669395,5.704049642152514,1543000
1998-02-27,5.620863437652588,5.6961253887871965,5.585213457275515,5.640669234149282,1347000
1998-03-02,5.767427444458008,5.783272009782168,5.632748450320524,5.684243382065105,2270000
1998-03-03,5.462419509887695,5.818922445982746,5.387157913250478,5.818922445982746,2468000
1998-03-04,5.775350570678711,5.818923038668403,5.5218371024081225,5.585215752798997,2108000
1998-03-05,5.727817535400391,5.771390008480736,5.704050491506527,5.704050491506527,1553000
1998-03-06,5.7000885009765625,5.779311335291414,5.63670985576041,5.775350099134603,1261000
1998-03-09,5.719893455505371,5.775349623844059,5.688204324387333,5.731777162997817,816000
1998-03-10,5.636709213256836,5.747621546419493,5.61690379025886,5.7119711806003695,1242000
1998-03-11,5.672359466552734,5.739698961149873,5.6050199719555955,5.735737725523166,647000
1998-03-12,5.601058483123779,5.696125860869915,5.577291449805156,5.696125860869915,369000
1998-03-13,5.601058483123779,5.601058483123779,5.601058483123779,5.601058483123779,0
1998-03-16,5.660476207733154,5.743660268105947,5.585214618712164,5.711971138227191,495000
1998-03-17,5.517875671386719,5.656515533936758,5.48618653836018,5.624826400910219,764000
1998-03-18,5.5574870109558105,5.708010584752051,5.545603680272081,5.708010584752051,1246000
1998-03-19,5.573330879211426,5.68424321090507,5.561447550017187,5.664437410405189,642000
1998-03-20,5.826845169067383,5.973407510340973,5.545603817497985,5.545603817497985,4119000
1998-03-23,5.787232875823975,5.937756435494578,5.743660415563103,5.937756435494578,267000
1998-03-24,5.803077697753906,6.020940764219575,5.7634664715192185,6.01697952826683,3742000
1998-03-25,6.060553073883057,6.092242209666254,5.894184922139123,5.961524430119492,2228000
1998-03-26,5.838726997375488,6.0843179150413516,5.78327121524189,6.060551259202433,2154000
1998-03-27,5.84665060043335,5.878339732866788,5.7119715987091055,5.818922326230898,908000
1998-03-30,5.727817535400391,5.9258748493799835,5.704050491506527,5.9258748493799835,766000
1998-03-31,5.569370269775391,5.75554382059259,5.553525704221496,5.660476427269224,1788000
1998-04-01,5.767427444458008,5.83080570575465,5.525797351059263,5.525797351059263,604000
1998-04-02,5.822883129119873,5.981329157266103,5.727815738890672,5.783271905406487,1915000
1998-04-03,5.882299900054932,5.917949884241797,5.783271284752756,5.78723214226406,881000
1998-04-06,6.3101043701171875,6.444783366199083,5.902106146042213,5.94171774880662,4969000
1998-04-07,6.2546491622924805,6.4130952199175715,6.139775949952331,6.329910765785281,2811000
1998-04-08,6.2546491622924805,6.2546491622924805,6.2546491622924805,6.2546491622924805,0
1998-04-09,6.218997955322266,6.37744399168464,6.139775126023204,6.337832388152984,2662000
1998-04-10,6.171463489532471,6.306142471458454,6.139774361757439,6.218997181195017,1455000
1998-04-13,5.977367877960205,6.274453753582368,5.94171751244327,6.123930197935432,2352000
1998-04-14,5.977367877960205,5.977367877960205,5.977367877960205,5.977367877960205,0
1998-04-15,6.318027019500732,6.405172326585813,6.167503444631693,6.179387153164391,3147000
1998-04-16,6.171463489532471,6.417054796435265,6.147696832583297,6.369520727008517,1466000
1998-04-17,6.12789249420166,6.218998663833971,6.009058047832493,6.187309528504098,1073000
1998-04-20,6.036785125732422,6.199192016649874,6.02094056022253,6.179386593085689,1315000
1998-04-21,6.199192523956299,6.274454499610474,5.989251919328834,5.989251919328834,2649000
1998-04-22,6.472510814666748,6.821091232767747,6.424976743525124,6.476472050222585,6647000
1998-04-23,6.278415203094482,6.575501088835276,6.21899779928778,6.456666281221873,3071000
1998-04-24,6.246726036071777,6.337832192512308,5.949640152047762,6.266531459461989,2395000
1998-04-27,6.147696495056152,6.3378312512673665,6.104123663434613,6.171463150700464,2550000
1998-04-28,6.1873087882995605,6.2506870513771915,5.98925152729984,6.028863130605482,3805000
1998-04-29,6.040747165679932,6.448745442958766,5.969446422511924,6.250687781073823,3597000
1998-04-30,6.084319114685059,6.100163680956468,5.9417180182423746,6.040746651879747,1893000
1998-05-01,6.084319114685059,6.084319114685059,6.084319114685059,6.084319114685059,0
1998-05-04,6.096203804016113,6.258610728881723,6.020941818788824,6.215037881298244,1507000
1998-05-05,6.100163459777832,6.139775062902254,6.020940631293232,6.131852591171672,1330000
1998-05-06,6.028863906860352,6.215037484180873,6.020941434073455,6.179387489932725,968000
1998-05-07,6.028863906860352,6.028863906860352,6.028863906860352,6.028863906860352,0
1998-05-08,5.862494945526123,6.092241335885017,5.71989347719009,6.092241335885017,3061000
1998-05-11,6.04866886138916,6.100163416213216,5.743660501696379,5.8228833296152045,3243000
1998-05-12,5.795156002044678,5.957562909630576,5.446575147286621,5.941718342494496,3687000
1998-05-13,5.605020999908447,5.902106926640647,5.549565202020916,5.783272858159199,1479000
1998-05-14,5.84665060043335,5.941717997733667,5.399041132605703,5.474302727694056,3505000
1998-05-15,5.791194915771484,5.941718496343912,5.62878800398037,5.933796023688594,1823000
1998-05-18,5.751583576202393,5.822883939920312,5.715933205461292,5.771389001934754,840000
1998-05-19,5.7634663581848145,5.803077583640577,5.684243529509046,5.743660556574811,3111000
1998-05-20,5.89814567565918,5.9100290061638905,5.763466670724904,5.822883701012724,1150000
1998-05-21,5.7357378005981445,5.937756287033778,5.684243247833824,5.921911722083781,1002000
1998-05-22,5.739698886871338,5.779310487097347,5.632748170683859,5.743660122446782,668000
1998-05-25,5.652554512023926,5.727816106342514,5.632748710014533,5.656515370214402,367000
1998-05-26,5.704049110412598,5.743660714723288,5.490147278216232,5.593137147212622,2556000
1998-05-27,5.636709213256836,5.854572266112634,5.565408859382818,5.783271912238616,1129000
1998-05-28,5.553525447845459,5.688204059954063,5.545602976552129,5.644631601133416,652000
1998-05-29,5.502030372619629,5.5535253013754655,5.2683227643293735,5.31585645754302,1015000
1998-06-01,5.3871564865112305,5.632747391764196,5.3277390943887,5.529757547629808,1186000
1998-06-02,5.1534504890441895,5.379235666167078,5.090072220221223,5.268323695726886,1484000
1998-06-03,5.339622497558594,5.640669564182892,5.236633029725371,5.4267677805844,2379000
1998-06-04,5.343585968017578,5.42677005075773,5.280207691218287,5.42677005075773,579000
1998-06-05,5.280206680297852,5.387157785243608,5.236634217781574,5.307934576647823,1234000
1998-06-08,5.038577556610107,5.307935213768792,4.919743107216774,5.204945710207916,1900000
1998-06-09,5.232672691345215,5.296050952492457,4.998965070041587,5.1494886291484026,1094000
1998-06-10,5.0504608154296875,5.212867730228669,5.014810443349073,5.189101067351123,1345000
1998-06-11,5.070581912994385,5.102776052193096,4.9257079028157715,5.030339047103789,1807000
1998-06-12,5.054484844207764,5.179237037676726,4.9981449087087535,5.11887312261554,1657000
1998-06-15,4.77278470993042,5.0504595913913075,4.716445168138152,4.9981440284525265,1166000
1998-06-16,4.780834197998047,4.813028336668654,4.446819721452192,4.692300124761674,1489000
1998-06-17,5.155092239379883,5.191310362461229,4.9418055620111385,4.9418055620111385,6184000
1998-06-18,5.010217666625977,5.191309797461245,4.982047890478211,5.030339099781988,1437000
1998-06-19,4.998144626617432,5.046435832697746,4.76876130178984,4.913634920030783,882000
1998-06-22,4.684250354766846,4.869366787612897,4.499133921920794,4.748638612489944,1769000
1998-06-23,4.752664566040039,4.829125551744179,4.507183771537683,4.672178833150102,770000
1998-06-24,4.901562213897705,4.9418046937345155,4.748639869435291,4.829125212893301,567000
1998-06-25,4.93778133392334,5.030339394566839,4.901562828876949,4.929732606675502,552000
1998-06-26,4.889490604400635,4.949854918102381,4.796932527356266,4.909612042301217,732000
1998-06-29,4.885465621948242,4.94180517597448,4.817052977386872,4.869368551685827,1031000
1998-06-30,5.251674652099609,5.368378516200292,4.8411987539482375,4.941805546579324,2434000
1998-07-01,4.9538774490356445,5.090702331795525,4.9096102252805265,5.050459854672395,467000
1998-07-02,4.768761157989502,4.945828908277905,4.728518295577221,4.877416272447655,438000
1998-07-03,4.595718860626221,4.748641249532455,4.579621787256328,4.728519811873964,714000
1998-07-06,4.5997419357299805,4.732542849757173,4.571571777389634,4.587668846247949,571000
1998-07-07,4.5715718269348145,4.6923000365727825,4.527304983040799,4.607790328204644,806000
1998-07-08,4.8130292892456055,4.869369234961964,4.684252709076192,4.748640999160899,567000
1998-07-09,4.841197967529297,4.949853470137079,4.752664280720431,4.881440831558341,565000
1998-07-10,5.0826544761657715,5.227528098481629,4.873392193480687,4.969974992142327,2181000
1998-07-13,5.396546363830566,5.489104779491201,5.175211422503991,5.271794200537766,2541000
1998-07-14,5.569592475891113,5.690320711921542,5.199359423416191,5.3522818045501355,2381000
1998-07-15,5.3281354904174805,5.79897529691745,5.27179593380738,5.794950933221173,1326000
1998-07-16,5.440814971923828,5.497154524399362,5.271795546928392,5.303989686567102,1606000
1998-07-17,5.3764262199401855,5.493130070146425,5.360329150387064,5.493130070146425,838000
1998-07-20,5.396546363830566,5.412643429538809,5.2396000691212805,5.271794200537766,806000
1998-07-21,5.316063404083252,5.392524404321715,5.255699476725756,5.320087768249616,853000
1998-07-22,5.231551647186279,5.4247164468659035,5.21545458054631,5.352279838878215,581000
1998-07-23,5.098751544952393,5.227528098112961,5.070581769894618,5.171188547997413,400000
1998-07-24,4.961926460266113,5.074605948708446,4.933756684101634,5.074605948708446,463000
1998-07-27,4.861319541931152,5.050460394352536,4.829125403278714,4.909610749909811,341000
1998-07-28,5.018266677856445,5.211431526020867,4.796931668163051,4.829125809523788,1111000
1998-07-29,5.078629016876221,5.134968938621004,4.99009496378708,5.126920213892755,847000
1998-07-30,5.074605941772461,5.376426287525922,4.990096229610115,5.070581962171905,1658000
1998-07-31,5.134969711303711,5.195333620711537,5.038387302737438,5.038387302737438,484000
1998-08-03,4.913635730743408,5.070582464237744,4.909611366959962,5.070582464237744,710000
1998-08-04,4.800954818725586,4.990095255483833,4.788881730927479,4.990095255483833,745000
1998-08-05,5.086678504943848,5.183260913470688,4.692299761116016,4.804979237730664,2671000
1998-08-06,4.917657852172852,5.15106547220118,4.869366660144674,5.15106547220118,521000
1998-08-07,4.86534309387207,4.949852789688124,4.837173323194833,4.8693674564786305,624000
1998-08-10,4.833149433135986,4.909610411214679,4.80900363892018,4.909610411214679,768000
1998-08-11,5.0947265625,5.151066489552318,4.760712130498043,4.829124761995732,3635000
1998-08-12,5.078629016876221,5.110823148220577,4.825099944701174,4.998143688515329,2864000
1998-08-13,4.969975471496582,5.058509168447594,4.925708239236638,5.0182666835928895,1251000
1998-08-14,4.897539138793945,5.010218649269007,4.869369357121302,4.9900972121666225,693000
1998-08-17,4.901562213897705,4.949853419972512,4.877416418968107,4.937780714399907,373000
1998-08-18,4.990095138549805,5.0303379960317915,4.748639145010878,4.905585444865097,2602000
1998-08-19,5.062533378601074,5.1108245892334665,4.873392515785887,4.949853887125494,2859000
1998-08-20,4.9941205978393555,5.1068000862369765,4.949853751914966,5.1068000862369765,953000
1998-08-21,4.909611225128174,5.030339448652728,4.869368739809618,4.917659952462551,1202000
1998-08-24,4.825100898742676,4.897537900482219,4.804979466727869,4.837173988222196,1834000
1998-08-25,4.817052841186523,4.849246980801076,4.7929070445834006,4.8291255475958765,2250000
1998-08-26,4.817052841186523,4.817052841186523,4.817052841186523,4.817052841186523,0
1998-08-27,4.869368076324463,5.130945538498885,4.829125212704833,4.889489124349887,4906000
1998-08-28,4.531329154968262,4.8492465427837965,4.483037949908427,4.8492465427837965,2468000
1998-08-31,4.65205717086792,4.688275285355855,4.499134835820624,4.551450401793465,1095000
1998-09-01,4.579619884490967,4.6238867219198205,4.519255596595974,4.5514501137439085,1218000
1998-09-02,4.6279120445251465,4.72851882810178,4.58364519791382,4.708397394629569,737000
1998-09-03,4.7003493309021,4.728519109166966,4.6158396123230565,4.68827623983049,861000
1998-09-04,4.684250354766846,4.740589888382412,4.619861713259459,4.740589888382412,475000
1998-09-07,5.062533378601074,5.062533378601074,4.708397450179108,4.708397450179108,2770000
1998-09-08,5.1711883544921875,5.27179512883029,5.034363079986867,5.15106692286769,3138000
1998-09-09,5.17923641204834,5.388498675380087,5.1510666395938225,5.312037316168731,1871000
1998-09-10,5.219480514526367,5.2677717289848,5.11082499415655,5.1148493579742,1250000
1998-09-11,5.134969711303711,5.191309257741849,5.090702486205887,5.163139484522779,625000
1998-09-14,5.4730095863342285,5.493130637515566,5.1913102643820865,5.271796004245242,3045000
1998-09-15,5.408619403839111,5.473008054464438,5.364352566332021,5.456910987754193,1358000
1998-09-16,5.348255157470703,5.473007704332406,5.320085388476001,5.468983341966214,665000
1998-09-17,5.340208053588867,5.368377829109135,5.279843755465484,5.332159326991986,545000
1998-09-18,5.424717426300049,5.452887585844381,5.275819437050682,5.320086666141312,1061000
1998-09-21,5.7547078132629395,5.8593389551258515,5.464960183405799,5.464960183405799,2671000
1998-09-22,5.521300315856934,5.790926522917281,5.485081812851154,5.790926522917281,1382000
1998-09-23,5.621907711029053,5.674223289543032,5.557519424791681,5.629956054916494,892000
1998-09-24,5.561542987823486,5.682271207358256,5.525324483584613,5.682271207358256,491000
1998-09-25,5.509226322174072,5.593736020733498,5.473008208892336,5.589712041780653,372000
1998-09-28,5.279842853546143,5.5132505120025534,5.227527290956348,5.460934949412759,561000
1998-09-29,5.0947265625,5.320085886924917,5.038387019232037,5.320085886924917,1165000
1998-09-30,5.219480514526367,5.2315532221948615,5.07460648736661,5.191310351587272,349000
1998-10-01,5.219480514526367,5.219480514526367,5.219480514526367,5.219480514526367,0
1998-10-02,5.219480514526367,5.219480514526367,5.219480514526367,5.219480514526367,0
1998-10-05,4.921683311462402,5.02631445090316,4.877416468061033,4.945829106635037,647000
1998-10-06,4.961926460266113,4.990096236430593,4.833149902046304,4.86936840499173,583000
1998-10-07,5.09070348739624,5.143019064937987,5.070582436159335,5.070582436159335,580000
1998-10-08,4.986071586608887,5.134969557982141,4.965950156145611,5.086678355140899,157000
1998-10-09,4.990095138549805,5.062532128503649,4.921682511101026,5.062532128503649,268000
1998-10-12,4.708397388458252,4.973999235346931,4.688275955012414,4.949853822239463,514000
1998-10-13,4.603766441345215,4.748640461414435,4.587669370646905,4.591693734267593,589000
1998-10-14,4.764738082885742,4.8291263731218494,4.627912774241772,4.784859519530646,1491000
1998-10-15,4.591694355010986,4.780835249124084,4.559500209262096,4.780835249124084,805000
1998-10-16,4.511208534240723,4.668155266726662,4.434747541768774,4.648033831723164,849000
1998-10-19,4.491086483001709,4.587668897224791,4.4669410713381374,4.587668897224791,218000
1998-10-20,4.136951446533203,4.446820570105249,4.1329274662697255,4.446820570105249,801000
1998-10-21,4.136951446533203,4.136951446533203,4.136951446533203,4.136951446533203,0
1998-10-22,4.3260908126831055,4.466940434516758,4.197314278744459,4.3462122420571045,1463000
1998-10-23,4.314017295837402,4.398526976259607,4.185240402375208,4.326089997673639,576000
1998-10-26,4.442794322967529,4.648032197008975,4.3864544015293925,4.426697257382964,1004000
1998-10-27,4.249630928039551,4.442795778330946,4.2134124226638034,4.350237716845763,631000
1998-10-28,4.197314739227295,4.38645519825399,4.185241650007764,4.3462127188753765,807000
1998-10-29,4.301945209503174,4.326091002568676,4.072561902410528,4.177193032720435,468000
1998-10-30,4.285849094390869,4.338164671170599,4.265728043447043,4.338164671170599,1194000
1998-11-02,4.165120601654053,4.257678649618443,4.149023533147881,4.245605944184911,229000
1998-11-03,3.943786382675171,4.213412620007034,3.8793980962289574,4.213412620007034,969000
1998-11-04,3.943786382675171,3.943786382675171,3.943786382675171,3.943786382675171,0
1998-11-05,4.012198448181152,4.024271154184071,3.8633004615304705,4.024271154184071,533000
1998-11-06,4.024270534515381,4.120852935235507,3.9558579047258715,3.9558579047258715,786000
1998-11-09,4.1731696128845215,4.22548518986074,4.104756964822116,4.136951106994489,1442000
1998-11-10,4.426698684692383,4.458892826241936,4.165121188656154,4.2174363808358475,1086000
1998-11-11,4.5997419357299805,4.780834056332116,4.26572746908166,4.26572746908166,3691000
1998-11-12,4.6279120445251465,4.660106184566915,4.434747204274533,4.527305260948513,1358000
1998-11-13,4.491086483001709,4.607790329467366,4.4669410713381374,4.567547848766615,948000
1998-11-16,4.406576633453369,4.507183407659083,4.3663341540417155,4.442795133572928,646000
1998-11-17,4.346213340759277,4.442795765628842,4.305970471838071,4.370358755084448,1476000
1998-11-18,4.535353660583496,4.539377639960033,4.38645529390418,4.414625452246307,1163000
1998-11-19,4.394504070281982,4.547426418079709,4.386455343868439,4.507183553580792,593000
1998-11-20,4.314017295837402,4.418648018058579,4.2979202321276615,4.370356826929357,547000
1998-11-23,4.225484848022461,4.3663344964703095,4.209387778238514,4.305970196942196,506000
1998-11-24,4.305970191955566,4.305970191955566,4.185241976823568,4.201339046588873,829000
1998-11-25,4.305970191955566,4.305970191955566,4.305970191955566,4.305970191955566,0
1998-11-26,4.181218147277832,4.281824932867713,4.136950915996249,4.185242127025261,349000
1998-11-27,4.080611705780029,4.185242479940187,4.064514634079662,4.177194135982234,462000
1998-11-30,4.1168293952941895,4.185242038755185,3.9759801287096375,4.084635255287182,373000
1998-12-01,4.205364227294922,4.225485664358288,4.088660352868787,4.1369515715501715,462000
1998-12-02,4.249630928039551,4.330116282327632,4.197315351806187,4.261703635236652,352000
1998-12-03,4.169145584106445,4.241582601705933,4.169145584106445,4.213412820988123,226000
1998-12-04,4.120853900909424,4.1812182033434295,4.104756830350576,4.149024062225734,288000
1998-12-07,4.189266681671143,4.193291045386592,4.096708618922487,4.096708618922487,299000
1998-12-08,4.165120601654053,4.265727375763722,4.136950443929963,4.185241649448478,616000
1998-12-09,4.205364227294922,4.261704174315449,4.1369515715501715,4.261704174315449,381000
1998-12-10,4.1570725440979,4.21743646475838,4.153048180378016,4.169145251473107,232000
1998-12-11,4.2013397216796875,4.2134128137819395,4.153048504624114,4.177194305044139,209000
1998-12-14,4.213411808013916,4.289872787487402,4.161096239412315,4.193290376431087,632000
1998-12-15,4.205364227294922,4.205364227294922,4.153048644443966,4.19731588274027,389000
1998-12-16,4.20938777923584,4.2254848490236006,4.124878066903991,4.124878066903991,285000
1998-12-17,4.08866024017334,4.185242674874014,4.0685388036645795,4.1369514575236765,513000
1998-12-18,4.281825542449951,4.386456322683024,4.052441777675384,4.132927524633188,1438000
1998-12-21,4.346213340759277,4.386455825896042,4.2657279867013065,4.289873401026477,716000
1998-12-22,4.2013397216796875,4.3462137566308865,4.185242649327829,4.301946519824919,847000
1998-12-23,4.281825542449951,4.34218946888382,4.245607033075836,4.289873886875041,625000
1998-12-24,4.354260444641113,4.499134424485152,4.22950827731356,4.22950827731356,1059000
1998-12-25,4.354260444641113,4.354260444641113,4.354260444641113,4.354260444641113,0
1998-12-28,4.386455535888672,4.515232477651871,4.386455535888672,4.474989611391293,1381000
1998-12-29,4.406576633453369,4.446819496649409,4.342188359367214,4.342188359367214,1182000
1998-12-30,4.5675482749938965,4.668155061810639,4.491086902093889,4.539378113711793,1219000
1998-12-31,4.406576633453369,4.6198628873098535,4.386455201855349,4.6198628873098535,575000
1999-01-01,4.442794322967529,4.458891388552095,4.3864544015293925,4.442794322967529,298000
1999-01-04,4.446820259094238,4.567548485597844,4.426698824046229,4.434747551579213,783000
1999-01-05,4.50718355178833,4.547426416271244,4.426698206606902,4.426698206606902,1250000
1999-01-06,4.579619884490967,4.6480325138346865,4.507182892530713,4.5876682259396935,537000
1999-01-07,4.909611225128174,4.945829730563984,4.551451302006143,4.599742514659076,3895000
1999-01-08,5.227527141571045,5.231551504067029,4.833148827788625,5.231551504067029,3636000
1999-01-11,5.1470417976379395,5.392522152511037,5.114847665319643,5.295939755556145,4210000
1999-01-12,5.159114837646484,5.271794691890729,5.03033829997804,5.070581159891607,2449000
1999-01-13,5.299964427947998,5.460935098951956,5.231551796825228,5.291915702505624,2404000
1999-01-14,5.279842853546143,5.308012624254362,5.17923609097754,5.191308795026156,1325000
1999-01-15,4.9538774490356445,5.3120372992180185,4.861319022462151,5.3120372992180185,1844000
1999-01-18,4.7486395835876465,5.010217030026443,4.672178224066888,4.969974552612056,1039000
1999-01-19,4.50718355178833,4.796931178225869,4.458892344679474,4.760712676948126,1727000
1999-01-20,4.50718355178833,4.50718355178833,4.50718355178833,4.50718355178833,0
1999-01-21,4.547426223754883,4.619862839459348,4.44681945059121,4.531329155400071,1310000
1999-01-22,4.603766441345215,4.708397592776443,4.555475229250288,4.567548320112348,871000
1999-01-25,4.47498893737793,4.587668408637821,4.273775403950229,4.531328864900055,790000
1999-01-26,4.47498893737793,4.47498893737793,4.47498893737793,4.47498893737793,0
1999-01-27,4.587668418884277,4.716445341538989,4.547425942379471,4.716445341538989,1016000
1999-01-28,4.531329154968262,4.623887202053517,4.507183360546153,4.587668702312545,741000
1999-01-29,4.885465621948242,4.8935139651872355,4.507183895104853,4.519256601855557,1617000
1999-02-01,4.55145263671875,4.829127286847264,4.55145263671875,4.776811695185605,787000
1999-02-02,4.450845241546631,4.668155925946425,4.40657800153079,4.668155925946425,1095000
1999-02-03,4.50718355178833,4.6601058995252425,4.466941071089816,4.6601058995252425,772000
1999-02-04,4.458892345428467,4.587668897740382,4.434746933762182,4.567547849279944,292000
1999-02-05,4.386455535888672,4.466941268409827,4.3059701871519325,4.430722765532191,445000
1999-02-08,4.124877452850342,4.34218805452718,4.124877452850342,4.28182414775531,600000
1999-02-09,4.1047563552856445,4.157071924493255,3.996101237534755,4.116829060861434,1287000
1999-02-10,4.18524169921875,4.265727426491118,4.149023582487453,4.201338767916345,723000
1999-02-11,4.229508876800537,4.33011565093689,4.1691445820480935,4.225484513726831,669000
1999-02-12,4.18524169921875,4.265727426491118,4.144999219366956,4.18524169921875,394000
1999-02-15,4.169145584106445,4.221461165285578,4.140975803388635,4.221461165285578,435000
1999-02-16,4.1168293952941895,4.217436178762193,4.004149905269664,4.161096625642141,868000
1999-02-17,4.314017295837402,4.442793805515325,4.132925233156755,4.165119360576236,882000
1999-02-18,4.426698684692383,4.450844482746768,4.257679249665009,4.386455815863221,1047000
1999-02-19,4.50718355178833,4.587668896969758,4.346212861425475,4.422673843401732,783000
1999-02-22,4.273777008056641,4.5474276390404995,4.273777008056641,4.474990617007242,538000
1999-02-23,4.257679462432861,4.2979223332730685,4.144999961378524,4.265728190114687,674000
1999-02-24,4.2657270431518555,4.289872452136228,4.18524132311233,4.245605613141974,282000
1999-02-25,4.144998550415039,4.225483880913671,4.1047556932735585,4.225483880913671,268000
1999-02-26,4.0443925857543945,4.144999364585178,3.9558585129236716,4.072562361016004,611000
1999-03-01,4.161096572875977,4.297921858062911,4.024271287689042,4.10475663668594,1689000
1999-03-02,4.161096572875977,4.161096572875977,4.161096572875977,4.161096572875977,0
1999-03-03,4.495110511779785,4.495110511779785,4.491086148873794,4.491086148873794,219000
1999-03-04,4.857295036315918,4.857295036315918,4.551450728080172,4.857295036315918,6361000
1999-03-05,5.050459861755371,5.203382196120207,4.7929063959118015,4.990095570309471,8536000
1999-03-08,5.15106725692749,5.2717954707196215,5.002169267304813,5.074605888552562,5858000
1999-03-09,5.050459861755371,5.18326076563824,4.933756025501203,5.090702338934939,3781000
1999-03-10,4.648033618927002,5.1108246838976985,4.648033618927002,5.1108246838976985,2078000
1999-03-11,4.346213340759277,4.768761929294175,4.346213340759277,4.466941563738454,1859000
1999-03-12,4.684250354766846,4.684250354766846,4.309993127020977,4.402551151551858,2800000
1999-03-15,4.619863033294678,4.700348762230057,4.515232276490602,4.547426414550994,2357000
1999-03-16,4.2778000831604,4.5474262686008,4.265727377721328,4.527304837012754,2155000
1999-03-17,4.33816385269165,4.458892054499118,4.318042421759677,4.318042421759677,1215000
1999-03-18,4.50718355178833,4.50718355178833,4.322067065978848,4.322067065978848,2104000
1999-03-19,4.354260444641113,4.466940292027439,4.2858478172223915,4.2858478172223915,1761000
1999-03-22,4.430723667144775,4.487063230832882,4.24560713548851,4.3462139378281215,2063000
1999-03-23,4.635961532592773,4.648034241144514,4.35426218529927,4.35426218529927,3068000
1999-03-24,4.869368076324463,5.0102173314243865,4.748639869249964,4.829125212704833,4286000
1999-03-25,4.9941205978393555,5.223503938023473,4.909610885595036,4.909610885595036,3186000
1999-03-26,5.102775573730469,5.167163846090514,4.8693678945331165,5.070581437550446,6265000
1999-03-29,5.102775573730469,5.102775573730469,5.102775573730469,5.102775573730469,0
1999-03-30,5.2476487159729,5.312036982559114,5.006192332490255,5.006192332490255,18299000
1999-03-31,5.597761154174805,5.670198158280169,5.573615741995955,5.654101088899466,1826910
1999-04-01,5.440814971923828,5.674222676196684,5.352280896025167,5.674222676196684,725080
1999-04-02,5.440814971923828,5.440814971923828,5.440814971923828,5.440814971923828,0
1999-04-05,5.122897148132324,5.312038005490151,5.070581959295026,5.239601383523821,1335630
1999-04-06,5.53337287902832,5.53337287902832,4.990096115573595,4.990096115573595,1477290
1999-04-07,5.320086479187012,5.55349417129832,5.29594068382387,5.55349417129832,1855620
1999-04-08,5.2556986808776855,5.364353810424895,5.215455812876834,5.243625590206771,872290
1999-04-09,5.251674652099609,5.271796087382718,5.191310346250284,5.231553216816501,1144550
1999-04-12,5.279842853546143,5.295939920205745,5.1510663202693205,5.215454586907732,544760
1999-04-13,5.231551647186279,5.303988638958309,5.231551647186279,5.271794505678372,630580
1999-04-14,5.231551647186279,5.231551647186279,5.231551647186279,5.231551647186279,0
1999-04-15,5.243624687194824,5.251673412922686,5.15106664403062,5.15106664403062,1249670
1999-04-16,5.666173458099365,5.666173458099365,5.231552226876953,5.247649295300584,2035890
1999-04-19,5.514474868774414,5.616974403104811,5.272575905193927,5.313575875327962,1635860
1999-04-20,5.510374546051025,5.6907739373321675,5.370975514067004,5.534974605227427,2192790
1999-04-21,5.370975017547607,5.539074168198297,5.329975053045403,5.5103740366448974,1557190
1999-04-22,5.264375686645508,5.4529748290052416,5.227475794943981,5.411974862446955,1667680
1999-04-23,5.297175884246826,5.313575793848021,5.190576276336717,5.288975733943886,1028990
1999-04-26,4.874878883361816,5.116777500093092,4.874878883361816,5.006078186131968,2506370
1999-04-27,4.874878883361816,4.874878883361816,4.874878883361816,4.874878883361816,0
1999-04-28,5.001977443695068,5.042977415850199,4.7969783649288384,4.837978337083969,2935730
1999-04-29,5.1782755851745605,5.206975324477292,5.001976292875788,5.034776106651658,1074800
1999-04-30,5.313575744628906,5.32997565407819,5.145476575022574,5.153676334244874,1165180
1999-05-03,5.198776721954346,5.383275813199364,5.170076585268438,5.329976006216633,791010
1999-05-04,5.403775215148926,5.420175123909429,5.170076026555916,5.170076026555916,1204750
1999-05-05,5.502175331115723,5.616974706280743,5.288976100518826,5.370976045212841,2535570
1999-05-06,5.551374435424805,5.604674237045399,5.452974982127403,5.498074633804211,1074830
1999-05-07,5.998272895812988,5.998272895812988,5.600574586507636,5.657974467450116,3132420
1999-05-10,6.477971076965332,6.477971076965332,6.285271830178994,6.473871001479412,2642540
1999-05-11,6.313970565795898,6.998667422145768,6.178671224457747,6.99456734731621,3277270
1999-05-12,6.108971118927002,6.527169340222342,5.903972082842142,6.404169840370498,1821560
1999-05-13,6.322170257568359,6.391869960604174,6.067971501616116,6.391869960604174,886750
1999-05-14,6.313970565795898,6.539469598361035,6.149971482660157,6.354970532082162,2104100
1999-05-17,5.92037296295166,6.31397119255265,5.809673668597626,6.31397119255265,1234020
1999-05-18,5.92037296295166,6.149972093137527,5.846573563717203,5.862973473658715,1843420
1999-05-19,6.395969867706299,6.395969867706299,6.05157143607532,6.067971342771814,1973370
1999-05-20,6.236071586608887,6.723969190336237,6.2319715114587755,6.510770365591368,1731570
1999-05-21,6.1171722412109375,6.416470693826896,6.067972511644124,6.39597109976091,1651920
1999-05-24,6.108971118927002,6.166370989792431,6.067971546312808,6.117171268052619,672880
1999-05-25,6.1786723136901855,6.195072224894885,6.084372922014346,6.084372922014346,1150330
1999-05-26,6.104872703552246,6.2483718240183705,6.051572896177499,6.108972387962063,765700
1999-05-27,5.985973358154297,6.203272275859878,5.985973358154297,6.067972912854071,630360
1999-05-28,6.190969944000244,6.190969944000244,5.932671157597114,6.067970466045721,1697450
1999-05-31,6.6501688957214355,6.6501688957214355,6.395970511828417,6.395970511828417,2368410
1999-06-01,6.313970565795898,6.600969547790431,6.248370932541602,6.498470023079428,1414170
1999-06-02,6.359071254730225,6.395971149946038,6.067972559255655,6.067972559255655,600150
1999-06-03,6.354971408843994,6.428771201939174,6.277071931358302,6.354971408843994,473640
1999-06-04,6.313970565795898,6.46567020645228,6.244270857712044,6.453369981963607,504390
1999-06-07,6.231971740722656,6.354971262718141,6.231971740722656,6.354971262718141,388740
1999-06-08,6.600971221923828,6.600971221923828,6.076173240781269,6.076173240781269,496620
1999-06-09,6.260671615600586,6.354970997559543,6.2319714806961635,6.346770847299799,341250
1999-06-10,6.207370758056641,6.39596988095942,6.203270683622867,6.39596988095942,133710
1999-06-11,6.149971961975098,6.207371841048553,5.985972866057637,6.195071615601228,691800
1999-06-14,6.162271022796631,6.170471172065388,5.903972185900352,5.903972185900352,651280
1999-06-15,6.154072284698486,6.313971311899472,6.108972238253324,6.149972209384435,837950
1999-06-16,6.285271167755127,6.395970848179681,5.91217293996217,5.91217293996217,797800
1999-06-17,6.240171432495117,6.395970763433106,6.2319712824961675,6.330370736455527,370210
1999-06-18,6.264771461486816,6.477970681688928,6.231971641610291,6.477970681688928,895050
1999-06-21,6.297570705413818,6.350870505589769,6.1499715294682575,6.1499715294682575,243400
1999-06-22,6.322170257568359,6.387769886071567,6.248370479999936,6.313970108503144,511490
1999-06-23,6.1663713455200195,6.27297094427481,6.149971437327332,6.27297094427481,221120
1999-06-24,6.149971961975098,6.1868718563076985,6.088472398757221,6.088472398757221,93300
1999-06-25,6.149971961975098,6.207371841048553,6.149971961975098,6.190971931456807,131800
1999-06-28,6.145871162414551,6.3139703136673395,6.072071773452742,6.305770555340312,344550
1999-06-29,6.129472255706787,6.170472227051196,6.0515727793580565,6.170472227051196,285140
1999-06-30,6.088470935821533,6.149970484262319,6.067970956006406,6.108970524632066,200050
1999-07-01,6.010572910308838,6.141772195236325,5.994172999692902,6.1171725248147775,102380
1999-07-02,6.03107213973999,6.10077184886516,5.994172247731998,6.10077184886516,168670
1999-07-05,6.084371566772461,6.3959702012605355,6.006471712648123,6.387770051982336,295810
1999-07-06,6.12537145614624,6.190971480742103,6.0269720057594345,6.108971547748439,1240950
1999-07-07,6.318070888519287,6.436970326208964,6.190971691853428,6.190971691853428,1287900
1999-07-08,6.281170845031738,6.35497062907148,6.026972066789439,6.067972033701442,469300
1999-07-09,6.215571403503418,6.3139708579377185,6.154071842233149,6.3139708579377185,387760
1999-07-12,6.674769401550293,6.711669293398657,6.309870948944391,6.354970599534246,2509090
1999-07-13,6.924867153167725,7.07656678317613,6.7649681560850405,6.7649681560850405,3800720
1999-07-14,7.322567939758301,7.453767235725522,7.133968365298304,7.215968316282561,3613400
1999-07-15,6.974067211151123,7.41276501757119,6.928967173553424,7.379965203502659,2369880
1999-07-16,6.994567394256592,7.293866602748388,6.90846816828601,6.969967727123471,2137090
1999-07-19,7.023268222808838,7.248767682778725,6.969968805439629,7.248767682778725,1309970
1999-07-20,6.900267601013184,7.0109672694273915,6.728068377483063,6.937167490484587,3362490
1999-07-21,7.006865978240967,7.09296518405229,6.723967135415369,7.043765861305573,1194610
1999-07-22,6.998668670654297,7.113468440333366,6.953568621492974,7.010968897337236,1646700
1999-07-23,6.953567028045654,7.07246684603917,6.937167511569226,7.07246684603917,1790430
1999-07-26,6.986368179321289,7.031467439716634,6.9289679120764225,7.031467439716634,1037870
1999-07-27,7.019166946411133,7.051966759066872,6.892066988112077,6.953566539090436,1326670
1999-07-28,7.117568492889404,7.379967071868366,7.047868772596936,7.047868772596936,1730440
1999-07-29,7.035567760467529,7.133967216598829,7.010968091937045,7.068367579177963,632270
1999-07-30,6.969968795776367,7.084768563347846,6.928968822928736,7.084768563347846,598640
1999-08-02,6.883868217468262,6.961767290514471,6.846968327284568,6.961767290514471,503790
1999-08-03,6.842868804931641,6.961767852446816,6.769069018607364,6.773169093626418,966410
1999-08-04,6.887968063354492,6.965867924666518,6.826468502112092,6.965867924666518,2979800
1999-08-05,6.810068607330322,6.928967648220422,6.773168716224252,6.9084680562767415,340870
1999-08-06,6.826468467712402,6.8715685106672595,6.580469441973082,6.723968938821798,287970
1999-08-09,6.744470596313477,6.920769162641864,6.662470644804394,6.920769162641864,305900
1999-08-10,6.838768482208252,6.8879678166361735,6.2811708119629905,6.564069721956169,839790
1999-08-11,6.740370750427246,6.879770203541412,6.682970469609371,6.879770203541412,235000
1999-08-12,6.674769401550293,6.723968736008564,6.6460688774387595,6.723968736008564,329180
1999-08-13,6.555870532989502,6.68296974456579,6.518970635756155,6.662470149218124,459600
1999-08-16,6.559969425201416,6.617368907428954,6.3959703459732395,6.518969459892048,361310
1999-08-17,6.592769622802734,6.682968926098917,6.49847024453727,6.600969772741299,450450
1999-08-18,6.830569267272949,6.969968703911943,6.6624700846217095,6.797769445829035,794830
1999-08-19,6.559969425201416,6.945367847894602,6.5230695346239145,6.887967583657769,1254150
1999-08-20,6.633769512176514,6.682968847208433,6.559969727619303,6.609169844660554,284240
1999-08-23,7.129866123199463,7.166766011729715,6.6255686892983485,6.6624685778286015,2979140
1999-08-24,7.621863842010498,7.658763729216232,6.969966877388162,7.207765716042212,4999330
1999-08-25,7.2241668701171875,7.785863829505554,7.133966787580869,7.785863829505554,2110940
1999-08-26,7.2774658203125,7.531664970514535,7.215966265556783,7.236465856472266,885110
1999-08-27,7.269266605377197,7.461966225588964,7.174967223831939,7.379966287369995,527150
1999-08-30,7.293868064880371,7.617766223424736,7.23646778738418,7.375867232431469,1663680
1999-08-31,7.056066989898682,7.215966782121304,7.010967730254274,7.215966782121304,1678330
1999-09-01,7.105266571044922,7.207766089255038,6.88796731091614,7.207766089255038,1773200
1999-09-02,7.043768405914307,7.1216682740824515,6.969968613124423,6.978168763880947,780280
1999-09-03,7.060168743133545,7.133968544470993,6.978169572099332,7.133968544470993,719620
1999-09-06,7.105266571044922,7.158565976430107,7.015067276543354,7.101166496475406,838770
1999-09-07,7.466063022613525,7.523463272980316,7.13396486967261,7.13396486967261,1953500
1999-09-08,8.064665794372559,8.064665794372559,7.707966964579623,7.707966964579623,2792070
1999-09-09,8.712461471557617,8.712461471557617,8.708361395847511,8.708361395847511,1841730
1999-09-10,8.113862991333008,8.765759268316453,8.015462756533541,8.683760115329346,3405430
1999-09-13,8.113862991333008,8.113862991333008,8.113862991333008,8.113862991333008,0
1999-09-14,7.917062759399414,8.601759588912026,7.8391636867190755,8.601759588912026,2673110
1999-09-15,7.724364757537842,8.413161734440736,7.584965332116572,8.413161734440736,1497070
1999-09-16,7.712064743041992,7.789964608085476,7.429166591374067,7.429166591374067,920610
1999-09-17,7.92526388168335,8.109763354385377,7.5029655230594745,7.707964589613114,1883830
1999-09-20,7.49066686630249,8.015464031313638,7.408666918264768,8.015464031313638,873670
1999-09-21,7.359466552734375,7.54396523717605,7.142167268026427,7.4619660825384235,1567080
1999-09-22,7.826864719390869,7.9129639552329705,7.379966674852913,7.461966617377264,1940220
1999-09-23,7.806365489959717,7.941664854047848,7.7899651878838485,7.871965134244299,828940
1999-09-24,7.847362518310547,7.912962144515147,7.78996304088383,7.912962144515147,871460
1999-09-27,7.789963722229004,7.945762652589493,7.666964607839634,7.7817635727339,909490
1999-09-28,7.8104634284973145,7.9539629187288545,7.638264196621329,7.666964720275084,1314350
1999-09-29,7.814563274383545,8.085161947688933,7.798163757642548,7.949862611036239,538890
1999-09-30,8.392660140991211,8.441860253062666,7.806363562695993,7.871963190785098,3301340
1999-10-01,8.089262962341309,8.158962676110482,7.830964483084591,8.117962706479902,1147050
1999-10-04,7.789963722229004,7.953962802084598,7.789963722229004,7.949862727337045,1429690
1999-10-05,7.88016414642334,7.953963938403868,7.548065864520374,7.871964777766156,1071890
1999-10-06,7.814563274383545,8.158961728046636,7.789963608267406,7.912962720857387,1576680
1999-10-07,8.003162384033203,8.179461676389874,7.884262570300846,8.105661899867616,1830440
1999-10-08,8.13026237487793,8.400861061084933,7.958063139836262,8.097462557822817,2619470
1999-10-11,8.105661392211914,8.433659509535891,8.040061768747117,8.355759663417999,2573860
1999-10-12,8.281960487365723,8.585358934572934,7.798162688680728,8.117960650380914,2480530
1999-10-13,8.35986042022705,8.486960385325984,7.7981635006954475,8.363960494779525,3134420
1999-10-14,8.208163261413574,8.482862056899744,8.117963166710718,8.404962188386211,2794590
1999-10-15,8.056465148925781,8.609962921724255,8.03596555001122,8.363963824701647,944870
1999-10-18,8.470562934875488,8.601762236626161,8.035965052324,8.035965052324,2904060
1999-10-19,8.470562934875488,8.470562934875488,8.470562934875488,8.470562934875488,0
1999-10-20,8.486959457397461,8.76985753250398,8.38445995082024,8.609958552486454,1192470
1999-10-21,8.064665794372559,8.605863371705604,8.035966041333628,8.605863371705604,1333700
1999-10-22,8.19586181640625,8.228661632690649,8.035962809770965,8.117961959477311,2888020
1999-10-25,7.8842644691467285,8.445962295282659,7.789965079550227,8.437762144358762,1667150
1999-10-26,7.740764617919922,7.953963840572629,7.707964797666382,7.748964768485657,1467050
1999-10-27,8.01136302947998,8.035962695842196,7.822763502011548,7.908863507293242,557620
1999-10-28,7.765364646911621,8.035963344775706,7.66696519150735,8.019563044536982,566950
1999-10-29,7.60136604309082,7.871964758345567,7.215967564815202,7.871964758345567,3150940
1999-11-01,7.466063022613525,7.605462401775709,7.379963820076998,7.39636411504154,935700
1999-11-02,7.6505656242370605,7.7079651165530825,7.3799669004480535,7.3799669004480535,921370
1999-11-03,7.8104634284973145,7.9539629187288545,7.789963836468227,7.789963836468227,1522850
1999-11-04,7.744863510131836,7.8719634784573,7.388165617113354,7.400465059073749,484900
1999-11-05,7.744863510131836,7.785863474688138,7.671063730332349,7.7489635847883935,258150
1999-11-08,7.744863510131836,7.744863510131836,7.744863510131836,7.744863510131836,0
1999-11-09,7.613664627075195,7.85966364461427,7.470165135009958,7.589064959924083,466300
1999-11-10,7.683364391326904,7.744863950654773,7.379965887568005,7.379965887568005,271800
1999-11-11,7.666965484619141,7.707964672764654,7.625965514464239,7.66696548461914,244490
1999-11-12,7.625964164733887,7.650563829669142,7.461965095150101,7.5849642018356285,222930
1999-11-15,7.564467906951904,7.625967487087776,7.47426779287701,7.625967487087776,200750
1999-11-16,7.560366153717041,7.62596579557932,7.470166059649346,7.511166031315624,461140
1999-11-17,7.482465744018555,7.666965212154263,7.482465744018556,7.666965212154263,176690
1999-11-18,7.482465744018555,7.519365637645697,7.379966213278575,7.420966181976439,351740
1999-11-19,7.474264144897461,7.584963804318372,7.461964704079054,7.502963882819355,213800
1999-11-22,7.687464237213135,7.830963726042973,7.297965736390615,7.420965633391606,558250
1999-11-23,7.687464237213135,7.687464237213134,7.687464237213134,7.687464237213134,0
1999-11-24,7.519365310668945,7.789963997494863,7.482465418646382,7.789963997494863,1194530
1999-11-25,7.50706672668457,7.605466199580477,7.466066750808901,7.50706672668457,1563040
1999-11-26,8.109763145446777,8.109763145446777,7.683364722636363,7.773564028072708,3652750
1999-11-29,8.761658668518066,8.761658668518066,8.368060134055927,8.368060134055927,2973980
1999-11-30,9.462756156921387,9.462756156921387,9.183957322615441,9.388956373486364,2563200
1999-12-01,10.135152816772461,10.2212528249805,9.26185720214418,10.085953482375857,10285820
1999-12-02,10.873149871826172,10.946949655437328,10.17205270952951,10.307352052146856,8703900
1999-12-03,11.746444702148438,11.746444702148438,11.23394710797085,11.479946109577947,6985390
1999-12-06,12.689440727233887,12.689440727233887,12.135943169879505,12.52134157913497,10353700
1999-12-07,12.55824089050293,13.415137725287998,12.008844180818375,13.415137725287998,7413760
1999-12-08,12.226143836975098,12.955940773512951,11.561947319212997,12.935440398267605,7570000
1999-12-09,13.128141403198242,13.206040491336584,11.889946759836457,12.463944033219777,8178550
1999-12-10,12.873940467834473,13.611937533333874,12.627941446001339,13.20603871720407,3760060
1999-12-13,12.746841430664062,13.037939716327347,12.46394251295615,13.037939716327347,3753930
1999-12-14,12.468045234680176,13.029743114351998,12.38194598780138,12.79194418896024,3590270
1999-12-15,13.468437194824219,13.468437194824219,12.13594412854122,12.299943215006103,4029930
1999-12-16,14.54672908782959,14.54672908782959,13.939932225687729,14.255630878481085,832650
1999-12-17,15.03873062133789,15.711127263510253,14.891131053247635,15.497928061159733,5119080
1999-12-20,14.48932933807373,15.579923952164517,14.349929955941002,15.350324509822892,3257430
1999-12-21,14.472931861877441,14.759930829703157,14.185932894051726,14.59593097265459,4527400
1999-12-22,14.395034790039062,15.161730865626158,14.280235812565998,14.75993288045167,2520000
1999-12-23,13.665237426757812,14.349933503180631,13.538137452682934,14.349933503180631,591060
1999-12-24,13.189637184143066,13.611936260511163,12.964139340063285,13.542235775200139,1541250
1999-12-27,12.349143028259277,13.119939106693419,12.299942912525081,13.119939106693419,1199020
1999-12-28,12.451642036437988,13.115838488259692,11.643945318173413,12.299942402720355,1573510
1999-12-29,12.767340660095215,13.107639053849546,12.709941175994993,12.955940193867729,655320
1999-12-30,12.906740188598633,13.119939391390975,12.718141435211866,12.939540005796738,2098220
1999-12-31,12.906740188598633,12.906740188598633,12.906740188598633,12.906740188598633,0
2000-01-03,13.939937591552734,13.939937591552734,13.611939372790562,13.611939372790562,332590
2000-01-04,14.251533508300781,15.042829979773975,14.021935569398654,14.92393171742194,1687100
2000-01-05,13.68983268737793,14.259729645379787,13.529933720919074,13.939931712462075,1598200
2000-01-06,13.800535202026367,13.939934610694051,13.554536981562714,13.775934754372585,850260
2000-01-07,13.804638862609863,14.021938975595427,13.2962419623827,13.2962419623827,851440
2000-01-10,13.603736877441406,14.718932193066305,13.529937095435722,14.177734834370364,1004340
2000-01-11,13.398737907409668,13.76773681955504,12.873940062810158,13.65293628909947,1457840
2000-01-12,13.566839218139648,13.771838298761875,13.308539938630362,13.427439780755781,859520
2000-01-13,13.538138389587402,13.93173621754904,13.52993823933586,13.93173621754904,482760
2000-01-14,13.566839218139648,13.775937592206018,13.447939376014231,13.775937592206018,581520
2000-01-17,14.65333080291748,14.65333080291748,14.108032652842901,14.267931640002088,1374040
2000-01-18,13.587335586547852,14.653331491031853,13.493036219539006,14.653331491031853,2556520
2000-01-19,14.677934646606445,14.677934646606445,14.103938128504565,14.103938128504565,3498180
2000-01-20,14.645135879516602,15.15353276038484,14.431936632565122,15.15353276038484,2690980
2000-01-21,15.428231239318848,15.743930011031754,14.112135953601706,14.431935582775964,4723290
2000-01-24,16.445026397705078,16.66232492135654,15.825928302142037,16.30152610373127,4493660
2000-01-25,17.761119842529297,17.761119842529297,16.317926157937276,16.317926157937276,2902910
2000-01-26,17.761119842529297,17.761119842529297,17.761119842529297,17.761119842529297,0
2000-01-27,18.835311889648438,19.18381120822484,18.142415673307788,18.36791431237569,5635820
2000-01-28,18.687715530395508,19.10591224697827,18.367915925218618,18.859913994397967,4791650
2000-01-31,19.495412826538086,20.184209882765682,18.868116121909665,18.868116121909665,6373800
2000-02-01,19.7578067779541,20.007905855298343,19.269909629114682,19.35190955736143,3907790
2000-02-02,20.007909774780273,21.340403786760767,19.597911617247814,21.336304493353737,3438320
2000-02-03,18.527816772460938,20.499908536742357,18.408918491602197,20.00791041905676,2846870
2000-02-04,18.773815155029297,19.02391426999376,17.834919041612107,18.85581509561058,2657040
2000-02-07,20.229307174682617,20.278506510844423,18.85991340003255,19.26991151742456,3890350
2000-02-08,20.561405181884766,20.8115027071785,19.688108797700913,20.499904841752063,3052080
2000-02-09,20.70490074157715,21.401897713008175,20.180103757920087,20.909899758820487,3172330
2000-02-10,20.643407821655273,21.483905345301192,20.35641034569895,20.49990908367711,2100860
2000-02-11,19.03211784362793,21.237908846776083,18.995219502917198,20.91811071512955,2648230
2000-02-14,19.142810821533203,19.26991079621452,18.05221593264862,19.26991079621452,2525440
2000-02-15,18.66311264038086,19.26990960625738,18.45811360201642,19.187909678107893,1940870
2000-02-16,20.159608840942383,20.159608840942383,18.85991542031495,20.081709753340046,706000
2000-02-17,20.532705307006836,21.131302149137692,20.348205851824417,21.131302149137692,2341600
2000-02-18,19.89310646057129,20.745901629301642,19.597907350924604,20.581903340401215,1187770
2000-02-21,19.36421012878418,20.335905190541904,19.278110902910925,19.946408245681372,1104720
2000-02-22,17.839021682739258,19.679914359999245,17.818522084751407,19.35601539412635,1748060
2000-02-23,17.99481773376465,19.261712022130446,17.834918712789534,18.531915848851728,1345080
2000-02-24,18.613916397094727,18.859914658335054,17.67091941296293,18.203918252348313,878920
2000-02-25,18.613916397094727,19.187912861328424,18.203918252348313,18.85581536505586,1265320
2000-02-28,18.659015655517578,18.859915442969687,18.03991911936231,18.847615998601615,857210
2000-02-29,17.77751922607422,19.597910366272178,17.178922329651044,18.6959141644733,2586880
2000-03-01,19.200210571289062,19.200210571289062,17.875915414888492,17.875915414888492,320940
2000-03-02,20.73770523071289,20.73770523071289,20.499905575310326,20.499905575310326,399360
2000-03-03,22.398197174072266,22.398197174072266,22.398197174072266,22.398197174072266,642940
2000-03-06,21.81599998474121,24.189889517877027,20.90990449850387,24.185790224771054,2036410
2000-03-07,21.172300338745117,21.96769760506626,20.909901821037803,21.729897970882423,1624120
2000-03-08,22.307994842529297,22.869691758398883,21.48389941308614,21.729897628556735,2004770
2000-03-09,22.107099533081055,22.95989643719149,20.581907476143275,22.15219957989712,1339790
2000-03-10,20.840206146240234,21.565901475590408,20.34000791641085,21.422402752615803,1468330
2000-03-13,22.135799407958984,22.508897638323027,20.49990620465896,20.49990620465896,2079820
2000-03-14,21.762706756591797,22.959900835122582,20.991909647773042,22.590901803236175,1782020
2000-03-15,21.30760955810547,22.13990550531929,20.253914180473846,22.13990550531929,827860
2000-03-16,21.06980323791504,21.48390221695757,20.914003513640314,21.48390221695757,1324640
2000-03-17,21.06980323791504,21.06980323791504,21.06980323791504,21.06980323791504,0
2000-03-20,21.06980323791504,21.06980323791504,21.06980323791504,21.06980323791504,0
2000-03-21,20.975500106811523,21.319898530245457,20.22930378337441,21.319898530245457,1601110
2000-03-22,21.41420555114746,21.729904349185837,20.832008864596506,21.299406556958594,761300
2000-03-23,22.99269676208496,23.127995336879124,21.176404851472967,21.176404851472967,2538440
2000-03-24,22.418701171875,22.775399159528977,21.68890489358965,22.558100619144906,1171540
2000-03-27,22.279298782348633,22.795895745761765,21.832400751356364,22.54989748966385,611310
2000-03-28,22.55809211730957,22.836890906773945,21.979994949394577,22.016894835177165,983640
2000-03-29,21.762706756591797,23.611798082109146,21.570007088382326,22.63190256456751,984800
2000-03-30,21.529003143310547,21.811902880594204,20.581908374891736,21.032905734708418,953680
2000-03-31,21.090301513671875,21.319901010679743,20.66390468211243,20.74590305016938,743600
2000-04-03,20.266210556030273,22.385900437059178,19.692212467277386,21.315806480257084,1685880
2000-04-04,18.646713256835938,19.925906881067643,18.646713256835938,19.925906881067643,717830
2000-04-05,17.15842056274414,19.023913245428627,17.15842056274414,19.023913245428627,872810
2000-04-06,15.910684585571289,17.51786756970033,15.910684585571287,17.104710330566547,835060
2000-04-07,17.183208465576172,17.183208465576172,15.290947683008316,16.11313122622751,1609290
2000-04-10,18.55902671813965,18.55902671813965,18.174791846854653,18.550764958387415,1560560
2000-04-11,18.691234588623047,19.410127317375956,17.26997264715047,18.559022819309703,2959330
2000-04-12,19.253131866455078,20.079446565892123,18.426817167018033,19.6662892161736,1309010
2000-04-13,19.125049591064453,19.33575909630904,17.76576185246772,18.92260184392607,1913160
2000-04-14,19.125049591064453,19.125049591064453,19.125049591064453,19.125049591064453,0
2000-04-17,17.59636688232422,18.59207576585265,17.59636688232422,18.59207576585265,1283290
2000-04-18,18.352449417114258,18.58381810915583,17.687267382626498,17.687267382626498,1368980
2000-04-19,18.711889266967773,19.17049399400023,18.09628436850313,18.92259873762263,1409530
2000-04-20,18.649921417236328,18.7573432044445,17.79055499992155,18.42681608325331,1793970
2000-04-21,18.649921417236328,18.649921417236328,18.649921417236328,18.649921417236328,0
2000-04-24,19.178760528564453,19.492760949652638,18.550762838528033,18.592077936848597,1986360
2000-04-25,19.083738327026367,19.418396363657685,18.178924255339112,18.84823875253146,2560160
2000-04-26,20.595890045166016,20.61241671483753,19.10852444826926,19.823286362827478,1889780
2000-04-27,20.28601837158203,21.07101770066202,19.261388680364476,21.04622770068792,2557680
2000-04-28,20.25710105895996,20.616549029546626,19.835680441633148,20.00094398508012,1672490
2000-05-01,20.25710105895996,20.25710105895996,20.25710105895996,20.25710105895996,0
2000-05-02,20.757022857666016,20.988389930429268,19.83154983840308,20.409970672451163,2538730
2000-05-03,20.34386444091797,20.649599934702074,19.211812840298446,20.079442467174292,2228920
2000-05-04,20.72396469116211,21.23628030279889,20.33559749800186,21.06275346257351,1722450
2000-05-05,21.47178840637207,22.31049733903402,20.430631674755386,20.53392101428795,2844190
2000-05-08,21.521358489990234,22.723645872184868,21.153648836229657,21.89733147683269,1382200
2000-05-09,21.599864959716797,21.893207865247827,20.905760511144198,21.1536558576745,1142880
2000-05-10,21.703149795532227,21.897334206993193,20.82312598953089,21.484176957804642,1874770
2000-05-11,21.963436126708984,22.38485664904928,20.992517361991666,21.079279993513893,2431380
2000-05-12,21.657703399658203,22.426176176256696,21.49244143682116,22.426176176256696,1296980
2000-05-15,21.244539260864258,21.649434642691176,20.74048862467234,21.323040125700015,1653130
2000-05-16,21.1743106842041,21.628783063583427,21.07102136379335,21.236284906878534,1074070
2000-05-17,21.32304573059082,21.566808568914908,21.079282892266733,21.48417680445305,801430
2000-05-18,21.15778160095215,21.401544432355283,21.071018959961993,21.079282293780548,488710
2000-05-19,21.132999420166016,21.525497648073284,20.827262282816204,20.827262282816204,2169050
2000-05-22,20.562841415405273,21.310656783263948,20.100105626577744,21.15365654959971,1101500
2000-05-23,19.315101623535156,20.409968977008404,18.100419864220978,20.409968977008404,2039100
2000-05-24,20.005075454711914,20.86031250480447,18.187184303505667,19.00523555795898,3198410
2000-05-25,19.30270767211914,20.451284349421034,19.01349727519618,20.03812708983677,1576310
2000-05-26,19.025888442993164,19.49688739135093,18.60033703808564,19.096125985435254,1387350
2000-05-29,18.56315803527832,19.129183107791167,17.517870546959763,18.844105131723396,1411510
2000-05-30,18.492918014526367,18.963918608467864,17.848393706310368,18.7573399812561,1467450
2000-05-31,19.030025482177734,19.781971629321017,18.592078184230658,19.08786725102414,1526690
2000-06-01,18.94325828552246,19.17049602192401,18.674707032792057,18.75733879365901,935730
2000-06-02,20.203393936157227,20.40997259981499,19.170500617868413,19.170500617868413,2218470
2000-06-05,20.414100646972656,21.773388443483853,20.174470249937045,20.335601333060456,1571110
2000-06-06,20.21165657043457,21.071024604954243,19.583658792679667,21.071024604954243,917930
2000-06-07,19.790237426757812,19.86460587483381,19.335763402285576,19.666288962584353,800020
2000-06-08,19.8604679107666,20.236440926848744,19.58365332330898,19.83154703076565,636620
2000-06-09,20.26536750793457,20.657867301884416,19.996816178652193,19.996816178652193,1082110
2000-06-12,20.19099998474121,20.575236460248114,20.087710643498934,20.368657777763556,641440
2000-06-13,20.955341339111328,21.071024893004964,19.74892105509257,19.83155284047526,1140140
2000-06-14,20.682655334472656,21.401548165311944,20.575233552164224,21.401548165311944,707300
2000-06-15,20.73223304748535,20.905758353685744,20.455416842170926,20.74462726190824,635020
2000-06-16,20.740495681762695,20.901626768096563,20.07944309097177,20.07944309097177,558130
2000-06-19,20.794208526611328,20.90575961528909,20.257102753513514,20.265366088984106,741850
2000-06-20,21.037965774536133,21.376756159230876,20.368651491163632,21.06275577616837,1007540
2000-06-21,21.170181274414062,21.732073892554297,20.914022607243446,21.31891658223144,1839140
2000-06-22,21.244539260864258,21.649434642691176,21.15364576231096,21.327171003605862,650740
2000-06-23,21.269338607788086,21.401548823874453,20.996654840101193,20.996654840101193,757810
2000-06-26,21.083417892456055,21.273471460689247,21.0007876879122,21.017312783178895,660410
2000-06-27,20.81486701965332,21.0710241265589,20.740498573121027,21.0710241265589,743320
2000-06-28,20.69504737854004,21.484177688278233,20.5008629604767,21.484177688278233,603830
2000-06-29,21.28586196899414,21.401545496064102,20.740494518421677,20.781809613498133,774040
2000-06-30,20.852052688598633,21.128867366272573,20.82313179917211,21.071025587419527,384500
2000-07-03,22.198936462402344,22.971539995388387,20.82725466622695,20.91401730112529,2004340
2000-07-04,23.041780471801758,23.207042429388625,21.979966444642404,22.145228402229268,3134290
2000-07-05,22.971548080444336,23.53344232985993,22.41378628713721,23.53344232985993,2192710
2000-07-06,22.802148818969727,23.128543435588888,22.533597543174245,22.971543234064374,957330
2000-07-07,23.285547256469727,23.549967694198276,22.727783918070322,22.888916599876904,2121980
2000-07-10,22.7814884185791,23.384697569870713,22.558383145831893,23.136803873086944,1441670
2000-07-11,22.711254119873047,23.13680557521775,22.641016569106267,23.05417381152087,918410
2000-07-12,22.1369686126709,23.029388306427272,21.566811104527382,22.723651214793794,1829150
2000-07-13,21.96756935119629,22.818673819688836,21.66183388097036,22.6327527493786,2059660
2000-07-14,21.963436126708984,22.310488228867484,21.82296261926222,21.901461917867625,775550
2000-07-17,21.017309188842773,21.835360367272518,20.98838830698439,21.822966153924597,1125760
2000-07-18,20.67852020263672,21.10407324506124,20.65786265519549,21.00904568990588,1426120
2000-07-19,20.761154174804688,20.90162771883124,20.492601301319507,20.492601301319507,694040
2000-07-20,20.521516799926758,21.31891029995896,20.252965572995812,20.657859428669383,988110
2000-07-21,19.96375846862793,20.64546857093661,19.839811607136312,20.533915922773197,1148120
2000-07-24,19.104393005371094,19.66628557299884,18.60034062774761,19.422522718779113,2139820
2000-07-25,20.050518035888672,20.550439436332518,18.393758388408838,18.674705405229147,1023310
2000-07-26,20.244709014892578,20.82312990288899,20.038130351475306,20.57523456114619,607630
2000-07-27,20.203393936157227,20.310814147788406,19.914183491822335,20.108366363932944,309420
2000-07-28,19.426654815673828,20.29428444291804,19.335759712908665,20.00094316262851,1299440
2000-07-31,19.2448673248291,19.501024403331044,19.00523534011407,19.41839263011655,246430
2000-08-01,18.794527053833008,19.492762352550482,18.691237724527873,19.492762352550482,731000
2000-08-02,18.509449005126953,18.996974805275123,18.01365986883235,18.88129125136546,1170800
2000-08-03,20.86031723022461,21.31065884654652,18.513583138427737,18.575555801034938,2954030
2000-08-04,20.637208938598633,20.988392038498443,20.017472943902398,20.24470916007699,2838820
2000-08-07,19.434917449951172,20.657862533688785,18.98870686270997,20.496731458097187,1494150
2000-08-08,20.909887313842773,21.310650324603213,19.08786402296397,19.178757540321076,1966720
2000-08-09,20.166208267211914,21.071022181748866,19.996813838205362,21.004917077162652,637310
2000-08-10,20.133153915405273,20.575232075628954,19.934838611609877,19.996812833576534,439490
2000-08-11,20.013336181640625,20.19512637631975,19.422521201073067,19.422521201073067,506620
2000-08-14,20.120759963989258,20.203391735666393,19.934838871733195,20.00507485321329,551750
2000-08-15,20.120759963989258,20.120759963989258,20.120759963989258,20.120759963989258,0
2000-08-16,20.32733726501465,20.451284126323852,20.162073732555807,20.32733726501465,309750
2000-08-17,20.405838012695312,21.07102149237076,20.21991691960746,20.21991691960746,1182700
2000-08-18,19.79436683654785,20.162076593573794,19.583657300029305,20.162076593573794,2462310
2000-08-21,19.434917449951172,19.66628450164379,18.69949647202436,19.426654115809313,2801190
2000-08-22,19.046552658081055,19.269657998936484,18.92260577185143,19.269657998936484,1111770
2000-08-23,19.236597061157227,20.079436431370574,19.087860238157987,20.079436431370574,1075740
2000-08-24,19.133312225341797,19.319231721257307,19.063074675449673,19.253126626336957,390670
2000-08-25,19.732389450073242,20.38517865773415,19.01349672191509,19.01349672191509,2312720
2000-08-28,19.434917449951172,19.99681156303868,19.41425990263145,19.99681156303868,429230
2000-08-29,19.397733688354492,19.600179863323817,19.087865743096657,19.335759468874976,936450
2000-08-30,19.492759704589844,19.81502186390228,19.41839127150699,19.5836548063733,1113170
2000-08-31,19.77783966064453,19.831550551354056,19.36881481312207,19.36881481312207,438410
2000-09-01,19.77783966064453,19.77783966064453,19.77783966064453,19.77783966064453,0
2000-09-04,19.703466415405273,20.07943940655287,19.583652024520177,19.83154571553652,481800
2000-09-05,19.769575119018555,20.24470661907795,19.58365560480134,19.591917363418602,869690
2000-09-06,20.042261123657227,20.57523445066885,19.831551581573855,19.831551581573855,1091950
2000-09-07,19.839811325073242,20.244705240760062,19.736522012620384,19.736522012620384,697550
2000-09-08,19.711732864379883,20.157943470024595,19.674548647242826,19.674548647242826,664760
2000-09-11,19.839811325073242,19.996811521301137,19.748916225772383,19.748916225772383,673660
2000-09-12,19.52168083190918,19.810891233521815,19.459706611538653,19.75718034760535,930850
2000-09-13,19.488622665405273,19.707597034008028,19.426650036459574,19.66628037197472,473020
2000-09-14,19.21181297302246,19.521680924200243,19.17049787662672,19.25726052469972,924750
2000-09-15,18.81104850769043,19.0961280100782,18.468128820328484,19.0961280100782,1839060
2000-09-18,17.298892974853516,18.592075560709038,16.278395676915377,18.592075560709038,4094360
2000-09-19,19.034154891967773,19.41839127085974,16.365159363634035,17.06339456747767,3391350
2000-09-20,18.59621238708496,19.50102802910514,18.187187476532788,19.33576445194914,1342330
2000-09-21,18.51357650756836,18.695365125938213,18.18718190943335,18.592075815850155,788790
2000-09-22,17.922760009765625,18.418548971410157,17.765759830429765,18.18304791437153,1413240
2000-09-25,18.492918014526367,18.53010223046728,17.811209490369457,18.17891919463522,682890
2000-09-26,18.373104095458984,18.509445173475576,18.199577224446177,18.3441832129685,910820
2000-09-27,18.728424072265625,18.7903967312421,18.01366044538885,18.178924021466653,616410
2000-09-28,18.501184463500977,18.83584246331036,18.178922255138684,18.790394905501298,1231040
2000-09-29,19.35641860961914,19.87286522754996,18.402026268367784,18.83997199168832,1612480
2000-10-02,19.35641860961914,19.35641860961914,19.35641860961914,19.35641860961914,0
2000-10-03,19.773706436157227,19.831548199568125,19.005233691252784,19.335759179364953,1015840
2000-10-04,19.50928497314453,19.831547109328802,19.174627048289494,19.831547109328802,538430
2000-10-05,19.38947105407715,19.624970574890238,19.174629081813116,19.50102370752597,534020
2000-10-06,20.195127487182617,20.49259964526352,18.344183135280804,19.434918059073848,4165980
2000-10-09,20.091838836669922,20.327338358648507,19.666285769317618,19.84394352464461,1702680
2000-10-10,19.7530460357666,20.236439196801946,19.45970322986854,19.666281827111604,1597610
2000-10-11,19.554731369018555,19.74891418463277,18.943257315554796,19.492757157524224,1527000
2000-10-12,19.538206100463867,19.624968741908187,19.261389932337508,19.422521002468326,535320
2000-10-13,19.538206100463867,19.64562628852782,19.096127983310677,19.2531265984757,858650
2000-10-16,19.571258544921875,20.203390210884507,19.054811981004274,19.914179819876683,1672680
2000-10-17,19.6456298828125,19.831550988544116,19.35641944901555,19.381209455136457,1006920
2000-10-18,19.6704158782959,19.819152732554958,19.191153556833232,19.50102147784969,874410
2000-10-19,19.98855209350586,20.162077415824903,19.666288303945986,19.74892008527083,1165000
2000-10-20,20.21991729736328,20.4099708494426,20.079443755080298,20.24470730226145,983450
2000-10-23,20.08770751953125,20.401707950674922,20.03812908474489,20.244707735103084,490540
2000-10-24,20.100101470947266,20.162074114741674,19.87286371549145,19.91418038742427,908620
2000-10-25,19.947235107421875,20.1620771051277,19.843945776375044,20.1620771051277,484280
2000-10-26,19.94310188293457,20.244706505003165,19.856339233312767,20.244706505003165,132760
2000-10-27,19.831552505493164,20.06705206541028,19.587789609570336,19.91418428948009,157710
2000-10-30,20.401708602905273,20.575233918240045,19.670419968130005,19.670419968130005,725980
2000-10-31,20.703311920166016,21.06275831884159,20.07944353370189,20.657864366388765,1268940
2000-11-01,20.42236328125,21.025572496489897,20.24470553516197,21.025572496489897,450870
2000-11-02,20.81899642944336,20.905759085581053,20.29015558128594,20.29015558128594,1090260
2000-11-03,20.50086212158203,20.905756033856797,20.409968599116965,20.905756033856797,586410
2000-11-06,20.657861709594727,20.905755419681956,20.409967999507497,20.409967999507497,3414470
2000-11-07,20.554576873779297,20.64960286919298,20.459550878365615,20.49260264473684,500740
2000-11-08,20.153806686401367,20.653728070782496,20.079438268099036,20.653728070782496,311190
2000-11-09,20.24057388305664,20.31080985735003,19.823284188016615,19.996811048389933,463730
2000-11-10,20.25710105895996,20.409970388272892,20.16207507310244,20.20339174699916,508910
2000-11-13,19.8604679107666,20.16207249939779,19.83154703076565,19.893521245664694,379350
2000-11-14,19.4844970703125,19.87286434231142,19.21181333123455,19.83154924514534,961560
2000-11-15,19.8604679107666,20.16207249939779,19.62496841586184,19.823283697041123,1788270
2000-11-16,19.220077514648438,19.922445229978173,18.934999549045486,19.831550120914915,3386130
2000-11-17,18.984573364257812,19.17049441662233,18.476390205174546,19.04654599766624,2274520
2000-11-20,18.893680572509766,19.005233217479873,18.550760879663713,18.92260145349426,844210
2000-11-21,18.567285537719727,18.922601011305893,18.476392017922404,18.83996924925124,1725570
2000-11-22,18.51770782470703,18.99697017181416,18.34418253616627,18.99697017181416,1544510
2000-11-23,17.918630599975586,18.550762303318333,17.687263534343668,18.43094631514756,2032420
2000-11-24,18.484651565551758,18.59620260899647,18.026046877350023,18.096282836264802,1695020
2000-11-27,18.654054641723633,18.71602729744795,18.447475970502197,18.56315952204374,1679260
2000-11-28,18.315261840820312,18.736680853292178,18.178919190378945,18.66644487657015,1845570
2000-11-29,18.348316192626953,19.781972571933892,18.108685770834857,19.781972571933892,1557300
2000-11-30,18.273948669433594,18.674711787224044,18.054975787046722,18.497054007754265,1222240
2000-12-01,17.869049072265625,18.199574520238112,17.35260256728685,18.199574520238112,3651830
2000-12-04,17.877317428588867,18.088026968354097,17.765764763041357,17.765764763041357,1088200
2000-12-05,17.69552993774414,18.0053979481556,17.600502360942848,18.0053979481556,2271740
2000-12-06,18.17479133605957,18.996973526403057,18.01365865615682,18.01365865615682,2366510
2000-12-07,18.03431510925293,18.17891952046504,17.972340889550665,18.11694530076278,810150
2000-12-08,18.10868263244629,18.302865464019956,18.017787535069385,18.09628684348684,1751810
2000-12-11,18.393760681152344,18.559022633012923,18.17891872527077,18.26155048923596,1586350
2000-12-12,18.889551162719727,19.16636578112114,18.592077419662747,18.592077419662747,4568430
2000-12-13,19.377079010009766,20.162076975267603,18.930868346247752,18.963921688483502,4965450
2000-12-14,18.94325828552246,19.583653250189013,18.83996897845621,19.418389728455114,1746750
2000-12-15,18.15826416015625,19.170499888797075,18.079763262266876,19.170499888797075,2245680
2000-12-18,17.939285278320312,18.170653883004036,17.604628947340803,17.604628947340803,1384430
2000-12-19,17.769895553588867,18.1004226688427,17.6872653508455,17.968212453169205,2632380
2000-12-20,18.17479133605957,18.335922439892208,17.807079994613417,17.931028452395548,1776510
2000-12-21,17.984739303588867,18.220238871749075,17.765766408018557,17.931029981777062,1377700
2000-12-22,17.869049072265625,18.17891697525289,17.81947064908717,18.170653642044872,1061090
2000-12-25,17.869049072265625,17.869049072265625,17.869049072265625,17.869049072265625,0
2000-12-26,17.794687271118164,18.096291953128784,17.550924367017767,17.77816059855232,1900460
2000-12-27,18.03431510925293,18.17891952046504,17.807077354391215,17.807077354391215,711410
2000-12-28,18.183046340942383,18.587941754098622,18.071495292089622,18.071495292089622,1753480
2000-12-29,18.410289764404297,18.571420858436806,18.178921110162477,18.26155288496813,1802700
2001-01-01,18.36484146118164,18.654051873182524,18.344183912339425,18.583814315835046,1003590
2001-01-02,18.509449005126953,18.59208079052109,18.096291654226484,18.414423003548272,1786810
2001-01-03,18.66231346130371,19.418392035364448,18.592077480668088,18.757341022035334,4207540
2001-01-04,18.621000289916992,18.996973388146927,18.563158517277017,18.868894051536913,2125270
2001-01-05,18.889551162719727,19.00523469565525,18.56728741571802,18.629261637544868,1618440
2001-01-08,19.017629623413086,19.170498956038564,18.757341664538334,18.757341664538334,2596130
2001-01-09,19.48036766052246,19.666287187864565,18.939131020827087,19.063077897745174,2699850
2001-01-10,18.62512969970703,19.827417241471096,18.517707931455075,19.715864594164756,3259280
2001-01-11,18.914335250854492,19.170493837966696,18.674704905316432,18.839966832153475,1899000
2001-01-12,19.60843849182129,19.748911989668674,19.00522941474055,19.129176247883656,3946760
2001-01-15,20.575231552124023,20.81486352315677,19.748917019299203,19.815022118882393,4899580
2001-01-16,20.657861709594727,20.790071898450552,20.331467116326387,20.657861709594727,2863150
2001-01-17,20.587627410888672,20.740495158674367,20.261232791071464,20.575231621127198,2083080
2001-01-18,20.649600982666016,20.699179415728477,20.327338803655074,20.653733438128704,1694510
2001-01-19,20.802471160888672,20.988392276620925,20.3356045076912,20.649603388428886,3062540
2001-01-22,20.496732711791992,21.442863251962336,20.31907495705014,20.905757532378168,2553510
2001-01-23,20.628942489624023,20.90575710229875,20.513258959081735,20.513258959081735,1074060
2001-01-24,20.608287811279297,20.74049802918714,20.368655806277502,20.575234468767274,1071050
2001-01-25,20.624807357788086,21.071017905235948,20.49259717544865,20.616545600452856,1279930
2001-01-26,20.624807357788086,20.624807357788086,20.624807357788086,20.624807357788086,0
2001-01-29,20.26949691772461,20.65786419724768,20.07944336929676,20.492600653241713,1641080
2001-01-30,20.608287811279297,20.699181351047116,20.042261141286836,20.244708923997663,1227350
2001-01-31,20.98012351989746,21.071018614340858,20.327335919636894,20.327335919636894,1740520
2001-02-01,20.757022857666016,21.075152582715486,20.53391754372719,20.988389930429268,942430
2001-02-02,20.84378433227539,20.955336982942065,20.533916383557926,20.70744167832616,842630
2001-02-05,21.8147029876709,22.50880730975737,20.740494743335574,20.823126510454415,5280470
2001-02-06,21.442859649658203,21.89733194642019,21.240411924984798,21.732068433377833,1023200
2001-02-07,20.76528549194336,21.773390326581442,20.657865285927357,21.484179897364452,1144160
2001-02-08,21.343700408935547,21.40154216346354,20.657859535402952,20.806596376228992,1247210
2001-02-09,22.488147735595703,23.05417268884016,21.47591222575931,21.47591222575931,7995520
2001-02-12,21.690759658813477,22.632757859653793,21.56681277597714,22.550127655142987,2201030
2001-02-13,21.418075561523438,21.938653091973997,21.277602009485967,21.732074431687725,1811010
2001-02-14,21.856019973754883,21.95517683486838,21.22802074111313,21.48417780440454,2641060
2001-02-15,21.579208374023438,21.97997151107235,21.484182371891574,21.97997151107235,939480
2001-02-16,20.971866607666016,22.30636624879758,20.839656380395375,21.810577108497554,2238980
2001-02-19,21.219758987426758,21.798178256530814,20.947075234946414,21.566811179317195,1789610
2001-02-20,20.72396469116211,21.27759539157799,20.66612293644352,21.15364854917107,1442670
2001-02-21,20.682655334472656,20.988390858738086,19.748918939016505,20.97186418821832,2118770
2001-02-22,20.781810760498047,21.15365294098846,20.600022125630474,20.666127227043223,2367740
2001-02-23,20.443021774291992,20.905757480911387,20.162074701255595,20.90162660163288,2697660
2001-02-26,20.657861709594727,20.74049347164706,19.835678120082157,20.409967999507497,828380
2001-02-27,20.690919876098633,20.823130095825068,20.418234524833956,20.657866533131955,1553190
2001-02-28,21.1991024017334,22.227863233566563,20.657865751654814,21.897337696754104,4403910
2001-03-01,21.893205642700195,22.69886110294247,21.409810790484837,21.649442776863562,3344000
2001-03-02,21.86427879333496,22.475752850982545,21.756858612222086,22.227857579378735,3084400
2001-03-05,21.256938934326172,22.062595815279057,21.083412085226158,21.732068783863735,2081400
2001-03-06,21.256938934326172,21.256938934326172,21.256938934326172,21.256938934326172,0
2001-03-07,21.269338607788086,21.48418060294596,20.666129299885274,21.15365506273004,1216350
2001-03-08,21.67009735107422,21.814701753297424,21.153650805891658,21.153650805891658,904970
2001-03-09,20.8768367767334,21.318914938610423,20.66199480280074,21.318914938610423,1428380
2001-03-12,20.674392700195312,20.905759791036537,20.579366705589795,20.740497808445678,915420
2001-03-13,18.273948669433594,20.579367346606908,17.39805556381595,20.579367346606908,2514890
2001-03-14,20.153806686401367,20.492595447081072,18.178915875209505,18.178915875209505,1474340
2001-03-15,20.02573585510254,20.64547183666103,19.42252496857233,20.64547183666103,1714080
2001-03-16,19.21181297302246,20.244706143615065,18.50944530180551,19.835679754589638,1107510
2001-03-19,19.405996322631836,19.583654064256372,18.509444280471993,18.674707809075688,457270
2001-03-20,18.95978546142578,19.418390249271226,18.77799684349858,19.34402182010333,699820
2001-03-21,19.5134220123291,19.996816945281896,18.67471307206098,18.67471307206098,961000
2001-03-22,19.236597061157227,19.624964206490148,19.104386902062217,19.542332463038413,236250
2001-03-23,18.968050003051758,19.4183914856555,18.59207695435101,19.21181285282938,361790
2001-03-26,18.794527053833008,19.087868370802767,18.42681571760786,18.42681571760786,171770
2001-03-27,18.77386474609375,19.00110249291821,18.67883876836253,18.839969842605463,1190700
2001-03-28,18.893680572509766,19.327495363346973,18.839969689508646,18.9308647874998,305000
2001-03-29,18.963918685913086,19.087865547532353,18.839970248223967,18.914338680409497,1180950
2001-03-30,18.8688907623291,19.087865175527714,18.67883880647884,18.922601645876288,618990
2001-04-02,18.439205169677734,18.69123129870996,17.7657585328314,18.69123129870996,807420
2001-04-03,18.59621238708496,18.674713295465686,18.104555687954786,18.26981926511079,861860
2001-04-04,18.670576095581055,18.753207863164874,18.191313734878754,18.39376148665562,317990
2001-04-05,18.670576095581055,18.670576095581055,18.670576095581055,18.670576095581055,0
2001-04-06,18.831708908081055,19.04654929908635,18.59207693770377,18.59207693770377,450700
2001-04-09,18.62512969970703,18.777997441836526,18.344182641914,18.765601652533707,518500
2001-04-10,18.67470932006836,18.831709527337956,18.59207754908068,18.633392646539548,866330
2001-04-11,19.050682067871094,19.211813151811878,18.592077243688916,18.641655675039175,934170
2001-04-12,19.12091636657715,19.418390080665848,18.517707180625976,18.844101775132213,1045200
2001-04-13,19.12091636657715,19.12091636657715,19.12091636657715,19.12091636657715,0
2001-04-16,19.472103118896484,19.988549720784796,18.922603177973745,19.414261351656187,981290
2001-04-17,20.306682586669922,20.49260211686796,19.418393732316765,19.50102551022149,1308550
2001-04-18,20.26536750793457,20.649603965835237,20.07944638700357,20.40997352468988,1129190
2001-04-19,19.798498153686523,20.657866141694676,19.501025952973794,20.327340598641584,2337880
2001-04-20,20.30262565612793,20.415117309574548,19.586012866469446,20.415117309574548,1533010
2001-04-23,20.277629852294922,20.406787307355383,20.10264387060346,20.24846552201301,613220
2001-04-24,19.815160751342773,20.148468426396978,19.677670441381213,20.010978116435414,1292290
2001-04-25,19.765167236328125,19.915156116487424,19.669341360523386,19.748503041350055,272450
2001-04-26,19.823495864868164,19.99431616682254,19.686005539488608,19.865158732920825,219590
2001-04-27,19.36936378479004,19.665174282908144,18.331941831817726,19.62350982514299,515720
2001-04-30,19.198545455932617,19.656843413131003,18.831906136571877,18.831906136571877,662570
2001-05-01,19.198545455932617,19.198545455932617,19.198545455932617,19.198545455932617,0
2001-05-02,19.66517448425293,19.82349624670841,18.373604888367186,18.373604888367186,559900
2001-05-03,19.444358825683594,19.99848425650591,19.1818798641394,19.915156920903122,439790
2001-05-04,19.348527908325195,19.561012638255516,19.26103494392392,19.561012638255516,498260
2001-05-07,19.785999298095703,19.831827818725035,19.336032679524717,19.49435444413339,594670
2001-05-08,19.415191650390625,19.748500943939227,19.34019721827584,19.66517362055208,424900
2001-05-09,19.798498153686523,19.99848279087488,19.248540004084393,19.540184862651977,731860
2001-05-10,19.698505401611328,20.3901195472369,19.619345311273836,19.998483157562493,1072710
2001-05-11,19.469356536865234,19.83182860100996,19.415193533011124,19.83182860100996,301810
2001-05-14,19.773496627807617,20.081807225700622,19.373527411084037,19.748499545097637,785360
2001-05-15,20.06098175048828,20.240134980009977,18.83190782330579,19.340201591154845,729540
2001-05-16,19.63600730895996,20.340119862198165,19.498517000882206,20.081806616237454,1240010
2001-05-17,19.531848907470703,20.28595722726314,19.33602995226714,19.977648222619624,1273200
2001-05-18,19.631845474243164,19.998484807392998,19.506855262064313,19.831830131596682,844600
2001-05-21,19.765167236328125,20.323458296178483,19.419360953149,19.998483448724443,1623140
2001-05-22,19.64850616455078,20.223462898683103,19.581844629385902,19.885987982909192,885930
2001-05-23,19.777666091918945,19.915154830294334,19.731835982681627,19.915154830294334,653970
2001-05-24,19.698505401611328,19.906822934502603,19.623510962623538,19.85682717162296,187940
2001-05-25,19.22770881652832,19.7734997325455,19.16521292126779,19.7734997325455,1245800
2001-05-28,19.52768898010254,19.58185199446328,19.12355396649786,19.16521684564491,967180
2001-05-29,19.590179443359375,19.665173876450044,19.331866167900692,19.498519227507106,1416770
2001-05-30,19.177711486816406,19.619345226805716,19.006891174154465,19.58184800747326,1798320
2001-05-31,19.156875610351562,19.281865782704436,18.96105666708575,19.281865782704436,779600
2001-06-01,19.206871032714844,19.331862792264854,19.094380992057825,19.281865452710353,404770
2001-06-04,19.35685920715332,19.42768797441875,19.106878875320934,19.290197679375602,813220
2001-06-05,19.32353973388672,19.41519839103213,19.16521792341802,19.16521792341802,812070
2001-06-06,19.506855010986328,19.556850777347005,19.37353190780002,19.415194781544457,461990
2001-06-07,19.16937828063965,19.415193027937722,18.95689510079598,19.415193027937722,1242010
2001-06-08,19.290199279785156,19.37352659375459,19.040218927213175,19.2485364174686,1119380
2001-06-11,19.219375610351562,19.323534374525295,18.99855794955435,19.206875477901818,376020
2001-06-12,18.981895446777344,19.24854165253075,18.331944128250857,19.24854165253075,760620
2001-06-13,18.940227508544922,19.081883478026764,18.756908673059904,19.04022061202359,745740
2001-06-14,18.148622512817383,18.990225465707773,18.006966538779665,18.990225465707773,1108360
2001-06-15,17.848644256591797,18.32360792340069,16.998708437388267,18.002798768426718,1837180
2001-06-18,16.536243438720703,17.915305932676212,16.423751792143985,17.915305932676212,1320600
2001-06-19,17.019540786743164,17.373681525145734,16.58207431162145,16.665401637677146,3052820
2001-06-20,17.769487380981445,17.83198169143067,17.148700392097243,17.240360621293547,1295570
2001-06-21,18.402769088745117,18.665249610882398,17.906973959673866,17.906973959673866,1289070
2001-06-22,18.236116409301758,18.87356753001333,18.123624754587375,18.340275172259158,1064250
2001-06-25,17.57366371154785,18.24861193904979,17.46950496578919,18.206949076480857,680470
2001-06-26,17.99446678161621,18.161121433130198,17.33201700531976,17.415344331076753,772430
2001-06-27,17.790315628051758,18.081960459200765,17.748651172552492,17.873642949713826,545630
2001-06-28,17.936140060424805,18.015301743613673,17.748653954631063,17.84864707416663,294030
2001-06-29,17.4653377532959,17.990298722770415,17.31951614473983,17.91530429855977,764000
2001-07-02,17.7194881439209,17.873644256534522,17.665326731816574,17.831979797988982,186560
2001-07-03,17.261188507080078,17.831978022976053,17.21119275113864,17.65699208251281,7004640
2001-07-04,16.877885818481445,17.32785245248653,16.62790541470305,17.32785245248653,524490
2001-07-05,16.982046127319336,17.12370212614927,16.83205882503187,17.082039251514438,403490
2001-07-06,16.998706817626953,17.14869566429277,16.840385080664554,16.840385080664554,141170
2001-07-09,17.06120491027832,17.16536366847375,16.665401311268393,16.74872863569204,107910
2001-07-10,17.332014083862305,17.415341395573776,16.923712004746,17.248688361487112,213370
2001-07-11,17.581995010375977,17.665322317307236,17.415340396513457,17.415340396513457,255400
2001-07-12,17.952804565429688,18.081962004510693,17.502837943601616,17.602831056008945,425620
2001-07-13,18.048627853393555,18.519425842683148,17.915304782161588,18.165285143387432,624010
2001-07-16,18.248613357543945,18.561089619109207,18.165286036592587,18.165286036592587,2428040
2001-07-17,18.42360496520996,18.540262286741005,18.336110384724876,18.35694341157268,300050
2001-07-18,18.936059951782227,19.08188155745299,18.336104569968104,18.336104569968104,703550
2001-07-19,18.69441795349121,18.906902761131594,18.498600521931465,18.665253621358122,580130
2001-07-20,18.748580932617188,18.91523562108632,18.719416600535624,18.831908276851753,1156620
2001-07-23,18.2611141204834,18.656916127356006,18.177786796649396,18.656916127356006,10420
2001-07-24,18.906898498535156,18.99022582413063,17.919472312634074,18.148622855355768,726680
2001-07-25,19.315200805664062,19.40686102351193,18.752742545238362,18.811072786173906,1261570
2001-07-26,19.111047744750977,19.323532493004382,18.70691285985616,18.70691285985616,2222010
2001-07-27,19.365198135375977,19.49852123250509,19.00689171584022,19.1652134896823,1631120
2001-07-30,19.35685920715332,19.452685054000273,19.106878875320934,19.106878875320934,539990
2001-07-31,19.515188217163086,19.648511322491565,19.273539095419732,19.411029441791666,1281690
2001-08-01,19.694337844848633,19.79016370998714,19.1693768227237,19.79016370998714,602550
2001-08-02,19.45685577392578,20.081808304634297,19.415191318276662,19.998480982672532,343220
2001-08-03,19.290199279785156,19.79016157426544,19.086049029363178,19.57351119367944,891050
2001-08-06,19.486026763916016,19.561021220401766,18.998562796758634,19.00689569073894,345830
2001-08-07,19.331867218017578,19.48185450300978,19.211042670437525,19.252705540268146,224940
2001-08-08,19.590179443359375,19.70267109299538,18.92356243692415,18.92356243692415,859250
2001-08-09,18.99022674560547,19.49852043666269,18.84857076202046,19.294370147851033,349570
2001-08-10,19.165210723876953,19.490185527563725,19.102714835781903,19.26520382696174,438560
2001-08-13,19.22770881652832,19.290203122452212,19.006891152121323,19.006891152121323,245470
2001-08-14,19.311033248901367,19.406860705628976,19.248538947213202,19.2527045982578,385400
2001-08-15,19.311033248901367,19.311033248901367,19.311033248901367,19.311033248901367,0
2001-08-16,19.415191650390625,19.452688866448018,19.323533025067608,19.323533025067608,366370
2001-08-17,19.940155029296875,20.07764377818135,19.57351571671046,19.57351571671046,1016650
2001-08-20,19.598512649536133,19.748501518126627,19.331866478413716,19.623509734743518,491020
2001-08-21,19.590179443359375,19.748501200921513,19.461022010961774,19.581846551978575,170380
2001-08-22,19.590179443359375,19.590179443359375,19.590179443359375,19.590179443359375,0
2001-08-23,19.590179443359375,19.62350941954605,19.165211518957754,19.498519227507106,213870
2001-08-24,19.65266990661621,19.681835815421273,19.423521001074008,19.58184272771649,1532120
2001-08-27,19.573514938354492,19.715170922402315,19.54018495999204,19.6693408114844,271410
2001-08-28,19.58184814453125,19.665175475779563,19.498520813282934,19.665175475779563,829950
2001-08-29,19.619342803955078,19.661005669474232,19.477686836118938,19.523516941791872,404120
2001-08-30,19.5693416595459,19.915147798288015,19.45685004641215,19.915147798288015,471430
2001-08-31,19.71100425720215,19.915154536179607,19.45268938883153,19.66517414864167,536780
2001-09-03,19.577680587768555,19.831826618802953,19.24853853550669,19.831826618802953,329800
2001-09-04,19.336034774780273,19.90682441225994,19.261040330225367,19.656843989968092,541930
2001-09-05,19.58184814453125,19.66100823508199,19.290203279830475,19.58184814453125,453140
2001-09-06,19.58184814453125,19.823497246217695,19.50268805398051,19.60684682070674,871710
2001-09-07,19.340198516845703,19.8318280095695,19.248539885368398,19.248539885368398,372950
2001-09-10,19.419361114501953,19.686007308406605,19.248540797198242,19.686007308406605,171000
2001-09-11,19.544353485107422,19.644346613571116,19.336035924366843,19.336035924366843,534460
2001-09-12,18.336103439331055,19.07354749111459,17.99863014720612,18.748572738894666,718730
2001-09-13,18.29444694519043,18.81524081357929,17.99863640938638,18.502764492545975,624300
2001-09-14,16.986209869384766,18.240280573873136,16.777892360448483,18.04029595601468,1593180
2001-09-17,16.065446853637695,17.08203572459905,15.340501223578375,17.08203572459905,1768810
2001-09-18,17.1737003326416,17.665329906474227,15.423832492672677,16.332097190815194,1460670
2001-09-19,17.786148071289062,18.02362990073073,16.519578844045647,17.190359877612895,1544580
2001-09-20,18.048627853393555,18.223615377720748,17.16536210914768,17.744484497812106,1023600
2001-09-21,17.731990814208984,17.831982350357332,16.998712132215992,17.352852928528147,985810
2001-09-24,16.865388870239258,17.706991973586614,16.66540421043446,17.511172965526235,1833860
2001-09-25,17.361177444458008,18.248610324836502,17.082032793398476,17.165360100501804,610790
2001-09-26,17.894474029541016,17.994465542092396,16.832055069998106,17.390346047975353,1255620
2001-09-27,17.88614273071289,18.12362458083204,17.186195723202797,17.91530705691443,804790
2001-09-28,18.090288162231445,18.248609882960512,17.706984783908197,17.706984783908197,439160
2001-10-01,17.477840423583984,18.14029020749331,17.373681662524884,18.040297097568487,1124980
2001-10-02,17.477840423583984,17.477840423583984,17.477840423583984,17.477840423583984,0
2001-10-03,17.569494247436523,17.998629306383513,17.423672657569572,17.502832722163614,961310
2001-10-04,17.67365837097168,17.790317267785618,17.52783673662503,17.60283117409948,1034310
2001-10-05,17.844480514526367,17.96530347492324,17.581999979772764,17.673658612901082,269540
2001-10-08,17.873641967773438,17.936136263584334,16.248764847308077,17.498669835562545,378710
2001-10-09,17.82781219482422,17.956968028832577,17.790314980907116,17.87364229953805,251460
2001-10-10,17.99446678161621,18.0611283243545,17.72782061066307,17.831979370525175,193220
2001-10-11,18.37360382080078,18.49859559877701,18.08196057708686,18.08196057708686,664920
2001-10-12,19.436025619506836,19.58184725053148,18.748577154764185,18.748577154764185,1783340
2001-10-15,18.99022674560547,19.41519310702387,18.790240518737654,19.41519310702387,335000
2001-10-16,18.927734375,19.13188470182028,18.765246926087595,19.077723278407422,154190
2001-10-17,18.7694091796875,19.098551259309605,18.60275610889387,18.836070725872275,676610
2001-10-18,18.686080932617188,18.99439156192706,18.498596435842096,18.511094978470688,544210
2001-10-19,18.686080932617188,18.74857682443325,18.527760761533177,18.59025506401269,581950
2001-10-22,18.598587036132812,19.831826313734688,18.427766741528067,19.16521091755434,1368530
2001-10-23,18.73191261291504,19.331868138806538,18.194452984082798,18.74857839737573,1364310
2001-10-24,18.7694091796875,18.940229491119528,18.7110805254429,18.765243528385724,706930
2001-10-25,18.47776222229004,18.815237155556005,18.336106254055288,18.748575616935913,1152630
2001-10-26,18.47776222229004,18.47776222229004,18.47776222229004,18.47776222229004,0
2001-10-29,18.248613357543945,18.665248372964292,18.036130198987607,18.62358550715684,1277050
2001-10-30,18.165287017822266,18.24444869220352,18.00696684773284,18.00696684773284,699590
2001-10-31,18.140291213989258,18.227784196692586,17.99863522751578,17.99863522751578,716430
2001-11-01,18.152790069580078,18.20695307428162,18.023632624318452,18.165288613227865,973000
2001-11-02,18.51109504699707,18.615253807518396,18.206951656995184,18.331941851753463,852680
2001-11-05,18.43609619140625,18.49859206846752,18.33193745586158,18.33193745586158,805010
2001-11-06,18.144454956054688,18.49026278845067,18.07362776493926,18.456931223688244,1313020
2001-11-07,18.286109924316406,19.281867321580535,18.10279109619069,19.281867321580535,554360
2001-11-08,18.19028663635254,18.248615290395595,17.931973344446178,18.22778385528545,516800
2001-11-09,18.273609161376953,18.356936469244573,18.16945042387648,18.248610492215807,2291740
2001-11-12,18.302778244018555,18.331942570961793,18.16112226057857,18.20695237129983,597430
2001-11-13,18.286109924316406,18.331940028681935,18.16528539268663,18.248612710684284,863430
2001-11-14,18.465267181396484,18.70691629804516,18.340276971453296,18.406938522712114,163700
2001-11-15,18.390268325805664,18.665247357448923,18.248612364696328,18.665247357448923,1220140
2001-11-16,18.390268325805664,18.390268325805664,18.390268325805664,18.390268325805664,0
2001-11-19,18.506933212280273,18.748582370155155,18.33194720637393,18.748582370155155,2328030
2001-11-20,18.73191261291504,18.790241269190783,18.502763639258895,18.723579720684693,1073670
2001-11-21,18.71941375732422,18.915232748132812,18.665250753397803,18.665250753397803,1459200
2001-11-22,18.581920623779297,18.831902580872367,18.540257758931993,18.831902580872367,881180
2001-11-23,18.761075973510742,18.806906083745766,18.565258578874637,18.66525010180869,697010
2001-11-26,18.915231704711914,19.156879204688767,18.69858129029399,18.915231704711914,645600
2001-11-27,19.00271987915039,19.14437582240924,18.58191769946844,18.83606526731545,2180300
2001-11-28,18.711082458496094,19.415195212148646,18.423604808875375,19.331869462811714,1819640
2001-11-29,18.51109504699707,19.061053175402748,18.019465570189485,19.061053175402748,2782200
2001-11-30,18.51109504699707,18.51109504699707,18.51109504699707,18.51109504699707,0
2001-12-03,18.706912994384766,18.831903182254557,18.165286198054897,18.415268163130943,1825450
2001-12-04,18.619415283203125,18.748572689447016,18.419430698569368,18.49859235598887,454790
2001-12-05,18.565261840820312,18.915235411253608,18.440270031186586,18.915235411253608,599990
2001-12-06,18.911067962646484,19.056891209175,18.60275886191646,18.748580519108113,806640
2001-12-07,19.511022567749023,19.665177110302544,18.87773702269595,18.998559994245042,1824240
2001-12-10,19.344369888305664,19.54852021910333,18.998561955452754,19.165216649004968,878360
2001-12-11,18.73191261291504,19.16521347287297,18.423603547075626,19.16521347287297,1914040
2001-12-12,18.72357749938965,18.961059337102185,18.58192152695265,18.765241955598466,460450
2001-12-13,19.22770881652832,19.5735150927831,18.248615463687656,18.706914987146043,865370
2001-12-14,18.73191261291504,18.998558806939403,18.540260859627114,18.998558806939403,471780
2001-12-17,18.73191261291504,18.73191261291504,18.73191261291504,18.73191261291504,0
2001-12-18,18.43609619140625,18.706909539556857,18.33193745586158,18.665245091737283,1037990
2001-12-19,18.319442749023438,18.581921673190454,18.206951100379072,18.340274182623542,918080
2001-12-20,18.53609275817871,18.736077377264085,18.040296066693273,18.290278032552347,941110
2001-12-21,18.64441680908203,18.90689731196711,18.33194054971194,18.33194054971194,899440
2001-12-24,18.315275192260742,18.398602514557982,17.831978630140533,18.16528632999301,315470
2001-12-25,18.315275192260742,18.315275192260742,18.315275192260742,18.315275192260742,0
2001-12-26,18.37777328491211,18.581923580215765,18.25694873256042,18.25694873256042,521530
2001-12-27,18.43609619140625,18.581917785434314,18.248610149558612,18.306938787169837,448080
2001-12-28,18.406938552856445,18.4777657558501,18.17362232840012,18.406938552856445,579710
2001-12-31,18.798574447631836,18.9985590961949,18.28611348768835,18.294446380045567,379480
2002-01-01,18.752744674682617,19.16521411249891,18.561092914998444,18.998559441003355,586410
2002-01-02,18.748580932617188,18.811076838127338,18.581926244148054,18.66525358838262,621090
2002-01-03,18.852737426757812,18.99439341795775,18.515262438780603,18.748578656444234,495820
2002-01-04,18.661087036132812,18.99856045946407,18.623589812503027,18.748580028156706,213310
2002-01-07,18.661087036132812,18.861071699046068,18.46110237321956,18.66525268794198,812730
2002-01-08,18.561092376708984,18.748578479370025,18.336109053515738,18.748578479370025,589010
2002-01-09,18.69441795349121,18.748580965739905,18.456936055072124,18.456936055072124,433750
2002-01-10,18.79440689086914,18.873566976232908,18.49859639419046,18.74857678221876,706690
2002-01-11,18.861066818237305,19.290200363688587,18.665247857806648,18.823569604310933,821870
2002-01-14,19.473522186279297,19.74850124511493,18.873566720211354,18.873566720211354,1185580
2002-01-15,19.985980987548828,21.165057183304892,19.331864180112266,19.498517222582674,2207830
2002-01-16,19.240205764770508,20.748424124611144,19.081884008749423,20.665096800950757,632500
2002-01-17,19.419361114501953,19.58184853957906,18.915233054817424,19.136049136144088,638360
2002-01-18,19.773496627807617,19.90681970004881,19.456854728568878,19.456854728568878,659840
2002-01-21,19.91098976135254,20.2484631404468,19.519351790481416,19.831828083323725,546300
2002-01-22,20.056806564331055,20.165132543118016,19.748497586353892,19.910984965198104,535540
2002-01-23,20.206798553466797,20.248461419904302,20.006813933761112,20.081808364817803,531970
2002-01-24,19.577680587768555,20.310957534846757,19.42352448369462,20.206798778257802,301650
2002-01-25,19.094383239746094,19.581845437762087,19.00688867989445,19.581845437762087,254360
2002-01-28,19.148544311523438,19.327697489540117,18.84023530005501,18.84023530005501,107480
2002-01-29,18.881898880004883,19.24437090048542,18.798571558575578,19.20687368530906,260460
2002-01-30,18.73191261291504,18.998558806939403,18.66525106440895,18.998558806939403,565710
2002-01-31,18.72357749938965,18.915230819277227,18.340274038287482,18.681914632517323,465950
2002-02-01,18.73191261291504,18.831905730342516,18.636086736271075,18.831905730342516,136680
2002-02-04,18.761075973510742,18.990226524685866,18.66525010180869,18.83190475914758,402320
2002-02-05,18.55692481994629,18.91106396357247,18.331941519852784,18.665249229619164,2196750
2002-02-06,18.765239715576172,19.07771594782754,18.51109212571792,18.54442209736985,1709750
2002-02-07,18.886070251464844,19.33186969089156,18.698584134571178,18.756912795529914,667290
2002-02-08,18.752744674682617,18.998559441003355,18.33194393369461,18.977728004400596,1624880
2002-02-11,19.06105613708496,19.165214913790344,18.836072797960504,18.91106724433532,300730
2002-02-12,19.240205764770508,19.498519037714853,19.131879767211053,19.22353998217113,416370
2002-02-13,19.156875610351562,19.331863123114605,18.919393806080215,19.2901986727728,312740
2002-02-14,19.02772331237793,19.331868318941222,18.91939889104742,19.040223445508268,540110
2002-02-15,19.461023330688477,19.748502540143285,19.0818854885022,19.165212818624415,1977900
2002-02-18,20.702590942382812,21.240050431365507,19.915151108882533,20.3901147170677,2988460
2002-02-19,19.598512649536133,20.815086202616293,19.581846866506844,20.706761791599018,982780
2002-02-20,19.69017219543457,20.415117897638417,19.45685757949414,19.58184777936746,451990
2002-02-21,19.719337463378906,20.206799703657758,19.581847135503395,20.069309375782243,339290
2002-02-22,20.573440551757812,20.698430757017714,19.831829033787244,19.835996274586698,1196420
2002-02-25,20.210968017578125,21.248390116701746,20.00265046741438,21.248390116701746,891320
2002-02-26,19.681840896606445,20.481779447416926,19.506853345281264,20.09847595582106,1076780
2002-02-27,19.740163803100586,20.077637085631014,19.42352036026217,19.66516938713023,897960
2002-02-28,19.465190887451172,20.40678544191512,19.081885798398627,19.923488826561325,1707600
2002-03-01,19.706836700439453,19.915154216489206,19.2485388008646,19.331866125151805,585190
2002-03-04,19.681840896606445,20.06097873691828,19.24854005358246,20.06097873691828,580750
2002-03-05,19.752670288085938,19.990152171072847,19.506855512268658,19.506855512268658,1567030
2002-03-06,19.59434700012207,20.081810862622017,19.502688364691632,19.665175789079388,442400
2002-03-07,19.719337463378906,19.998482180939636,19.606845810390734,19.640175787570616,659580
2002-03-08,19.5360164642334,19.873491413490026,19.27353594814491,19.77766554651663,1024270
2002-03-11,19.394357681274414,19.74016547185267,19.298531828175165,19.42352200224652,261140
2002-03-12,19.22770881652832,19.41519332363663,19.090218482689814,19.090218482689814,768300
2002-03-13,19.561017990112305,19.58184942695448,19.098552781266946,19.10271843290068,866550
2002-03-14,19.5693416595459,19.66100025631947,19.35269132195527,19.656834606649035,406950
2002-03-15,19.577680587768555,19.66517356186252,19.461021699640103,19.577680587768555,335430
2002-03-18,19.940155029296875,19.99848368575312,19.3401995015488,19.831829019303832,426940
2002-03-19,19.61517906188965,19.91515521935839,19.506853058060344,19.83182789087506,359710
2002-03-20,19.586013793945312,19.748502805064867,19.34019904092238,19.34019904092238,331540
2002-03-21,19.481853485107422,19.731835459039733,19.377694726636424,19.5318508334958,220720
2002-03-22,19.481853485107422,19.748501241835857,19.369363424574885,19.665173917191755,455570
2002-03-25,19.481853485107422,19.481853485107422,19.481853485107422,19.481853485107422,0
2002-03-26,19.194374084472656,19.486018898717916,19.11521400761687,19.38186015001149,340250
2002-03-27,19.873493194580078,20.115140709183574,19.044388704398603,19.044388704398603,428270
2002-03-28,19.715166091918945,19.91515068110459,19.623505892541104,19.756828951998198,625030
2002-03-29,19.715166091918945,19.715166091918945,19.715166091918945,19.715166091918945,0
2002-04-01,19.469356536865234,20.123473466476476,19.186044563479093,20.123473466476476,835090
2002-04-02,19.5693416595459,19.706830349374258,19.436018619387976,19.648501717972163,1123070
2002-04-03,19.036056518554688,19.490188826139544,18.698583115868516,19.419361624358846,1283570
2002-04-04,18.756908416748047,19.3318651778866,18.719411202123002,19.040220351840293,659120
2002-04-05,18.736080169677734,19.89432519050582,18.67775151241829,19.89432519050582,500420
2002-04-08,18.756908416748047,19.040220351840293,18.706912660360132,19.040220351840293,238280
2002-04-09,18.836069107055664,18.99855651258296,18.769407566599938,18.873566322895538,220230
2002-04-10,18.911067962646484,19.16521564175496,18.727749080843143,19.06105686109325,161440
2002-04-11,18.661087036132812,18.873570243810388,18.565261151153763,18.848573154281745,2012940
2002-04-12,18.598587036132812,18.665248575750848,18.531925496514777,18.665248575750848,352850
2002-04-15,18.45693016052246,19.081882659790736,18.381935733463358,18.915229613587698,2815170
2002-04-16,18.661087036132812,19.165215139893522,18.340277809375046,18.748580028156706,775200
2002-04-17,18.752744674682617,18.994393789417497,18.60692302912656,18.994393789417497,301500
2002-04-18,18.936059951782227,19.08188155745299,18.64024950065793,18.74857389496531,1019510
2002-04-19,18.869394302368164,19.331859278504037,18.68190828645687,19.14853891213035,801040
2002-04-22,18.47776222229004,19.031887553405415,18.31110917040803,18.58192097571746,1423060
2002-04-23,18.72774314880371,19.081882255144716,18.623584401134433,18.6652472644676,579490
2002-04-24,18.74440574645996,18.898560221815853,18.665244094500267,18.898560221815853,261100
2002-04-25,18.523588180541992,18.715239862495665,18.352767926742228,18.590249704236143,1264990
2002-04-26,18.686080932617188,18.74857682443325,18.511094978470688,18.66108384736,764800
2002-04-29,18.315275192260742,18.552757027739162,18.21528367697324,18.43193407921147,1647890
2002-04-30,18.29861068725586,18.41526958234988,18.20695205673356,18.41526958234988,763410
2002-05-01,18.29861068725586,18.29861068725586,18.29861068725586,18.29861068725586,0
2002-05-02,18.19028663635254,18.415269949949995,18.048630652532285,18.369439839105702,1154110
2002-05-03,18.040298461914062,18.33194333280327,17.96530402113293,18.248615999786825,1309480
2002-05-06,18.140291213989258,18.177788433624492,18.040298098516416,18.081962558853707,682950
2002-05-07,18.57440757751465,18.65870291929763,18.2540872080992,18.608126357347807,657210
2002-05-08,18.641847610473633,18.721927318408646,18.460613148694147,18.713499229405187,965660
2002-05-09,18.70506477355957,18.772500723031715,18.58705065613342,18.71349446821857,1138700
2002-05-10,18.700851440429688,18.793576485372743,18.544906089407323,18.565979524767094,738780
2002-05-13,18.49432945251465,18.713496716581282,18.131860577627524,18.131860577627524,210430
2002-05-14,18.570192337036133,18.709278275383664,18.443748528611344,18.46060791744129,221870
2002-05-15,18.700851440429688,18.797790529324672,18.62920143864646,18.713496787885596,1055450
2002-05-16,18.254085540771484,18.755640286478382,17.811535438783302,17.811535438783302,1593000
2002-05-17,18.464820861816406,18.637625552492633,18.21193488983684,18.637625552492633,919960
2002-05-20,18.28359031677246,18.418462220359356,16.90536654468146,16.90536654468146,271630
2002-05-21,18.84836769104004,19.489010059922972,17.87054555111345,17.87054555111345,757710
2002-05-22,18.40581703186035,18.544904588014425,18.22036856478818,18.46060924559983,716930
2002-05-23,18.055994033813477,18.452180064046836,17.967484645325168,18.12342998806171,475950
2002-05-24,18.376314163208008,18.502757982519032,18.089710959622934,18.207725083793225,537290
2002-05-27,18.528047561645508,19.38785726992281,18.08971301141,19.38785726992281,206280
2002-05-28,18.72614288330078,18.873658557176782,18.460613062523723,18.528049028838502,351320
2002-05-29,18.662918090820312,18.839938480043276,18.502758700332883,18.59126809104436,905850
2002-05-30,18.755645751953125,18.9663833446717,18.439539362875266,18.460612800587075,1394730
2002-05-31,19.337282180786133,19.577522910628616,18.671350608380475,18.797792843908056,1766170
2002-06-03,19.2571964263916,19.809329377202438,19.050674531124873,19.47214962425684,524250
2002-06-04,18.953737258911133,19.510084306240607,18.64606060453953,19.05067634663369,381060
2002-06-05,18.831510543823242,18.970596512534744,18.388961941122773,18.970596512534744,1266100
2002-06-06,18.730350494384766,18.966377099317498,18.376311390885515,18.553331746534994,1351200
2002-06-07,18.304662704467773,18.79778777232177,18.22458301872562,18.79778777232177,1085350
2002-06-10,18.536476135253906,18.671348049036016,18.435323003817345,18.671348049036016,641290
2002-06-11,18.599695205688477,19.05067339993759,18.43110453532628,18.966378064756494,368090
2002-06-12,18.536476135253906,18.780932483859,18.431107352124133,18.780932483859,637800
2002-06-13,18.536476135253906,18.620771483317732,18.422677656537747,18.473255830056065,816730
2002-06-14,18.532262802124023,18.60812845751112,18.460611190791724,18.54490654208851,395060
2002-06-17,18.460609436035156,18.544904779319324,18.426892263401456,18.544904779319324,1439530
2002-06-18,18.42267417907715,18.629197662460186,18.38052731690089,18.57862110628873,386600
2002-06-19,18.435321807861328,18.540690584155506,18.376313942584645,18.376313942584645,332520
2002-06-20,18.4100341796875,18.692421750759696,18.237229437201517,18.460610746127287,463630
2002-06-21,18.502758026123047,18.688206496256324,18.29202047050798,18.42267672599735,222110
2002-06-24,18.089710235595703,18.3763134277097,18.00541650316208,18.3763134277097,1199950
2002-06-25,17.980125427246094,18.329950487738035,17.954836345637133,18.12342700743079,695650
2002-06-26,18.06863784790039,18.123430063392316,17.99698784962632,18.123430063392316,136920
2002-06-27,17.41114044189453,18.12343292453927,17.347918521130694,18.043353218331948,1166000
2002-06-28,16.989660263061523,17.7272416187411,16.837928984073763,17.697738493137898,2027720
2002-07-01,17.853683471679688,17.988555359784183,16.859002091059235,16.859002091059235,1737470
2002-07-02,17.672452926635742,17.95484050153296,17.546010704923553,17.95484050153296,911400
2002-07-03,17.689306259155273,17.701949994655607,17.533359351586693,17.701949994655607,382260
2002-07-04,18.321523666381836,18.41424709788612,17.562867177165227,17.727243821695467,1154400
2002-07-05,17.988555908203125,18.414245016548517,17.786248069878603,18.414245016548517,466380
2002-07-08,17.676664352416992,18.207723855868917,17.60079870906672,17.84946907164821,663400
2002-07-09,17.676664352416992,17.996986314962562,17.53336276028868,17.895831587895582,868580
2002-07-10,17.727245330810547,17.78625159437281,17.588157760013697,17.70195624308382,1282220
2002-07-11,17.714601516723633,17.786253134252686,17.575515541685238,17.786253134252686,491480
2002-07-12,17.697742462158203,17.78625185881755,17.621876805650157,17.78625185881755,184840
2002-07-15,17.706165313720703,17.782030947791174,17.634515330320617,17.65980441094399,338780
2002-07-16,17.760957717895508,17.87054212736482,17.411134274896536,17.718810857514796,647180
2002-07-17,17.693527221679688,17.739889747046046,17.5080787280144,17.723030354585525,754790
2002-07-18,17.760957717895508,18.005414009942697,17.634515528953706,17.925332724299814,366520
2002-07-19,18.051782608032227,18.119218572060312,17.617662082288753,17.638735519584987,961700
2002-07-22,18.110788345336914,18.46061189605295,17.807325712195173,18.46061189605295,2173830
2002-07-23,18.10657501220703,18.469043957591683,17.963273373515435,18.292025137455198,1122410
2002-07-24,17.79046630859375,18.16136490355699,17.61766155545181,18.16136490355699,404710
2002-07-25,17.933767318725586,17.954840754674716,17.727245395503985,17.954840754674716,343610
2002-07-26,17.78624725341797,18.034917594739348,17.64294567354125,17.8621128902821,737140
2002-07-29,17.895832061767578,18.081282131667688,17.659807038694545,17.659807038694545,447790
2002-07-30,17.714601516723633,17.91269536823311,17.672454641330237,17.883192233897685,454390
2002-07-31,17.933767318725586,18.03913610627133,17.64295004390737,17.70195630768497,567050
2002-08-01,17.773603439331055,18.039133191221847,17.49121590608517,18.034919147833033,501230
2002-08-02,17.701961517333984,17.73989435632601,17.56287390509637,17.701961517333984,189240
2002-08-05,17.701961517333984,17.94641794812716,17.66824272365193,17.94641794812716,220370
2002-08-06,17.777820587158203,17.849470585398823,17.63873302662056,17.71038463266116,259550
2002-08-07,17.72303009033203,17.786252007216266,17.69352695786609,17.71038635007524,327940
2002-08-08,17.651376724243164,17.7609595371373,17.57551108154729,17.630303291894272,378120
2002-08-09,17.701961517333984,17.718820914175012,17.541800462945375,17.541800462945375,770510
2002-08-12,17.685091018676758,17.744097262778606,17.59658165252398,17.600795695188584,504220
2002-08-13,17.82839584350586,18.12342872571704,17.621873951417935,17.701953639072457,320290
2002-08-14,17.558650970458984,17.933763517362394,17.478571287706494,17.710382249610873,234870
2002-08-15,17.558650970458984,17.558650970458984,17.558650970458984,17.558650970458984,0
2002-08-16,17.727245330810547,17.853687553843983,17.55444058417816,17.63452028361265,682720
2002-08-19,17.78624725341797,17.866326933308013,17.659805061244324,17.744098784160283,493300
2002-08-20,17.832612991333008,17.870545816626507,17.68088169015901,17.870545816626507,385720
2002-08-21,17.651376724243164,17.744100148138255,17.5417923035492,17.70195328344047,1342600
2002-08-22,17.613447189331055,17.786251939314774,17.44907213541973,17.70195658639098,444430
2002-08-23,17.659805297851562,17.71881154780319,17.470141203150106,17.470141203150106,570580
2002-08-26,17.735675811767578,17.811539862705594,17.53336631659898,17.811539862705594,317300
2002-08-27,17.689306259155273,17.74409685152307,17.61765467312115,17.74409685152307,169770
2002-08-28,17.689306259155273,17.81996248012413,17.600795287254353,17.61765467312115,191620
2002-08-29,17.75252914428711,17.80732135247867,17.562865045008447,17.638730684719913,228160
2002-08-30,17.664020538330078,17.828395562280637,17.62187367345039,17.68087992740189,1698900
2002-09-02,17.693527221679688,17.78625227241241,17.672453785004112,17.777822576182146,180450
2002-09-03,17.701961517333984,17.786256893738546,17.617666140929423,17.76939749689752,195620
2002-09-04,17.942195892333984,17.988558413202032,17.61765985405766,17.714598939599938,330340
2002-09-05,17.862119674682617,18.034924444774674,17.723032085003485,17.870549371735926,357710
2002-09-06,17.756746292114258,17.88740254323147,17.727243163939413,17.870544761274342,224390
2002-09-09,17.706165313720703,17.78624659846156,17.60079655615612,17.701951270849964,192770
2002-09-10,17.706165313720703,17.706165313720703,17.706165313720703,17.706165313720703,0
2002-09-11,17.92112159729004,17.946410682313,17.659807483252486,17.70195435049083,327200
2002-09-12,17.988555908203125,18.0897090234655,17.74409959868613,17.870543404463763,291080
2002-09-13,18.102357864379883,18.14029069187824,17.765178068727888,17.765178068727888,404850
2002-09-16,18.199291229248047,18.292016246804064,17.93797717080787,17.93797717080787,291240
2002-09-17,18.768291473388672,18.861016538464963,18.0559989136492,18.0559989136492,651120
2002-09-18,18.953737258911133,19.05067634663369,18.54490586511597,18.63341525723656,1103820
2002-09-19,18.55333137512207,18.941087638535226,18.544901681421827,18.941087638535226,369950
2002-09-20,18.55333137512207,18.709276689077388,18.376311023016303,18.544901681421827,171980
2002-09-23,18.536476135253906,18.62920117890412,18.469040178362853,18.544905830840293,962440
2002-09-24,18.270944595336914,18.431105580483134,18.068636744110055,18.431105580483134,484670
2002-09-25,17.693527221679688,18.2878071396118,17.676667829219163,18.2878071396118,561260
2002-09-26,17.659805297851562,17.925333422633873,17.56286462115992,17.701952159874228,154180
2002-09-27,18.61233901977539,18.966378142752088,17.617657597707534,17.617657597707534,1481910
2002-09-30,18.426897048950195,18.629204960692515,17.794684221830316,18.29202510778865,652780
2002-10-01,17.84104347229004,18.292021744081442,17.790465297804975,18.216156090153913,458030
2002-10-02,17.84104347229004,17.84104347229004,17.84104347229004,17.84104347229004,0
2002-10-03,17.680883407592773,17.954841298834523,17.533366135877845,17.954841298834523,1452150
2002-10-04,17.71038818359375,17.8284007256751,17.49122088558532,17.664025654118852,746380
2002-10-07,17.62609100341797,17.782036361910535,17.533365954033133,17.659809787848864,820040
2002-10-08,17.62609100341797,17.76517857749522,17.537581605987064,17.54601130209479,724130
2002-10-09,17.5544376373291,17.69352357697761,17.495429775872342,17.61765793433303,1223200
2002-10-10,17.394277572631836,17.575511994283918,17.28047910267821,17.575511994283918,831250
2002-10-11,17.42378044128418,17.575511732293894,17.398491356849263,17.533363258235703,422700
2002-10-14,17.52915382385254,17.64295232203205,17.449074113785617,17.449074113785617,638410
2002-10-15,17.52915382385254,17.52915382385254,17.52915382385254,17.52915382385254,0
2002-10-16,17.22147560119629,17.613447635592987,17.154039638708692,17.613447635592987,826580
2002-10-17,16.829504013061523,17.449073040207807,16.774711789649896,17.280482325618276,1938460
2002-10-18,16.530256271362305,17.09081739748451,16.353235868302566,17.09081739748451,1732930
2002-10-21,16.63983726501465,16.85900451666732,16.521824747893966,16.85900451666732,1514370
2002-10-22,16.55975341796875,16.943295610190443,16.47967213761286,16.943295610190443,856000
2002-10-23,16.454383850097656,16.774704132235858,16.395377609266895,16.75784474691293,546740
2002-10-24,16.35323143005371,16.555539258787196,16.29422518098141,16.416453329945295,2335520
2002-10-25,16.21835708618164,16.52181958718902,16.100344605922974,16.268933633749718,1077280
2002-10-28,16.32794952392578,16.521827724930002,16.252083861306694,16.252083861306694,1380900
2002-10-29,16.424882888793945,16.606117285340634,16.2689359657563,16.2689359657563,559440
2002-10-30,15.93597412109375,16.509178906947763,15.678874052663687,16.273153879772558,1403070
2002-10-31,16.00762367248535,16.20993152208234,15.893825205624571,15.978120544906615,959900
2002-11-01,16.0034122467041,16.370095183589356,15.847465280794172,15.931760633864378,1961870
2002-11-04,16.20150375366211,16.34480536513956,16.100350620736886,16.184645970041277,139100
2002-11-05,16.41645622253418,16.437529656944626,16.121423317387997,16.264724922299003,203200
2002-11-06,16.41645622253418,16.41645622253418,16.41645622253418,16.41645622253418,0
2002-11-07,16.429101943969727,16.52182699592395,16.26051284054408,16.4417456845816,355420
2002-11-08,16.44595718383789,16.530252518165153,16.37009154372333,16.47967435288893,490750
2002-11-11,16.513389587402344,16.538678664615617,16.4206645787531,16.4206645787531,289200
2002-11-12,16.70305824279785,16.774708236250593,16.445958181020615,16.63983633626907,196430
2002-11-13,16.332164764404297,16.72413684737403,16.016058349609374,16.016058349609374,1222380
2002-11-14,16.247861862182617,16.43331190183188,15.940185287436808,16.273150942443777,1325300
2002-11-15,16.247861862182617,16.273150942443777,16.14249310612722,16.23521812595185,1870230
2002-11-18,16.332164764404297,16.420674174674787,16.2057225200464,16.209936564811503,692490
2002-11-19,16.332164764404297,16.332164764404297,16.332164764404297,16.332164764404297,0
2002-11-20,16.3953857421875,16.43753261860227,16.184648144513112,16.353237257972456,501000
2002-11-21,16.311086654663086,16.361663216364704,16.226791313293788,16.361663216364704,779880
2002-11-22,16.47967529296875,16.55554093741105,16.273153400275717,16.437528427300744,1015860
2002-11-25,16.475460052490234,16.863216333422844,16.399594413559985,16.51760691509604,4886540
2002-11-26,16.500751495361328,16.639837448098177,16.437529584608228,16.639837448098177,684060
2002-11-27,16.500751495361328,16.648267143385258,16.35323423953742,16.521824929679035,1280810
2002-11-28,16.471250534057617,16.56397397882178,16.416458311378662,16.56397397882178,1146230
2002-11-29,16.441743850708008,16.56397202232368,16.424886067705845,16.521825153118275,1230630
2002-12-02,16.429101943969727,16.51339729958264,16.361665981039433,16.51339729958264,736330
2002-12-03,16.44595718383789,16.47967435288893,16.353232155297924,16.454386878050595,1080260
2002-12-04,16.504966735839844,16.774710573384915,16.302658857681042,16.302658857681042,1510880
2002-12-05,16.677772521972656,16.766281922722428,16.403813015499335,16.58926312122289,473590
2002-12-06,16.71570587158203,16.926443465327544,16.47967918777897,16.859007499640988,584710
2002-12-09,16.547109603881836,16.859001845454618,16.037125183928765,16.037125183928765,1010490
2002-12-10,16.01605796813965,16.45860661675186,15.847467241144363,16.44596287495733,1413890
2002-12-11,15.847466468811035,16.172002557390336,15.78846019957848,16.037130625487283,846520
2002-12-12,16.357450485229492,16.648267748097098,15.948619091856159,16.016055048802272,3116280
2002-12-13,17.0992488861084,17.263623958309342,16.606123669505568,16.606123669505568,5026230
2002-12-16,17.659805297851562,18.169789724204577,17.280477108448654,17.280477108448654,3454370
2002-12-17,18.127643585205078,18.19929518921613,17.28469337396876,17.786249778646326,2229560
2002-12-18,18.363670349121094,18.536475079297862,17.90004837288097,18.207725009156682,2674830
2002-12-19,18.380531311035156,18.452181313864468,17.937982730818597,18.12343121561218,1973770
2002-12-20,18.582839965820312,18.713497844911142,18.313096119258734,18.439538346359456,1519880
2002-12-23,18.523834228515625,18.79779212707831,18.376316952858613,18.608129584919602,874630
2002-12-24,18.414247512817383,18.608127290985884,18.376314687501804,18.485899119657915,834550
2002-12-25,18.414247512817383,18.414247512817383,18.414247512817383,18.414247512817383,0
2002-12-26,18.376314163208008,18.523831416470884,18.376314163208008,18.502757982519032,339960
2002-12-27,18.42267417907715,18.50275546813167,18.317305415836763,18.317305415836763,2077670
2002-12-30,18.055994033813477,18.372100370814554,17.96326899379717,18.317308155550375,338270
2002-12-31,18.21194076538086,18.536476822386874,17.786251573188615,17.96327036366457,1300350
2003-01-01,18.17400550842285,18.536474344622636,18.123428947590288,18.536474344622636,187520
2003-01-02,18.40581703186035,18.46060924559983,18.114999788719917,18.292020168570563,315390
2003-01-03,18.161365509033203,18.418465625210917,18.123432678649603,18.169795205540694,342110
2003-01-06,18.110788345336914,18.207727440301603,18.047566427499,18.157150870711366,909090
2003-01-07,18.34680938720703,18.376312513651257,18.08549529250111,18.123428113329375,889010
2003-01-08,18.119218826293945,18.292023587028073,18.081285995508395,18.237231363048892,1215440
2003-01-09,18.0349178314209,18.14871628821053,17.828394348847187,18.039131874502118,1523860
2003-01-10,18.11499786376953,18.3257353935125,17.693522804283596,17.87475720848653,1421930
2003-01-13,18.30887794494629,18.49432801975896,18.169791996636715,18.186651386674217,596130
2003-01-14,18.380531311035156,18.41846413835658,18.220370305922465,18.41424848654304,579970
2003-01-15,18.3299560546875,18.835724978074992,18.211941912470248,18.494331115568457,1355840
2003-01-16,18.469038009643555,18.53647395861597,18.342595806295257,18.53647395861597,656330
2003-01-17,18.856800079345703,19.89362862630574,18.502760867237374,18.54490774171209,1801360
2003-01-20,18.873655319213867,19.00852722870481,18.71349593156836,18.88208501453205,969870
2003-01-21,19.07175064086914,19.219266301048638,18.789363060582644,18.924234980689647,1027690
2003-01-22,20.243450164794922,20.39096742632591,19.134971720359417,19.134971720359417,3937370
2003-01-23,19.918914794921875,20.521624385424133,19.784042876132567,20.39939781438389,1470690
2003-01-24,20.020065307617188,20.222373143052927,19.73346213879995,19.977918444826315,1518010
2003-01-27,20.06642723083496,20.18865538025111,19.809327195097445,20.06221158000008,1630800
2003-01-28,19.56066131591797,20.222377161587456,18.62920163606475,20.062216157115838,1915570
2003-01-29,19.337282180786133,20.222379437279464,19.13497428238195,20.222379437279464,319290
2003-01-30,19.13075828552246,19.535374075042775,18.882087863417222,19.22769738460752,609360
2003-01-31,19.986351013183594,20.14651202174537,19.09282413768128,19.303561714494098,2003120
2003-02-03,20.083295822143555,20.483696013764106,18.7135012926194,18.7135012926194,1467080
2003-02-04,20.239234924316406,20.6059178189117,20.104363018079056,20.226591185544137,2258010
2003-02-05,20.239234924316406,20.336174006437002,20.13386614708098,20.33195996277956,644090
2003-02-06,20.433115005493164,20.49633692088557,20.2308071271576,20.2308071271576,792600
2003-02-07,20.80401039123535,21.103257314827143,20.35724622365053,20.48368842721609,2956790
2003-02-10,20.766080856323242,20.82087307606766,20.44154479752954,20.72814802846943,782410
2003-02-11,20.702857971191406,20.98946118871067,20.631207970711603,20.631207970711603,1496380
2003-02-12,20.964174270629883,21.073757100118467,20.323531861850274,20.833516397801123,2785630
2003-02-13,20.964174270629883,20.964174270629883,20.964174270629883,20.964174270629883,0
2003-02-14,20.92623519897461,21.276058626390313,20.778717978614107,21.03160395303229,1935870
2003-02-17,20.92623519897461,21.03160395303229,20.761858592092974,20.82508048764742,431150
2003-02-18,20.74921989440918,21.07375592864633,20.652280810073407,20.863018369359867,612930
2003-02-19,21.22127342224121,21.32664221104638,20.82087331102166,21.082187457074447,3412190
2003-02-20,21.103261947631836,21.579529347010403,21.00210880569315,21.495233990194695,1174550
2003-02-21,21.090618133544922,21.242349453725854,20.66071326229902,21.238133801609607,1012120
2003-02-24,20.871450424194336,21.07375831104434,20.736578499627665,20.825087898662012,428260
2003-02-25,20.694425582885742,20.863016256360094,20.656492761744005,20.837727172998996,222360
2003-02-26,20.95574378967285,21.073756310515737,20.652281184305423,20.778723400608513,806460
2003-02-27,20.934667587280273,21.073755142967823,20.749219120830126,20.947312933670002,691780
2003-02-28,21.061111450195312,21.38564747303902,20.589058176349962,20.9304535892167,2127860
2003-03-03,20.47104835510254,21.263422104636092,20.27717016772948,21.07797200558348,361650
2003-03-04,20.475261688232422,20.736575807176116,20.23080535182061,20.40361008322208,561640
2003-03-05,20.32774543762207,20.65228148242475,20.26030948076697,20.46261735133227,710070
2003-03-06,20.306669235229492,20.48368799492548,20.239233287564378,20.48368799492548,634240
2003-03-07,20.062217712402344,20.239238122183643,19.977923963535265,20.239238122183643,1562910
2003-03-10,20.247669219970703,20.736580393118192,20.07907849496799,20.07907849496799,507170
2003-03-11,20.095937728881836,20.72815053090337,19.79669072179705,20.003212670089248,339540
2003-03-12,20.074859619140625,20.1465096149533,19.977920538323517,20.0790736627414,314890
2003-03-13,20.16758155822754,20.35724566224531,20.146508126181075,20.230803462166733,1424970
2003-03-14,20.16758155822754,20.16758155822754,20.16758155822754,20.16758155822754,0
2003-03-17,20.184450149536133,20.247672082299648,20.083296986475155,20.11280012635132,2469250
2003-03-18,20.184450149536133,20.184450149536133,20.184450149536133,20.184450149536133,0
2003-03-19,20.29823875427246,20.483687201215737,19.935769946692634,20.14650747595535,1532200
2003-03-20,20.64806365966797,20.736573035379408,20.045354202166717,20.4794729944845,808920
2003-03-21,20.44154167175293,21.031607435294607,20.062213451219012,20.39939480627132,686640
2003-03-24,19.885196685791016,20.972601680966267,19.72503568682101,20.972601680966267,975380
2003-03-25,19.63231086730957,19.961060929768113,19.387854538343028,19.725034295710753,281700
2003-03-26,20.045352935791016,20.146506042270904,17.280476169813056,19.725031013738878,459630
2003-03-27,19.16025733947754,20.062213781135146,18.2414415082301,20.02428095845796,805040
2003-03-28,19.914703369140625,19.96106589878244,19.13497488563831,19.295134305382373,544330
2003-03-31,19.771400451660156,20.17601623494891,19.564876907885573,19.725037925029113,980150
2003-04-01,19.750324249267578,19.872552419127743,19.47215073622719,19.64495546996743,431080
2003-04-02,19.65338706970215,19.97792313433083,19.472152623119896,19.851479300677994,1162110
2003-04-03,19.93998908996582,20.011639090720152,19.63652648018269,19.640740524074108,321830
2003-04-04,20.176013946533203,20.39939685789153,19.703962252904315,19.809331035005407,650090
2003-04-07,20.736574172973633,21.052680481684206,20.315099094692865,20.315099094692865,1061920
2003-04-08,20.201303482055664,20.896738102500166,20.062215914846742,20.896738102500166,1201230
2003-04-09,19.775609970092773,20.23080382796593,19.58594747044546,20.23080382796593,615390
2003-04-10,19.859907150268555,21.073755942755252,19.47215081266585,19.47215081266585,1573120
2003-04-11,20.201303482055664,20.643852055156685,19.809331475303317,20.315101962190223,1072620
2003-04-14,20.201303482055664,20.201303482055664,20.201303482055664,20.201303482055664,0
2003-04-15,20.319313049316406,20.652278745576226,20.070642689904616,20.652278745576226,1358140
2003-04-16,20.53847885131836,20.77871949953052,20.445753826464642,20.58905540678415,4284560
2003-04-17,20.829299926757812,20.981031229158802,20.48369045253334,20.567985799178338,3699240
2003-04-18,20.829299926757812,20.829299926757812,20.829299926757812,20.829299926757812,0
2003-04-21,20.660707473754883,20.82086844549555,20.56798244677875,20.736573112589948,708430
2003-04-22,20.56798553466797,20.6522808802289,20.42046988578633,20.4626167546668,1195010
2003-04-23,19.986351013183594,20.589060611492265,19.893627572690033,20.589060611492265,1535650
2003-04-24,20.20973014831543,20.48368798212128,19.89362384237035,20.020066043188418,1540020
2003-04-25,20.610132217407227,20.6944259478311,20.02428050104228,20.062213322852962,1032520
2003-04-28,20.563770294189453,20.736575019022983,20.40782335124708,20.736575019022983,407960
2003-04-29,20.6564884185791,20.972594659030197,20.49632908103284,20.648060333697284,1383320
2003-04-30,21.07892608642578,21.232536321497776,20.635158844501067,20.741833568364097,2386040
2003-05-01,21.07892608642578,21.07892608642578,21.07892608642578,21.07892608642578,0
2003-05-02,21.55683135986328,21.842718877846306,20.993588870580528,21.160001202269434,3366900
2003-05-05,21.352014541625977,21.93232533853957,21.172800147178087,21.761645117896556,1737570
2003-05-06,21.121599197387695,21.33068241069321,20.908249710545395,20.908249710545395,1021580
2003-05-07,20.97652244567871,21.206940292717064,20.758906675294146,21.164269416750248,1440150
2003-05-08,20.775968551635742,20.98078382531766,20.62235831716963,20.98078382531766,777030
2003-05-09,20.97225570678711,21.164268947332786,20.65223146890772,21.164268947332786,407650
2003-05-12,20.767438888549805,21.164269076153843,20.66929831699673,20.90825033538299,972590
2003-05-13,20.886913299560547,21.061859798687333,20.758903943957797,21.061859798687333,394880
2003-05-14,20.831445693969727,20.925319997745483,20.481552633367897,20.481552633367897,245110
2003-05-15,21.24960708618164,21.334947200529218,20.70343295872083,20.822908142171055,511850
2003-05-16,21.433090209960938,21.514162432599488,21.2496095128649,21.2496095128649,816850
2003-05-19,21.20693588256836,21.676304026502155,20.942383017499882,21.654969406819188,1674720
2003-05-20,20.9466552734375,21.15573851259713,20.912518570012413,21.061864205905753,711340
2003-05-21,21.057588577270508,21.544026656219394,20.4004735547346,21.155730749741668,1164770
2003-05-22,20.575422286987305,21.590964536909933,20.498616351752528,21.29227659736045,539200
2003-05-23,20.73756980895996,21.147202067465916,20.609560440307604,21.147202067465916,432240
2003-05-26,21.352014541625977,21.54829565595639,20.784504191556078,20.993587380457413,1395290
2003-05-27,20.9381160736084,21.501358523154867,20.822907168783818,21.420286313564482,507080
2003-05-28,20.73330307006836,21.121599068645473,20.656497125055093,21.121599068645473,510500
2003-05-29,21.074661254882812,21.33494787944846,20.59249097704362,20.59249097704362,1744000
2003-05-30,20.916780471801758,21.330678929601824,20.827174092606015,21.002120578156955,1105240
2003-06-02,20.78023910522461,21.155734635446525,20.58395797968507,20.741836134773195,923670
2003-06-03,21.279476165771484,21.42028760048157,20.54982135243917,20.566889701081724,5448840
2003-06-04,21.49709129333496,21.83845009184783,21.334945253643667,21.514158012465245,1534360
2003-06-05,21.514158248901367,21.910988365198392,21.420285595608153,21.67630429037461,1950300
2003-06-06,22.137144088745117,22.572377254497262,21.505629777965773,21.57390155135469,5547510
2003-06-09,22.333423614501953,22.80279181905358,22.13287458258192,22.239549322500686,2007690
2003-06-10,21.561098098754883,22.188346095797296,21.43308873528614,22.01766585935406,774210
2003-06-11,22.026195526123047,22.3035504466487,21.34347797552811,21.846982779489515,3343660
2003-06-12,21.47576141357422,22.06033858678336,21.36055248844935,21.846989087158235,743230
2003-06-13,21.484291076660156,21.93232626790134,21.334947098064617,21.420287212002336,1206090
2003-06-16,21.578168869018555,21.718980324042395,21.44589158954715,21.50563081841419,1301500
2003-06-17,21.58669662475586,21.96645837139772,21.501356522338945,21.76164310223336,1842930
2003-06-18,21.47576141357422,21.731780162033367,21.172803887033638,21.67630883636713,1167690
2003-06-19,21.27094268798828,21.684841203623463,21.249608065350127,21.66777285442199,1591010
2003-06-20,21.181333541870117,21.66777003676474,20.822906393885578,21.420285516435527,1392040
2003-06-23,20.746103286743164,21.317879966721843,20.665031069124108,21.249608197219644,607710
2003-06-24,20.583959579467773,20.908250089140076,20.473016932773543,20.831444142267898,1577690
2003-06-25,20.647960662841797,20.82290715649576,20.481548342991346,20.5711547263374,1579470
2003-06-26,20.891178131103516,21.07892669224378,20.396207463262453,20.656494057405343,3111250
2003-06-27,21.18986701965332,21.416016912693735,20.822905710225932,20.822905710225932,2070540
2003-06-30,22.021930694580078,22.273683113034345,21.334945198744173,21.334945198744173,2457340
2003-07-01,22.290754318237305,22.871063534766595,21.846987010543714,22.610778537255833,2131220
2003-07-02,22.478500366210938,22.819859193831658,22.196879129957935,22.6918498369398,2687720
2003-07-03,24.73573875427246,25.781149883897214,22.785724674957496,22.785724674957496,15488630
2003-07-04,23.617786407470703,24.49252056367337,23.263627122748787,24.321840331310085,2710780
2003-07-07,23.7031192779541,24.445575945730667,23.063071043836203,23.063071043836203,2229380
2003-07-08,24.27063751220703,25.900627423402582,24.151160695510576,24.748539895810747,4824080
2003-07-09,24.12555694580078,24.40717816343659,23.94634255581771,24.25783256716284,1075550
2003-07-10,24.253568649291992,24.38157801015143,24.0658216952133,24.151160183968038,2515220
2003-07-11,24.731470108032227,24.833878569568405,24.2791702745429,24.2791702745429,5927250
2003-07-14,24.32610511779785,25.256308909095058,23.925008712305214,25.08989658796223,3639930
2003-07-15,23.63058853149414,25.486728330555387,23.383102356831397,25.089898173063286,1939340
2003-07-16,24.16822624206543,24.321838111627848,23.558046664485364,23.818333262607553,3771550
2003-07-17,23.276426315307617,24.10848955468741,23.06307685022189,24.10848955468741,1197800
2003-07-18,23.604984283447266,23.724459460980672,22.619309185615013,23.127081945586422,1077960
2003-07-21,23.634855270385742,23.89514189792451,23.31056477511395,23.72446166184839,1241960
2003-07-22,23.02040672302246,23.895139170689777,22.892397374439202,23.485508604132477,834950
2003-07-23,21.838451385498047,23.639121392445034,21.552562255745816,23.639121392445034,4264400
2003-07-24,22.060333251953125,22.252348080726467,21.889653042437462,22.09446831721999,3050120
2003-07-25,22.60224723815918,22.935071947406872,22.098742272630464,22.188348674700602,2524720
2003-07-28,22.72597885131836,23.041736700074754,22.444357690093188,22.99906746838758,908650
2003-07-29,22.66197967529297,23.01613892893755,22.19260989134462,22.86252868656263,1119470
2003-07-30,23.148418426513672,23.361767905099054,22.700384847029845,22.785724964009468,1788570
2003-07-31,22.644914627075195,23.220957596152797,22.444365586588177,23.212425048994877,2271370
2003-08-01,22.734516143798828,22.896662176375006,22.457162844308264,22.743050316853058,511300
2003-08-04,22.960668563842773,23.12281297507171,22.70891614588221,22.70891614588221,1009970
2003-08-05,23.865272521972656,24.065821550339138,22.87106318223715,23.161218599893083,4415700
2003-08-06,23.604984283447266,23.890873408194338,23.233756676306168,23.85247044002614,1579210
2003-08-07,23.216686248779297,23.553778758308482,23.09721108194954,23.536710412267926,731700
2003-08-08,23.489776611328125,23.87807258641077,22.785724328276196,23.212423273541837,2045250
2003-08-11,23.451372146606445,23.639120712303722,23.220954340192804,23.220954340192804,947420
2003-08-12,23.327625274658203,23.72445533412548,23.21241801792106,23.72445533412548,862500
2003-08-13,23.255088806152344,23.4684382447409,20.059113499895915,23.216685842097323,2637630
2003-08-14,22.811325073242188,23.536713600969172,22.615043950365262,23.43857303953071,1936730
2003-08-15,22.811325073242188,22.811325073242188,22.811325073242188,22.811325073242188,0
2003-08-18,23.715927124023438,23.895139891903646,22.72171784364052,22.828392575300803,2530520
2003-08-19,24.006080627441406,24.065819843792163,23.72445940412527,23.83113413458937,2267080
2003-08-20,24.29197120666504,24.663198835154137,23.980481170377942,24.065821285406795,2779470
2003-08-21,24.565061569213867,24.748542271444503,23.98048438856587,24.236503140282906,1779140
2003-08-22,24.66320037841797,24.885084040286106,24.330375699479468,24.415715819848355,1525010
2003-08-25,23.98048210144043,24.637598896630198,22.529704972804236,24.637598896630198,2619050
2003-08-26,23.822603225708008,24.151159985716834,23.745797284277362,24.151159985716834,1164020
2003-08-27,24.172494888305664,24.663197678179422,23.895139934404718,24.151158639753877,2359680
2003-08-28,23.967681884765625,24.407182958614396,23.7244635866473,24.407182958614396,3796790
2003-08-29,23.52817726135254,23.94207571831763,23.216687257352522,23.383099569159516,3715070
2003-09-01,23.762863159179688,23.895140415317726,23.46844147932991,23.46844147932991,1314860
2003-09-02,24.061553955078125,24.663199420096277,23.468442664537996,23.468442664537996,1198770
2003-09-03,23.92500877380371,24.833877946627556,23.89513997904808,23.89513997904808,4867130
2003-09-04,23.92500877380371,24.18529538044041,23.041742122653503,23.937809220776913,3673170
2003-09-05,23.869537353515625,24.23649869060496,23.74579590194952,23.895139875077867,3419290
2003-09-08,23.754329681396484,24.142627287144972,23.5537822824585,23.596451526217056,1283050
2003-09-09,23.903675079345703,24.057286959886437,23.468441960389388,23.639122189374046,2046920
2003-09-10,23.647655487060547,23.97194760688741,23.297762471481853,23.297762471481853,1886140
2003-09-11,23.767127990722656,23.980477431164104,23.600715687614656,23.732991298943038,1791660
2003-09-12,23.839670181274414,23.95914699563519,23.583651459137805,23.809801384616055,2394980
2003-09-15,23.52391242980957,23.895140042564353,23.3831010018211,23.79273158332481,1509730
2003-09-16,23.67752456665039,23.886606132807767,23.212422663426487,23.212422663426487,2816070
2003-09-17,23.336170196533203,23.88661235550828,23.135622752139493,23.88661235550828,2295260
2003-09-18,22.619306564331055,23.21241936568963,22.457162164391065,23.21241936568963,1904520
2003-09-19,23.19108772277832,23.212423972866244,22.529704663236444,22.661981926235757,1692430
2003-09-22,22.58517074584961,23.468437254104096,22.529699438394537,23.468437254104096,1996670
2003-09-23,22.772916793823242,23.041737520661158,22.53823275573226,22.61503867768595,1917870
2003-09-24,23.395902633666992,23.532446158250103,22.704649209271892,23.041741747717097,2573950
2003-09-25,22.85826301574707,23.468442654995133,22.71318530513437,23.212423931667942,1979060
2003-09-26,23.165483474731445,23.212420613768785,22.636376127029298,22.8753280949798,1480240
2003-09-29,23.02040672302246,23.76712982210652,22.871061126569344,23.459906083324952,7300590
2003-09-30,23.468442916870117,23.6049864545319,23.041743954745204,23.041743954745204,6394350
2003-10-01,24.172494888305664,24.407178972830266,23.51111024865375,23.63912122905556,3936870
2003-10-02,24.172494888305664,24.172494888305664,24.172494888305664,24.172494888305664,0
2003-10-03,25.1282958984375,25.21790226942954,24.492515501139312,24.791203404446115,6639010
2003-10-06,26.779624938964844,27.30873234433637,25.2605777440566,25.38858710137522,5602910
2003-10-07,26.408395767211914,27.743962208215518,26.199314208977505,27.30873074437694,13547460
2003-10-08,26.476669311523438,26.88203363634715,26.21638269365577,26.71135340661275,5221870
2003-10-09,26.822296142578125,26.988708471929144,26.544941175174884,26.83083031686886,2635300
2003-10-10,26.062774658203125,27.73543388994936,25.781151766856063,27.73543388994936,7545060
2003-10-13,26.34012794494629,26.826564523646653,26.190783952442647,26.318793321406833,5017380
2003-10-14,26.434001922607422,28.15359990494487,26.28039003061426,28.15359990494487,5621730
2003-10-15,26.53213882446289,26.711351588531496,25.9432938624584,26.62601310720008,2833570
2003-10-16,26.775358200073242,26.882032933938074,26.45533399847874,26.583343353571088,2659570
2003-10-17,27.010042190551758,27.735430703733314,26.754023481300507,26.754023481300507,7406450
2003-10-20,26.873497009277344,27.475142403972836,26.67721590240696,27.05271139691385,4478600
2003-10-21,26.549205780029297,26.92469963583913,26.29318546627484,26.626011711382922,2810700
2003-10-22,25.67873764038086,26.70281556007236,25.51659161708886,26.369989340922782,1994040
2003-10-23,25.580602645874023,25.943296106080492,25.37578734305689,25.849423442952222,2286040
2003-10-24,26.276121139526367,26.40413049419308,25.260577220746217,25.687276154786773,1400430
2003-10-27,25.687274932861328,26.830828151910175,25.601934824567333,26.152376813950056,2667670
2003-10-28,26.617473602294922,26.830823018345992,25.704338362032644,25.86648274626811,4345450
2003-10-29,27.0271053314209,27.129513772027366,26.707081192650236,26.74548415441179,3729360
2003-10-30,27.103919982910156,27.308735302350488,26.668686818701648,26.668686818701648,3506620
2003-10-31,26.97163963317871,27.394070672665432,26.47666892740271,27.394070672665432,3189520
2003-11-03,27.266063690185547,27.56475165447264,27.05271421413629,27.351402178423385,3496600
2003-11-04,26.442533493041992,27.479412034142396,26.216381950892156,27.479412034142396,3207200
2003-11-05,26.404129028320312,26.698550690481134,26.284652226567392,26.677216070508987,1800720
2003-11-06,26.2718563079834,26.455337001274952,25.866491947740954,26.199318262031014,2621580
2003-11-07,26.049968719482422,26.455333018701516,25.815284639216802,26.429730497540334,4526090
2003-11-10,26.36145782470703,26.852162216448853,25.947560993795022,26.852162216448853,1425330
2003-11-11,26.16090965270996,26.719884159446334,25.990229444830813,26.540671406127615,2135680
2003-11-12,25.512332916259766,26.28465704379576,25.3885898189247,26.28465704379576,3548340
2003-11-13,25.550731658935547,25.985964750509225,25.431254855072236,25.90062464138606,1315810
2003-11-14,25.384315490722656,25.85794985044026,22.657708451735925,22.657708451735925,1369400
2003-11-17,25.951833724975586,26.02863967719206,25.397125336089132,25.51660053832474,1326600
2003-11-18,25.845155715942383,26.26758839991027,25.69154383086315,26.26758839991027,2894460
2003-11-19,25.57633399963379,25.772616750042918,25.089897466149537,25.520864309132804,5242700
2003-11-20,25.46112823486328,25.751283681505097,25.132571441313196,25.516599559943256,1540060
2003-11-21,25.853687286376953,26.028633776156788,25.132566707084887,25.132566707084887,2007170
2003-11-24,25.845155715942383,26.36999523814486,25.729946802132957,26.36999523814486,4352260
2003-11-25,25.82381820678711,26.109705694937393,25.700075132336767,25.704343032960384,3807850
2003-11-26,25.82381820678711,25.82381820678711,25.82381820678711,25.82381820678711,0
2003-11-27,25.742746353149414,26.412663520259095,25.60193492972687,26.156643194325515,4049520
2003-11-28,25.82381820678711,26.28038590988457,25.601934578446645,25.943293380613834,4805640
2003-12-01,26.562009811401367,26.830830607424986,25.943296004305186,26.199316352617743,10441790
2003-12-02,27.142316818237305,27.300194952732895,26.626011548855036,26.88203023331962,6617120
2003-12-03,28.068254470825195,28.247467236133847,27.30019673943758,27.30019673943758,9210140
2003-12-04,28.541889190673828,28.665632262458878,27.906108740530303,28.136526537427894,8401230
2003-12-05,28.017053604125977,28.674167098508487,27.735430744715313,28.674167098508487,4116670
2003-12-08,27.884777069091797,28.409618235169408,27.35567125723694,27.94878256575318,2160370
2003-12-09,28.37547492980957,28.746704119651735,28.209062630507162,28.580291820349327,3595800
2003-12-10,29.049665451049805,29.339820868803592,27.833574088204763,28.41814956930757,7244070
2003-12-11,29.90732192993164,30.039600791988054,28.84484266602077,29.01552286336667,7095160
2003-12-12,30.94847297668457,31.35383891482807,29.53183265451215,29.954263685113414,7975320
2003-12-15,30.1804141998291,31.2343577332463,29.98412984382316,31.225825187767615,1457270
2003-12-16,30.70525360107422,31.131952517023755,30.257221692599828,30.37242896750628,3785920
2003-12-17,30.666851043701172,30.807659206228735,30.312690176215135,30.63698225098875,4227940
2003-12-18,30.312694549560547,30.790598557362852,30.001202875944234,30.72232516105336,2544680
2003-12-19,30.577245712280273,30.722321780291335,30.15481144387413,30.15481144387413,2794700
2003-12-22,30.679651260375977,30.79912643033223,30.380960080031127,30.380960080031127,2001010
2003-12-23,30.078012466430664,31.14902789886425,29.95426936220522,30.636990386270444,1749160
2003-12-24,30.726585388183594,30.7820550672404,30.04813251748499,30.415093792362693,2101190
2003-12-25,30.726585388183594,30.726585388183594,30.726585388183594,30.726585388183594,0
2003-12-26,30.602846145629883,31.144752325380594,30.295622411569447,30.72232131877465,1384380
2003-12-29,32.41204833984375,32.86008349098575,30.893001284161873,30.893001284161873,3972870
2003-12-30,31.4093074798584,32.749141816202176,31.14902088055712,32.51445611012582,10495030
2003-12-31,31.15755271911621,32.215767439598274,30.991140406023504,31.575719079871156,2219200
2004-01-01,31.289831161499023,31.405038432258177,30.67965160343861,30.978339531669196,1888540
2004-01-02,30.96553611755371,32.010947021614946,30.585774392865083,31.90000766202214,4609750
2004-01-05,31.166099548339844,31.70374127228089,30.935681666650826,31.405049978777885,2932510
2004-01-06,30.850339889526367,31.780543866499904,30.636990383389822,30.743665136458095,4383810
2004-01-07,30.799131393432617,31.575723378745742,30.491907618063955,30.97834417724609,3860850
2004-01-08,30.863140106201172,31.06368916132947,30.137749837535942,30.85033965680236,6448740
2004-01-09,31.44344711303711,32.94115810484367,30.978343558106662,31.195960937219247,9877340
2004-01-12,31.140487670898438,31.50744573596692,30.9826079033163,31.277031190944992,5868760
2004-01-13,31.140487670898438,31.28556373668664,30.897269424082573,31.14902021664009,6436600
2004-01-14,31.383708953857422,31.511716685091823,30.978342999645264,31.24289751959042,6888360
2004-01-15,32.86008834838867,34.39193607674989,31.661062037840313,31.661062037840313,15046910
2004-01-16,32.569923400878906,34.17857660329881,31.754927049798102,33.030758931685206,8878340
2004-01-19,31.562925338745117,32.847290231640585,31.40504553784239,32.847290231640585,6200880
2004-01-20,31.562925338745117,32.501661830254065,31.40504553784239,31.66106428503074,7097170
2004-01-21,31.503185272216797,31.656797159589747,30.764994632593766,31.575723314738816,6635930
2004-01-22,31.30263328552246,32.2413696149545,31.08074802226835,32.21576872129227,5103940
2004-01-23,31.136219024658203,31.861605847136445,25.648870950617894,30.039602989949298,2727250
2004-01-26,31.136219024658203,31.136219024658203,31.136219024658203,31.136219024658203,0
2004-01-27,31.20022201538086,31.74212813865863,30.730850662005658,31.13194863472484,3548580
2004-01-28,30.739389419555664,34.71195517207833,30.466302381567566,34.71195517207833,3374600
2004-01-29,30.38096809387207,31.98535727687651,29.46356783023731,30.72232860275134,4074860
2004-01-30,29.43795394897461,30.124939385891693,28.63149335006395,30.124939385891693,2386790
2004-02-02,29.43795394897461,29.43795394897461,29.43795394897461,29.43795394897461,0
2004-02-03,28.733909606933594,30.03534288219453,28.162134499412442,29.015532514546152,6278270
2004-02-04,29.86465835571289,30.20175091412169,27.77810076764512,28.31574235179311,2923020
2004-02-05,30.444971084594727,30.722326068246247,29.450761695799272,29.719584132387507,2960280
2004-02-06,30.274288177490234,30.722323362035056,29.463562804244596,30.5943123791781,3799950
2004-02-09,31.085020065307617,31.362375053607366,30.56444678844299,30.679657336184437,4139230
2004-02-10,31.818941116333008,32.074959839627624,31.319704117590305,31.40504260687028,3405280
2004-02-11,31.964017868041992,32.21576866986386,31.70373126471005,32.045088449661115,2749150
2004-02-12,31.964017868041992,32.599798351456435,31.665326668823578,32.21576866986386,2470480
2004-02-13,31.985353469848633,32.06215941243195,31.430646778262133,31.917083329471616,1801760
2004-02-16,32.27549743652344,32.437641810896025,31.917072001977647,32.416308823860795,2377020
2004-02-17,32.488861083984375,32.719278930982384,31.882949294909047,32.015224941064304,2967490
2004-02-18,32.373653411865234,32.71927855061683,32.00669202151827,32.10056631981004,1444770
2004-02-19,31.985353469848633,32.47179002105811,31.844542032536754,32.46752211995496,1669630
2004-02-20,31.140487670898438,31.989617584454983,30.41509757559451,31.91707955156088,4829670
2004-02-23,31.336772918701172,31.528786150079053,30.210287915586857,30.38950069893351,1362030
2004-02-24,31.707996368408203,31.91708118752013,30.93567234875708,31.234360296839153,2490590
2004-02-25,31.166099548339844,31.95122425146795,30.769269294673553,31.95122425146795,1626460
2004-02-26,31.494647979736328,31.746402049251675,30.978342648727242,30.978342648727242,4045420
2004-02-27,31.972553253173828,32.215771530537175,31.085018633672412,31.571455188399113,2953400
2004-03-01,32.30537796020508,32.77048152072661,31.789072607833095,32.16456652170689,2236410
2004-03-02,32.30537796020508,32.30537796020508,32.30537796020508,32.30537796020508,0
2004-03-03,33.45319747924805,34.13591513077259,32.18163320822676,32.46752071613789,5833560
2004-03-04,32.702205657958984,33.42759253507354,32.19443289070611,33.42759253507354,2620760
2004-03-05,32.6381950378418,33.099030590039995,32.38644427191836,32.84727982411655,2148750
2004-03-08,32.420589447021484,33.49160152684632,32.26270965482335,32.89849021396967,2916670
2004-03-09,32.00668716430664,33.08196701916178,31.77626935495459,33.08196701916178,1076020
2004-03-10,32.28404235839844,32.42911843086575,31.575720577421915,32.00241950414383,2365520
2004-03-11,32.08776092529297,32.42912140010758,31.7677367009498,32.21577191721214,2198200
2004-03-12,31.306903839111328,32.045091216195246,30.709524644555664,31.925616028375053,3105850
2004-03-15,30.867393493652344,31.874403048155532,30.743653690960507,31.874403048155532,2148750
2004-03-16,30.666851043701172,31.097814587772653,29.570235003467612,30.1846792043309,3139840
2004-03-17,30.66258430480957,31.149020807671096,29.98413133684731,30.551641675337216,2231590
2004-03-18,30.32549476623535,30.807663416038828,29.69824677810797,30.636986437476153,1508680
2004-03-19,30.188945770263672,30.55163916729616,29.890257856343766,29.954260084002243,1873370
2004-03-22,28.91738510131836,30.530309793956132,28.601628804125657,30.530309793956132,1968480
2004-03-23,29.44223403930664,29.6555835613306,28.674174457838237,28.908860234246735,1833440
2004-03-24,30.521774291992188,31.558652833999293,29.19474034403996,29.8646575416031,1613800
2004-03-25,30.969816207885742,31.140496470035355,30.508980476718367,30.72232999054157,2351290
2004-03-26,31.925615310668945,32.26697577287098,30.89727253394457,31.063684864018036,2113300
2004-03-29,32.26270294189453,32.41204690049171,31.579985377268745,32.17309656673622,1634710
2004-03-30,31.503185272216797,32.17310251502753,30.95701111953732,32.08776076901215,2111730
2004-03-31,32.32244873046875,32.59126792418411,31.191695747552778,31.874413485488187,2877900
2004-04-01,32.800350189208984,32.94115837170047,31.40504276856892,32.63393785543793,3735800
2004-04-02,33.18864440917969,33.45319893491855,32.69793995673158,33.02649997721666,2289410
2004-04-05,33.000892639160156,34.13591331965685,32.55712863080447,33.37638976916718,3485000
2004-04-06,32.60832595825195,33.5513300441014,32.43764576390254,33.48732781974256,1560700
2004-04-07,32.49311828613281,33.00515560722178,32.429112807133215,32.85581165985865,800870
2004-04-08,32.4717903137207,33.40199417985597,32.08349595165599,32.25844083300578,2888270
2004-04-09,32.4717903137207,32.4717903137207,32.4717903137207,32.4717903137207,0
2004-04-12,32.036556243896484,32.74487477039814,31.750668743906495,32.74487477039814,1238060
2004-04-13,32.64673614501953,32.770479225750044,32.019488195141015,32.14749592125725,1539480
2004-04-14,32.64673614501953,32.64673614501953,32.64673614501953,32.64673614501953,0
2004-04-15,32.51445770263672,32.94115663970783,32.25843899148496,32.85581815447542,2232240
2004-04-16,32.30110549926758,33.2697138274645,32.177365682793614,32.76194109359596,1685640
2004-04-19,32.288307189941406,32.497392009168124,31.94694999986798,32.42485071706167,2619180
2004-04-20,31.985353469848633,32.493126271119195,31.895747079410537,32.25844054226607,1858040
2004-04-21,31.82746696472168,32.17309526111099,31.67385836743688,32.17309526111099,4414060
2004-04-22,32.01521682739258,32.343776791965816,31.59705374305919,32.00241638171256,3392040
2004-04-23,32.416324615478516,32.83448782615688,31.874415044626502,32.33525076107031,3049640
2004-04-26,32.416324615478516,32.416324615478516,32.416324615478516,32.416324615478516,0
2004-04-27,32.49738693237305,32.843011969271444,31.58424837155608,32.01521513423147,3092710
2004-04-28,32.416324615478516,32.85582407903961,32.08776455163325,32.59980532172253,1925590
2004-04-29,32.56565856933594,32.85581393953965,31.661055766829286,32.429115057207966,2065980
2004-04-30,32.26270294189453,32.67660138104539,32.0450855991077,32.5997954515591,1177950
2004-05-03,32.23710632324219,32.3821824006923,31.836008276601998,32.00242060330281,966450
2004-05-04,32.121891021728516,32.85581361291565,32.01521630220606,32.416314289355796,1093670
2004-05-05,32.64247512817383,33.70922268138212,32.17310685585321,32.3011146089651,3225680
2004-05-06,32.97406005859375,33.84825755022482,32.82333691960874,33.073108570222765,2715640
2004-05-07,32.3324089050293,33.15923581474269,31.867317536246226,32.98697938717288,1581760
2004-05-10,32.883628845214844,33.41762084619879,31.703677665687685,31.707981694638143,1270830
2004-05-11,32.03527069091797,32.36255761603665,31.86732155636778,32.22044579895004,2034810
2004-05-12,31.647687911987305,32.28072834218697,30.411754963043027,31.95344148521288,2814420
2004-05-13,31.7725772857666,32.71998602293803,30.239501934194493,31.436679049008056,2546280
2004-05-14,30.37299346923828,32.03956897160981,28.852837057418306,31.393609933010893,3872230
2004-05-17,24.102890014648438,30.14476084022846,22.061658343510395,30.14476084022846,2610730
2004-05-18,30.32563018798828,31.006041327874375,23.68947613060776,24.11580992168007,5613240
2004-05-19,30.41606330871582,31.858708101175935,29.386835281387516,30.575401088725336,2476020
2004-05-20,30.523723602294922,31.00604097807378,29.714122603987374,30.575401520044977,2281360
2004-05-21,31.20413589477539,31.350555024419048,29.193050339526625,29.739961025931045,1734860
2004-05-24,31.7725772857666,32.02234894892692,31.09216618357878,31.096473497914143,1195540
2004-05-25,31.807029724121094,31.897463613461245,31.178296527624166,31.268730416964317,1554950
2004-05-26,31.798416137695312,32.71137297534727,31.608937009517238,32.2505888847369,1877400
2004-05-27,32.21182632446289,32.64246569625775,31.08785730123688,31.191209830522702,3141350
2004-05-28,31.7725772857666,32.55203361904057,31.44959770649597,31.957752375969157,2759970
2004-05-31,30.252418518066406,31.52280346191326,29.976809558821543,31.285953757993617,3324140
2004-06-01,30.2696475982666,30.919914093372437,29.97250532381406,30.66152779270851,2645700
2004-06-02,30.734731674194336,31.00603328263105,30.144754580335746,30.489267375460873,1861010
2004-06-03,30.21796417236328,31.143839486241912,30.071548361828736,31.006035017584466,1903140
2004-06-04,30.65721893310547,30.833779372852455,29.800244189605124,30.144757012526824,1351180
2004-06-07,30.94145393371582,31.772588475161395,30.665844858518053,31.00605052942265,5001720
2004-06-08,31.389307022094727,31.695060615654,31.02326417265154,31.17398731236132,1620610
2004-06-09,31.893157958984375,32.039577086621094,31.18690949407842,31.346247280076355,1221340
2004-06-10,32.64247131347656,33.762133215714606,31.867318996648102,31.867318996648102,6899450
2004-06-11,31.006032943725586,33.146311021218324,30.76056864767512,32.685527051947545,2918060
2004-06-14,31.070636749267578,31.60893605786363,30.596934014806706,31.17829661098679,4321370
2004-06-15,31.45391082763672,31.695067906647072,30.8553221597226,31.26442838811785,2983050
2004-06-16,31.75105094909668,31.9534487489604,31.522809260238464,31.759662293242954,2259150
2004-06-17,32.30226516723633,32.37547308317856,31.626161380936118,31.703676611203832,2428770
2004-06-18,32.289344787597656,32.556339122209714,31.974976568968433,32.47021255340286,1606640
2004-06-21,32.52619552612305,32.72859658330798,32.12570072598553,32.297957154580246,1238320
2004-06-22,32.36684799194336,32.70705011223419,32.0438685506026,32.319477411038704,2066160
2004-06-23,31.432371139526367,32.72428943214747,31.17829545235958,32.61232554569335,2808510
2004-06-24,32.84485626220703,33.66737885960345,31.006027992186745,31.807017311492928,3581000
2004-06-25,31.643383026123047,32.62524028491938,30.790715609763343,32.302260750551234,5846690
2004-06-28,31.733823776245117,31.95344754162161,30.962978726296466,31.608937934972253,2825650
2004-06-29,31.82855796813965,32.018037060088,31.52280111885843,31.781187373773136,2200540
2004-06-30,31.841480255126953,31.910380854915623,31.436678142745,31.867317569357944,1477580
2004-07-01,32.005126953125,32.216139384517625,31.626165382488654,31.867322446937365,1615080
2004-07-02,31.393619537353516,31.863015005290503,31.199829795176633,31.863015005290503,2077180
2004-07-05,31.139537811279297,31.17829707053899,29.378224024640915,30.144761725697144,5538590
2004-07-06,31.600324630737305,31.695065844332174,30.661530410007725,31.006043316622065,2900680
2004-07-07,31.893157958984375,32.039577086621094,31.350554594702896,31.350554594702896,2483910
2004-07-08,31.37208366394043,32.25058854708293,31.006040784010633,31.53572875969887,3056730
2004-07-09,31.7596492767334,32.03525817371723,30.71750292966845,30.919903932097842,2792590
2004-07-12,31.720901489257812,32.1170889700687,31.436677892903443,31.8673173160939,1984440
2004-07-13,31.462507247924805,31.867309254687704,31.006030626182632,31.867309254687704,1422670
2004-07-14,31.432371139526367,32.11708954308497,31.303181281575128,31.781191312686385,2579530
2004-07-15,31.432371139526367,31.86731788465388,31.363470539055996,31.695061455200772,1165170
2004-07-16,31.531410217285156,31.68644062884241,30.993111089799456,31.52279559135579,1314910
2004-07-19,31.548648834228516,31.854402466981604,31.436681650869293,31.772579915428505,1091080
2004-07-20,31.871618270874023,31.9534375108024,31.225659264977608,31.522798173538124,1499600
2004-07-21,31.884540557861328,32.29795397447244,31.60893161345392,31.996507718251145,3870840
2004-07-22,31.824256896972656,32.28934830442884,31.69506374417315,32.26350770255792,2790700
2004-07-23,31.832862854003906,31.953441357270027,31.3936121227462,31.738121662718296,1619370
2004-07-26,32.25920486450195,32.384087421828816,31.436681884715995,31.781194781221643,2681380
2004-07-27,32.1902961730957,32.379778566483694,31.608933621721988,32.039573035408885,5579680
2004-07-28,32.048179626464844,32.21182468213471,31.699362804461174,32.21182468213471,2709200
2004-07-29,32.362552642822266,32.68553220355798,31.789801433259946,31.953443227912896,3300850
2004-07-30,32.315181732177734,32.470212182674416,31.910379635267734,32.38408232933295,2611440
2004-08-02,32.03096389770508,32.29796156274377,31.871629390060747,32.29796156274377,1122990
2004-08-03,31.436676025390625,32.03957183914553,31.307482891901053,32.03095721130336,3579370
2004-08-04,31.449596405029297,31.759657313980878,31.01464966966566,31.436677748075986,1223400
2004-08-05,32.03527069091797,32.29365372210914,31.458215364108298,31.51850462853562,1315230
2004-08-06,31.660606384277344,31.867314736302816,31.092162523104548,31.70367295152442,1337380
2004-08-09,31.841480255126953,32.01373339735766,31.436678142745,31.69506114160915,898980
2004-08-10,32.22044372558594,32.34102224668144,31.854400847826515,31.91038279390134,1948970
2004-08-11,32.24628448486328,32.427155571339455,31.70368108199067,31.95775680921407,2252070
2004-08-12,31.936214447021484,32.20320873020439,31.720894780961796,31.97927772312995,843760
2004-08-13,31.436676025390625,32.03095721130336,31.268726923164902,31.95344198831319,732310
2004-08-16,31.173992156982422,31.46682713914885,31.057720941285087,31.30748934639761,857150
2004-08-17,31.320405960083008,31.85009059830073,31.09647162538314,31.591707607546866,7318960
2004-08-18,31.135238647460938,31.4366849976141,31.00604547709884,31.35055840771857,2082250
2004-08-19,31.11800765991211,31.78119280894249,31.006040482668467,31.78119280894249,4262170
2004-08-20,30.739044189453125,31.307488158499694,30.67445089736021,31.118009025829785,579090
2004-08-23,31.367769241333008,31.522799672963774,30.411752626966678,31.09216031521554,873800
2004-08-24,32.276424407958984,32.42284352464105,31.19121447506984,31.436678822123227,1284600
2004-08-25,32.276424407958984,32.47021412543365,31.95775214532364,32.28934635087182,1212030
2004-08-26,32.68123245239258,32.89224489429296,32.048191841172695,32.28935220314902,2649920
2004-08-27,31.824256896972656,32.68122850635552,31.78119360787894,32.633857902696924,735030
2004-08-30,31.974973678588867,32.19890470855523,31.69505742699263,31.867313834553215,582610
2004-08-31,31.6649112701416,31.867312292819342,31.4840435294363,31.695055893592485,1315590
2004-09-01,31.742431640625,31.88885075367806,31.54003058507646,31.69506104100649,1061830
2004-09-02,31.94482421875,32.194595807633405,31.62615204858126,31.630456076118517,705700
2004-09-03,31.884540557861328,32.09555293721623,31.699365490320307,31.996507718251145,1086940
2004-09-06,32.48313522338867,32.55634314447097,31.802724074990078,31.953447231782576,1438940
2004-09-07,32.883628845214844,33.15923783188515,32.3496368442309,32.71137240716633,3505010
2004-09-08,33.93869400024414,34.48130062714305,32.039575734375354,32.90946597767324,15073640
2004-09-09,32.892242431640625,34.74399351728083,32.59940745264446,34.36503195614636,16423720
2004-09-10,33.555419921875,33.99467393225528,32.92237950342667,32.986976067955275,8138220
2004-09-13,33.45206832885742,34.02051219873198,33.07310684411367,33.159233408890664,3984790
2004-09-14,33.70184326171875,34.02051552517403,33.15923665111899,33.58126474503395,3330710
2004-09-15,34.0334358215332,34.51144588249449,33.76644146045025,33.882712668418904,7919560
2004-09-16,34.05927276611328,34.40809295725094,33.99037216209188,34.27028846368985,3057140
2004-09-17,34.700927734375,35.03682598031982,33.84826017615346,33.84826017615346,6213920
2004-09-20,34.88610076904297,35.31243288021267,34.05496654666114,34.70953702759323,6422750
2004-09-21,34.98514175415039,35.72153468796191,34.580342977548476,35.72153468796191,4864740
2004-09-22,35.50191879272461,35.64402732016838,34.79567032805725,35.21769516680027,8902480
2004-09-23,35.34687805175781,35.88948125820857,35.15739568952694,35.484682510057326,5403210
2004-09-24,34.851646423339844,35.523442829226,34.58464881523537,35.140174029917326,6757340
2004-09-27,34.317665100097656,34.967928422986674,33.99468545351027,34.881801831437585,7345740
2004-09-28,34.890403747558594,35.21769062093268,34.45546030660083,34.45546030660083,7246110
2004-09-29,34.80426788330078,35.31242238563673,34.12816431782574,34.12816431782574,4756170
2004-09-30,34.62340545654297,35.17462331572685,34.4511490541686,35.14017137814846,3812440
2004-10-01,35.37703323364258,35.67417223476469,34.90763450133334,35.2952106827083,6751800
2004-10-04,35.83782196044922,36.07036769927738,35.42440840881656,35.820595985108,5174650
2004-10-05,35.85073471069336,36.06174712418054,35.63972229720618,35.91533128619467,3507710
2004-10-06,35.49329376220703,36.00575563030848,35.39855258132937,35.99283697573742,2211150
2004-10-07,35.32535171508789,35.911021599378174,34.924856916058765,35.911021599378174,1437410
2004-10-08,35.290897369384766,35.484687069891535,35.09711095439586,35.484687069891535,2125530
2004-10-11,35.21768569946289,35.47176462574608,35.054043928402834,35.14017048464128,1144770
2004-10-12,34.73537063598633,35.21768459259079,34.55019558892785,35.183232656971214,910450
2004-10-13,34.73537063598633,34.73537063598633,34.73537063598633,34.73537063598633,0
2004-10-14,34.476993560791016,34.86026241117488,34.119565311743315,34.834425095357,1573840
2004-10-15,34.98514175415039,35.131560849488025,34.57172835019573,35.05404563090167,2399120
2004-10-18,35.22199630737305,35.38563809373912,34.97653198506502,35.295204215574884,1970570
2004-10-19,35.71723175048828,35.90240681801488,35.191851173528256,35.22630311295594,4022360
2004-10-20,35.389949798583984,35.86365253201185,35.22630799191421,35.734462669541465,1949310
2004-10-21,34.76982498168945,35.47607334999343,34.47268602346951,35.47607334999343,2820280
2004-10-22,34.76982498168945,34.76982498168945,34.76982498168945,34.76982498168945,0
2004-10-25,35.290897369384766,35.484687069891535,34.899017225479824,35.09711095439586,3238040
2004-10-26,35.226295471191406,35.50620838314499,34.76551155923833,35.05403909693892,1458970
2004-10-27,35.941165924072266,36.432094604471914,35.31243275944672,35.562204413830564,4148340
2004-10-28,35.82489776611328,36.60435413816,35.626804008568975,36.37180843525537,4380460
2004-10-29,35.75168228149414,35.97561661401372,35.402865411648506,35.402865411648506,2521220
2004-11-01,36.30289840698242,36.432088240272556,35.846418463241655,36.432088240272556,5515780
2004-11-02,36.23830795288086,36.42348303542676,35.78613524639121,36.08758481255699,2755500
2004-11-03,36.85842514038086,36.99192559024053,36.281369914048746,36.281369914048746,4186150
2004-11-04,36.60866165161133,37.37950668426528,36.53975776051632,37.37950668426528,1834920
2004-11-05,37.25461959838867,37.53453589693248,36.76799491899948,36.99192927204183,2471720
2004-11-08,38.94272232055664,39.0977527723629,37.38380645984611,37.63788542245226,6675380
2004-11-09,39.37766647338867,39.70495004089481,38.58528829535991,39.19679543443049,3828210
2004-11-10,40.772945404052734,41.08300635005988,39.55854222253703,39.55854222253703,5799340
2004-11-11,40.29062271118164,40.90643720750663,40.070998974585954,40.592072273704325,2549730
2004-11-12,40.30354309082031,40.80308641180243,40.14851591710388,40.652363266857186,335930
2004-11-15,40.30354309082031,40.30354309082031,40.30354309082031,40.30354309082031,0
2004-11-16,41.69020462036133,42.10792541772668,40.35091565140406,40.48010880221419,5482870
2004-11-17,41.57392883300781,41.939971672619926,41.449043010454425,41.77202256638004,4454830
2004-11-18,41.182044982910156,41.85814871513206,40.82461677492073,41.772022148620415,5061750
2004-11-19,41.586849212646484,42.37492015028176,41.272480986225645,41.470578013323646,5839780
2004-11-22,41.61698913574219,41.853842107329456,40.510246068131856,41.75910091869455,5222000
2004-11-23,41.97011184692383,42.030401094792104,41.42750533059173,41.85814469280377,1806510
2004-11-24,41.65144348144531,41.94427840618611,41.45334975081446,41.94427840618611,1834910
2004-11-25,42.98643112182617,43.23620279921938,41.69020541654469,42.03041098702474,4319670
2004-11-26,42.98643112182617,42.98643112182617,42.98643112182617,42.98643112182617,0
2004-11-29,42.96920394897461,43.44290668856491,36.96608894314167,41.87968666226143,2695870
2004-11-30,42.77971267700195,43.322319193485065,42.633296870857556,43.23619263522573,3079190
2004-12-01,41.69020462036133,43.23620197351116,41.48349952168709,42.986430300887996,4679460
2004-12-02,42.06485366821289,42.63329750350559,41.77201876606104,42.61607153449458,5642400
2004-12-03,41.5782356262207,42.63330084815475,41.10022562659693,42.20266144564813,5830630
2004-12-06,41.048545837402344,42.28448204883458,40.91074136632596,41.57823372387838,5796070
2004-12-07,41.42750930786133,41.672973636467425,41.255256174853336,41.255256174853336,5271680
2004-12-08,40.600685119628906,42.370613447831325,40.402591375188884,42.370613447831325,2017120
2004-12-09,41.09161376953125,41.34138542835189,40.910745996806554,41.3241594568279,3331040
2004-12-10,40.21310806274414,40.91074510950322,40.006402979975704,40.91074510950322,4702920
2004-12-13,40.7600212097168,41.04854882869645,40.39397836476312,40.48010493339293,9780390
2004-12-14,40.92366409301758,41.23372500516226,40.82461886501019,40.99256797816888,3387820
2004-12-15,40.83753967285156,41.34138703886333,40.652364578652595,40.95381087827034,3448100
2004-12-16,41.49641418457031,41.93136091253679,41.12606402578982,41.12606402578982,4374890
2004-12-17,41.49209976196289,41.995947001360946,40.95810790017822,41.85814254394821,2825060
2004-12-20,42.413673400878906,42.63330041386503,41.59976520127382,41.59976520127382,3818170
2004-12-21,42.736656188964844,42.805560074935606,42.25003481498929,42.63330364552682,4792920
2004-12-22,42.478275299072266,44.786503025537584,41.94428329832828,42.891688778891954,4457640
2004-12-23,42.555789947509766,43.06394462551153,42.03040929739561,43.05533328221445,2829850
2004-12-24,43.27495574951172,43.494582780526784,42.80556034407751,43.063943347056224,2825330
2004-12-27,43.4859733581543,43.666841139676066,42.827092236007935,43.494584701576066,1588660
2004-12-28,44.674537658691406,44.7865048407384,43.49458643187095,43.49458643187095,2533890
2004-12-29,44.364471435546875,45.13101236009266,43.93813933129892,44.795110853923646,1523230
2004-12-30,45.15253829956055,45.64346692952406,44.015650600116864,44.36877476001198,1996390
2004-12-31,44.816646575927734,45.23006004578638,44.536730281658954,44.87262852057421,1081150
2005-01-03,45.238670349121094,45.45829407786336,44.44629214351479,44.44629214351479,1295580
2005-01-04,44.7391242980957,45.73390020058282,43.49457677018624,45.22144157971978,2238060
2005-01-05,43.06825637817383,44.78650702585519,41.94428704477963,44.78650702585519,3987870
2005-01-06,41.78494644165039,43.9079991191801,41.25526174366764,43.06825348310093,4829510
2005-01-07,42.22418975830078,42.525635990354516,41.72895384662606,42.0304000786798,2649000
2005-01-10,42.181129455566406,43.752963980047994,41.79355660983281,43.0639415719996,6612870
2005-01-11,41.634212493896484,42.3533794199496,41.341377604444304,42.202656304536895,2391110
2005-01-12,41.4232063293457,41.93566499841414,40.919355717420785,41.63421872249153,1418790
2005-01-13,42.96920394897461,43.75296761935661,41.34138734783647,41.34138734783647,5395920
2005-01-14,44.35154724121094,44.95875032235911,42.39644413162066,42.97780990225788,7951920
2005-01-17,44.79081344604492,45.561658513143584,43.76588937607803,44.786506131279424,4741790
2005-01-18,44.230979919433594,45.466916390900074,43.063947340761175,45.466916390900074,5000060
2005-01-19,44.691749572753906,45.2171300861038,43.886456120618234,44.58839705250197,4517460
2005-01-20,44.04148483276367,44.87261890881423,43.06393495491481,44.01134020971593,10908070
2005-01-24,42.31893539428711,44.26112014600197,41.85815133502187,44.26112014600197,8397760
2005-01-25,44.838172912597656,46.45737459719866,42.38352650352365,45.21713437985195,10062480
2005-01-27,46.30665969848633,47.1980832317548,44.614246522510726,44.980289399216645,12111540
2005-01-28,46.49613571166992,47.26698061813838,45.41092260319897,46.30665332769484,4875880
2005-01-31,48.62779998779297,49.0928913257188,46.078415542560634,46.207608676045986,6678540
2005-02-01,48.24453353881836,48.98523386447395,47.39186932990267,48.74838087004291,3864030
2005-02-02,48.11103820800781,48.65794884487672,47.62872085797993,48.65794884487672,2302470
2005-02-03,49.39434051513672,49.52353365627335,47.97323239022406,48.14548881656688,4041190
2005-02-04,48.84743118286133,49.86804782533149,48.494306978020205,49.09289552908603,1789170
2005-02-07,48.3823356628418,49.52353072357559,47.5468974656571,48.683785212469935,1201250
2005-02-08,49.131649017333984,49.52353245993515,47.97753854540841,48.05935779966825,1757160
2005-02-09,50.65180969238281,50.80684014620755,49.092893811375454,49.26515023623827,3017540
2005-02-10,49.91110610961914,50.815448174260894,49.532141342537315,50.815448174260894,1707700
2005-02-11,49.52353286743164,49.94986496956275,48.92063702759409,49.94986496956275,2430360
2005-02-14,48.976627349853516,49.80345432652838,48.43832802355191,48.43832802355191,3129960
2005-02-15,48.44694137573242,49.78192310320446,48.2402329802345,49.523540072970924,3171500
2005-02-16,48.40388107299805,49.35128667084545,47.97324156751856,48.662264119182005,4369080
2005-02-17,48.085205078125,48.541681867625485,47.80959279303814,48.231620921731405,1507400
2005-02-18,48.593353271484375,48.834513594215096,48.23161771566563,48.39956683594122,1616930
2005-02-21,48.27467727661133,48.99815161792179,47.7363780133005,48.99815161792179,3108700
2005-02-22,48.283294677734375,48.662256198083355,47.887103900189814,47.887103900189814,1732660
2005-02-23,48.06797409057617,48.30051977573788,47.72346123429555,48.23161589027452,3099060
2005-02-24,49.60966491699219,49.80345464701883,48.149797397509296,48.55459954485892,3356420
2005-02-25,49.10580825805664,49.60535151877733,48.412478589428844,49.60535151877733,1620480
2005-02-28,50.582908630371094,51.66381455331151,49.20055641124087,49.68287377066278,7445430
2005-03-01,49.7431640625,50.557072364626315,49.364199241688056,50.557072364626315,4230160
2005-03-02,49.674259185791016,50.12643191599344,49.09289659375805,50.12643191599344,1960670
2005-03-03,49.61827087402344,49.954169071406945,49.46324043130523,49.94555772926385,2311850
2005-03-04,50.46233367919922,51.40112786365083,49.70871459993132,49.86805238804889,3281070
2005-03-07,51.77577590942383,52.10736679796484,50.72932204809357,50.987705028004704,4052900
2005-03-08,52.89974594116211,53.829928685903205,51.935114539055796,51.935114539055796,5478980
2005-03-09,53.75672149658203,53.82992941205807,52.559544392140765,53.30885608961153,3192680
2005-03-10,53.00309753417969,54.139985274332496,52.73179261255192,53.41220364529245,2286140
2005-03-11,52.51217269897461,53.399288865864314,52.206419100537076,53.399288865864314,2609800
2005-03-14,51.909278869628906,52.71026849669951,51.76285975049389,52.51217474712008,2439160
2005-03-15,51.15134811401367,51.926500358945326,50.126427510619976,51.926500358945326,1237030
2005-03-16,51.172882080078125,52.02124224679745,50.29868460002294,51.23747864893576,1844750
2005-03-17,49.299598693847656,51.073830873634314,49.179016905103715,51.073830873634314,3770730
2005-03-18,48.739776611328125,49.43310643886876,48.412489685686445,49.2651573040502,1568190
2005-03-21,48.162715911865234,49.09289872797033,47.88710691869003,49.08428738434789,1503850
2005-03-22,47.521053314208984,47.88709611769101,46.9870614210644,47.37463750702322,2122970
2005-03-23,45.78988265991211,47.370328278497794,45.04487514226804,47.370328278497794,4119130
2005-03-24,44.7391242980957,52.02123768884567,43.75295973746005,52.02123768884567,4205570
2005-03-28,45.901851654052734,46.49182880950647,45.34202241042366,45.561649422383496,1043870
2005-03-29,46.24636459350586,46.93969428570495,45.22144401115488,45.99228892625567,1633830
2005-03-30,45.92769241333008,46.32818718453786,45.30757062939084,46.07841554539368,4288490
2005-03-31,46.92678451538086,47.36173130877373,46.09565019014424,46.41432248440826,2229640
2005-04-01,47.50383377075195,47.973232450992796,46.59518432402266,47.025823747666195,1679830
2005-04-04,47.55982208251953,47.70623791900383,46.53059405611383,47.54259611019462,1266340
2005-04-05,46.5047492980957,48.403870686808006,46.254980935505486,47.973231273732345,1920270
2005-04-06,47.65885543823242,47.97322360515343,46.186069669464594,46.186069669464594,2126860
2005-04-07,48.50291442871094,48.83020129258507,48.10241965537694,48.231612789556124,2544620
2005-04-08,47.08180618286133,48.66225198536619,46.336798578519456,48.571818106027216,2427150
2005-04-11,47.977542877197266,48.90341506967233,46.94400753630978,48.90341506967233,2087170
2005-04-12,48.102420806884766,48.22730663010947,47.37033512372528,48.1454873763207,1226360
2005-04-13,48.35649871826172,49.39433796589571,47.97322991432641,48.662252298619215,5014430
2005-04-15,46.38417053222656,48.37802982098074,45.90616052350821,48.31774056632419,2801830
2005-04-18,44.816646575927734,46.02674235599892,44.450603707507724,46.02674235599892,4476620
2005-04-19,45.75975036621094,46.07842264963711,45.350640904085374,45.64778318562181,2845560
2005-04-20,46.573646545410156,47.025815893403596,44.98027897274288,44.98027897274288,3143910
2005-04-21,47.00429153442383,54.45435124133242,45.21713735335434,54.45435124133242,1442560
2005-04-22,46.526283264160156,48.481386622411,46.09564384477939,48.481386622411,1433530
2005-04-25,46.509056091308594,46.93969549956145,46.09133533962045,46.93969549956145,1414290
2005-04-26,46.39278793334961,46.827731398581314,46.190386872539726,46.586574365540514,1459550
2005-04-27,46.289424896240234,46.57795577072778,45.738207029098454,45.738207029098454,1023820
2005-04-28,46.49613571166992,46.85356719579825,45.23866947469561,46.25067138948303,2295090
2005-04-29,46.07841873168945,46.53059144466561,45.044883448828315,46.19899724567827,2036800
2005-05-02,46.487525939941406,46.53059251208373,46.07841978873468,46.07841978873468,1003030
2005-05-03,46.53489685058594,46.672701340011265,46.254983842906945,46.422932961721614,2206630
2005-05-04,46.43585205078125,46.50905996776169,45.86310080154278,46.03104992191824,747190
2005-05-05,47.07319641113281,47.792366777144785,46.85357266101775,46.85357266101775,2677090
2005-05-06,46.590885162353516,47.09042523749376,46.20761629811505,47.09042523749376,1448770
2005-05-09,46.53059387207031,47.783752962706615,38.585294050758684,38.585294050758684,4351770
2005-05-10,46.573646545410156,46.935382023804905,46.0784106338309,46.5176613269556,2217750
2005-05-11,46.07841873168945,46.25067515975266,45.47552287622728,45.97075887483972,3011760
2005-05-12,45.591793060302734,46.50044242923237,45.402310678757516,46.07841438456832,4252370
2005-05-13,45.906158447265625,46.121478142877116,45.38939249200518,45.38939249200518,2676810
2005-05-16,46.474605560302734,46.68131392816415,46.03535479618453,46.422930932475914,1187710
2005-05-17,46.23344802856445,47.78374927120566,46.07841757574853,47.78374927120566,494240
2005-05-18,46.07411193847656,46.25067568275541,45.518586676587844,46.24206105421988,2217250
2005-05-19,46.77604675292969,46.939688520950384,46.42292262208268,46.922462552919136,1979140
2005-05-20,46.30665969848633,46.849266327372696,46.164547890953514,46.173162519874566,504560
2005-05-23,47.366031646728516,47.5856586836752,46.33680363577827,46.33680363577827,1087860
2005-05-24,47.06889724731445,47.701934533422765,46.078425112922716,47.37895491814527,711110
2005-05-25,46.53059387207031,47.129182444540554,46.263596230367725,47.129182444540554,1429890
2005-05-26,46.721656799316406,47.32093290964972,46.06158835512359,46.96918619314227,4656050
2005-05-27,46.95615768432617,47.22105443430087,46.556642469421995,46.76942724275572,2030150
2005-05-30,46.91707992553711,47.07341255480386,46.29174940847011,46.743376636005756,914290
2005-05-31,46.860633850097656,47.247121980111224,46.37860873277914,47.247121980111224,1860770
2005-06-01,46.54795455932617,47.11682950513637,46.378594792052695,47.02997953175504,1681810
2005-06-02,46.87799072265625,47.17328529327784,46.57401247927271,47.073408147500835,1491210
2005-06-03,47.403446197509766,47.50766684097852,46.50887545896655,46.89970701336752,1653760
2005-06-06,48.05048370361328,48.37617608753324,46.99958373997899,47.20368151755285,2345180
2005-06-07,51.09896469116211,52.10643970037492,47.59451465393638,48.05048533212362,5501720
2005-06-08,50.88184356689453,51.65916325616461,50.54746745225939,51.41598062733905,3545220
2005-06-09,50.29558563232422,51.11198662608146,49.93949544946995,51.06856164048733,2000680
2005-06-10,50.05241012573242,51.155422143669455,49.505245953313214,50.37375904021345,3302450
2005-06-13,50.57350540161133,50.8080042804795,49.348902354042266,50.72115431635666,1601210
2005-06-14,51.54624938964844,51.66784400248908,50.547461346815695,50.721164623473605,2422830
2005-06-15,51.3421516418457,52.72742773695462,50.37375811006293,52.72742773695462,2332550
2005-06-16,51.71561050415039,52.02393556753781,51.242272459018835,51.415975740146884,16902140
2005-06-17,51.863258361816406,52.19763443763522,51.06856810372325,52.110784455455246,1969830
2005-06-20,51.98918914794922,52.11078043887499,51.511507656549036,52.089066288446446,2239620
2005-06-21,52.33659362792969,52.54503821249333,51.42899910364511,51.719950172980084,3704950
2005-06-22,51.24660873413086,52.44949774008317,50.812352249032486,52.44949774008317,2354190
2005-06-23,50.42152404785156,51.97181966853175,49.93949905281439,51.97181966853175,2488640
2005-06-24,50.586544036865234,51.012116909050995,49.77448641750674,50.80801580265142,1706020
2005-06-27,52.080387115478516,52.40607952135874,50.37375877614156,50.37375877614156,3216400
2005-06-28,51.242271423339844,51.92405405466818,50.56917246499087,51.92405405466818,1771690
2005-06-29,52.2497444152832,52.9706118296253,51.24226942022372,51.65047160970005,6495530
2005-06-30,55.24177169799805,55.84104450489868,52.249744530152846,52.249744530152846,11638930
2005-07-01,53.67844772338867,54.282064010132196,53.23984771851481,53.522115113990345,2249930
2005-07-04,54.885684967041016,55.15058172699939,53.84781207990491,54.10402185353851,2238610
2005-07-05,54.98556900024414,55.57615821031173,46.717323372412636,53.17471655527195,1476640
2005-07-06,56.153709411621094,56.45334746992729,54.47313880348642,54.97687464270633,2335230
2005-07-07,55.63259506225586,57.49555235029086,55.063720162852405,56.02777002906645,6522690
2005-07-08,56.609676361083984,56.800750277081775,55.780244874015466,55.93223729616685,1537450
2005-07-11,57.664920806884766,58.10352413615407,56.88760454580711,56.93103284862363,2226590
2005-07-12,57.15249252319336,58.190365189509386,56.29266659439361,57.58240880070707,3300020
2005-07-13,55.83236312866211,57.14815983464269,55.32428048983313,57.14815983464269,3490020
2005-07-14,56.036468505859375,56.887614353715634,54.62948136873778,55.83237400087444,6839700
2005-07-15,54.76844024658203,56.019097985633,54.46445865724077,56.019097985633,2503180
2005-07-18,54.520904541015625,55.411128372281574,54.19521216816157,54.97687187514283,5076050
2005-07-19,55.56311798095703,55.584832131253975,54.83791041939198,55.15057563022855,2455090
2005-07-20,55.70642852783203,58.62463301232146,55.28085897316077,55.84539380148817,2777350
2005-07-21,55.723812103271484,56.35348287074591,53.17472126345639,56.01041643367833,804090
2005-07-22,56.32307434082031,56.435985286874384,53.26156758970862,55.324286243631626,6066580
2005-07-25,58.594234466552734,60.3616618465341,56.25359187294853,56.25359187294853,13101450
2005-07-26,58.906898498535156,59.753704074052926,58.5377844058858,58.62463439084864,7742350
2005-07-27,61.247535705566406,62.18553136436374,57.96021734631458,59.05888579460115,6774770
2005-07-28,61.247535705566406,61.247535705566406,61.247535705566406,61.247535705566406,0
2005-07-29,60.74814224243164,63.4014497540367,59.063224881999766,60.79591072304889,21877180
2005-08-01,58.75490188598633,60.44849947338792,58.19036714810983,59.918706048359134,3061880
2005-08-02,58.103519439697266,59.22824215371065,57.79954122323799,59.058882388381335,3313510
2005-08-03,58.77661895751953,59.84054603975242,58.19037004168293,58.285907000207835,5647190
2005-08-04,59.44971466064453,64.26996466068753,58.7983298836781,64.26996466068753,2040050
2005-08-05,58.550819396972656,59.92741205259852,58.28592260038661,59.658175075364504,2274820
2005-08-08,57.12644577026367,66.44124667493537,56.553223990909814,66.44124667493537,4116300
2005-08-09,56.826812744140625,57.72138018239214,56.019095291172235,56.019095291172235,2212010
2005-08-10,57.34357452392578,58.62462992670813,56.90931800595017,58.62462992670813,3210230
2005-08-11,57.42174530029297,58.364081276889614,56.887611566123255,57.97325300822484,6549010
2005-08-12,57.339237213134766,58.1903830448543,56.54020667803787,56.54020667803787,4642600
2005-08-16,56.21017074584961,58.01667964371816,55.845396822115376,58.01667964371816,4272330
2005-08-17,56.98314666748047,58.01667940673506,56.36650314381162,56.36650314381162,4856400
2005-08-18,57.58241271972656,58.025349564759516,56.991823633454516,58.025349564759516,1528300
2005-08-19,57.221981048583984,57.66926471495712,56.90062885208465,57.148158238488534,1638560
2005-08-22,57.113426208496094,58.44225025870574,56.71391095737766,58.44225025870574,1169850
2005-08-23,56.33176040649414,57.66058439426056,54.707641831100226,56.453351710849944,2595850
2005-08-24,56.59231185913086,57.14815966473341,54.65986839167738,56.019090082349685,5964550
2005-08-25,56.40558624267578,56.627054710408466,55.44153611640259,56.444667744117524,4961030
2005-08-26,55.12453079223633,57.66058760461268,54.74672637856911,57.235018015673035,3652370
2005-08-29,55.48061752319336,56.19279468404544,54.56433594148366,55.845394746484416,4512480
2005-08-30,56.158058166503906,56.44900924918325,55.15057982687198,55.15057982687198,2545750
2005-08-31,55.606544494628906,56.44900313974227,54.89436412088234,56.36649334700236,1528680
2005-09-01,54.87700653076172,56.42295561953307,54.651191248371575,56.42295561953307,1430740
2005-09-02,55.26348876953125,55.62391918342611,54.803174579536766,54.803174579536766,4167480
2005-09-05,55.60219955444336,55.9322387364759,55.24611266873732,55.24611266873732,1004510
2005-09-06,55.801963806152344,55.932242089700395,55.19834749773417,55.67168552260429,1043400
2005-09-08,56.96143341064453,57.061310566258086,55.584840880852205,55.93224746160341,1936610
2005-09-09,58.71582794189453,59.05888768274631,56.63573546649794,57.06130500769133,4179730
2005-09-12,58.828739166259766,59.0545544422197,57.40871830050546,58.7114880348266,2706250
2005-09-13,59.68855667114258,59.92739907967685,57.847313288031536,58.624629534466486,4171800
2005-09-14,59.749351501464844,60.1010982136669,58.72885268073681,59.31944179820832,4547620
2005-09-15,60.12281036376953,60.187952813709096,59.593016910156656,59.75369631902499,4480850
2005-09-16,60.131492614746094,60.622204535497545,59.60603938200777,60.622204535497545,3991430
2005-09-19,61.52547073364258,62.085665447644054,60.535366234629926,60.535366234629926,4028320
2005-09-20,63.60557174682617,64.26998388800234,61.05648734409446,61.05648734409446,6700420
2005-09-21,62.93246078491211,63.88348372518285,61.75996938129956,63.42751300538093,6361490
2005-09-22,60.08374786376953,62.57203650958626,59.44973026555883,62.532955003004666,5076680
2005-09-23,58.1860466003418,60.09243288729951,57.40872354384601,60.09243288729951,6372410
2005-09-26,58.98941421508789,59.06323704101596,57.79086839953784,58.190383671387856,3902840
2005-09-27,59.254302978515625,60.44850845184171,58.641999672806236,59.05888886267168,4250620
2005-09-28,60.44849395751953,61.13896009351518,59.31943121102035,59.92738756481012,7780110
2005-09-29,60.44849395751953,61.403856781857996,59.07190186440268,60.6135135219313,16469590
2005-09-30,59.50617218017578,60.769860281358085,54.91173726640685,60.769860281358085,4075590
2005-10-03,58.76793670654297,60.344290022963406,58.563835608364,59.50617147861024,5109750
2005-10-04,61.655738830566406,62.098682336140236,59.92739973697449,59.92739973697449,8457230
2005-10-05,61.02606201171875,62.05524773893205,60.54837723786601,60.891443564422424,2873780
2005-10-06,59.23693084716797,60.34862642869562,58.19037109025002,60.34428624913108,4316510
2005-10-07,58.932952880859375,59.35417559223321,57.75611484332335,58.97203437579689,3656610
2005-10-10,59.77540588378906,60.14452656736536,59.05888529358621,60.14452656736536,2104830
2005-10-11,59.91004180908203,60.6135353614019,58.30763393881594,60.6135353614019,2347010
2005-10-13,58.87649154663086,59.74500446522481,58.62896218424228,59.1891567274229,3000710
2005-10-14,57.269752502441406,58.36407417197805,56.887604640948716,58.36407417197805,3950090
2005-10-17,56.83549499511719,57.75611668962635,55.67168408535653,57.75611668962635,4652410
2005-10-18,57.12644577026367,58.168658753888884,56.88760336219956,57.23500989881749,4596650
2005-10-19,56.24924850463867,57.3218626772584,54.89002674145215,55.888814785081166,2906310
2005-10-20,55.923561096191406,56.71391124183705,55.593528485237215,56.540204636416846,3591160
2005-10-21,56.24924850463867,57.3218626772584,55.75853649920526,57.3218626772584,3567600
2005-10-24,55.194007873535156,56.687848180525826,54.5643371895172,56.687848180525826,2699890
2005-10-25,54.77277374267578,55.9756628467944,54.04322265564818,55.9756628467944,5315760
2005-10-26,54.72500228881836,55.5848316105645,54.455765381097734,55.5848316105645,3822810
2005-10-27,54.24732971191406,54.96819720552101,53.865185124566395,54.80317758918874,7342250
2005-10-28,53.061805725097656,54.021512245515844,52.371336129152795,54.021512245515844,3985800
2005-10-31,52.688350677490234,54.3689214907873,52.45819522442168,53.179059411143676,4374050
2005-11-02,53.90860366821289,56.435979773658296,53.45697649368902,53.45697649368902,5710750
2005-11-04,53.90860366821289,53.90860366821289,53.90860366821289,53.90860366821289,0
2005-11-07,54.30379104614258,55.15059012038275,53.50910064532331,54.2820768901405,49846460
2005-11-08,55.411136627197266,55.67168990167381,54.56868115016027,55.1462398594303,6597930
2005-11-09,54.8813362121582,56.27529920333005,54.19086995569121,55.84538950179286,8313280
2005-11-10,54.7901496887207,55.15058343069877,54.19956049874436,54.80317685549576,6702940
2005-11-11,55.16794967651367,55.58483554553143,54.47748007465205,54.790145304693965,7812620
2005-11-14,58.68977355957031,59.23259427923423,55.758541673385196,56.19279824911632,9195790
2005-11-16,59.92306137084961,60.7959146166897,58.3684221876468,58.62463195180793,5788800
2005-11-17,60.6960334777832,60.80025079805724,59.94911176008677,60.36165411403775,4084810
2005-11-18,60.73946762084961,61.40387967889809,60.45720348552749,60.795923098405936,1776360
2005-11-21,59.02848434448242,60.73945605757962,58.71147894687781,60.73945605757962,3926300
2005-11-22,58.84176254272461,60.09242352749465,58.55081144928446,59.31944739836014,4206910
2005-11-23,59.883975982666016,60.36166084125392,58.711484615311946,58.972041197492466,2377350
2005-11-24,60.02294158935547,61.14332429690988,59.579998047710895,61.14332429690988,3985740
2005-11-25,60.591800689697266,60.69167781579524,60.035952975250645,60.18794538010935,2794980
2005-11-28,60.422462463378906,61.143330002568625,60.10111019710366,60.70907340684901,2386120
2005-11-29,59.484458923339844,60.517991607707906,59.08060352220849,60.517991607707906,2149530
2005-11-30,59.65817642211914,60.96962664025084,59.150096973177234,59.580006785081075,3853140
2005-12-01,60.51365661621094,60.80460772746478,58.75491615525522,59.675537977504945,2366510
2005-12-02,60.683013916015625,62.00315093931076,60.36166167704065,60.795918235868285,3365890
2005-12-05,59.70158767700195,60.882766004074234,59.493146391703604,60.795916020719005,1522480
2005-12-06,59.141395568847656,60.26611834728331,58.80267601878772,59.23258572589459,1500580
2005-12-07,60.274803161621094,60.60483571418788,59.14573361794119,59.1500804237011,1940730
2005-12-08,59.77540588378906,60.49193310022039,59.63210706673127,60.27480484546456,3536920
2005-12-09,59.753700256347656,60.34428939308259,59.05888716857878,59.927400215175524,1779000
2005-12-12,59.714599609375,60.88275047224795,59.41062143206521,60.18794415642948,3300290
2005-12-13,60.34428787231445,61.14331826475179,59.51919652310389,60.274805240042895,5720980
2005-12-14,62.411346435546875,62.793494286504945,60.47455947646123,60.53535512309288,8296790
2005-12-15,61.134639739990234,63.748866161508175,60.874083146025995,62.88035301659997,2995360
2005-12-16,60.8697395324707,61.63837547770486,59.762384009925704,60.926195004098865,5086380
2005-12-19,61.80339431762695,62.0943454059942,60.53535938227235,61.40387246739091,3162330
2005-12-20,63.874794006347656,64.35681903930947,61.751279753295094,61.881558042841625,6459050
2005-12-21,63.13654708862305,64.96476971912965,62.637154805097225,64.65210453469038,4262860
2005-12-22,64.45670318603516,64.87793261309255,62.967206246450786,63.401462841253895,2900660
2005-12-23,62.55900192260742,65.00820877142063,62.098691007503774,64.35682390071254,2344310
2005-12-26,61.52547073364258,62.94983845060033,60.79592284015104,62.35924922081824,2397350
2005-12-27,61.52547073364258,62.090005628118504,60.80460982732967,60.969622826345294,2355530
2005-12-28,61.02606201171875,63.14088892839012,60.826307743546124,62.35923257296268,3255850
2005-12-29,61.35609436035156,61.88154760998365,61.14331292865399,61.66441937275564,2372540
2005-12-30,61.55587387084961,61.92499463626379,61.07818895398772,61.92499463626379,2127100
2006-01-02,61.964073181152344,62.52860806696483,61.4038784757477,61.555870931007476,2685520
2006-01-03,61.9510383605957,62.35924056031343,59.058888271140525,59.058888271140525,1282790
2006-01-04,63.57950973510742,63.84005971665995,62.011843160360996,62.53294974969584,5369920
2006-01-05,64.22653198242188,64.53051682527756,62.98890496624665,63.57514724983655,3853500
2006-01-06,66.78431701660156,67.30977039782886,63.40146114892267,64.26997431534627,8616860
2006-01-09,66.42823028564453,67.13607063903494,64.26997452978252,65.85066823289826,5517700
2006-01-10,64.99517822265625,66.87550991342138,64.73028145730068,66.43256636904026,6799800
2006-01-12,64.84751892089844,65.90275895363243,64.26995702545479,64.99516452917575,3949510
2006-01-13,63.39277267456055,65.38166857415365,63.05405307770092,65.38166857415365,3382880
2006-01-16,64.39155578613281,64.88660795027509,63.14089489725608,64.18311451339622,3428120
2006-01-17,65.05162811279297,65.39468784853516,64.35681502932371,64.35681502932371,2610120
2006-01-18,64.67817687988281,65.35561609280754,62.54163527518576,64.6173812229852,6244860
2006-01-19,63.266841888427734,64.67817576646844,62.559001546124634,64.67817576646844,6433500
2006-01-20,62.980224609375,64.61737359824879,62.715327858529264,63.44488228144411,4852150
2006-01-23,62.4895133972168,63.38408743481463,60.882765525961396,63.01062654571385,4177510
2006-01-24,62.17683792114258,63.314594373384395,61.972743477267905,62.70663134231577,6345090
2006-01-25,62.43741989135742,63.31462016964912,61.9380274000728,62.20726439959349,8777020
2006-01-27,64.01810455322266,65.13848733045401,63.49265779944556,64.68686340050388,6651140
2006-01-30,64.57829284667969,65.04728407783769,63.75754825280979,64.0180982005388,3311460
2006-01-31,66.21978759765625,66.56284737683393,63.401460036613486,63.939940575791724,6150040
2006-02-01,64.16574096679688,67.22291057623805,63.83570839726015,66.44124751551567,6372040
2006-02-02,64.22653198242188,65.31217320339742,63.92690057146428,64.16573633909637,4776560
2006-02-03,63.5621223449707,64.23956143074648,62.92376475424468,63.74885608725568,2769020
2006-02-06,64.68685150146484,65.13847534833951,63.05404281194698,63.56212212451662,5746490
2006-02-07,66.94063568115234,67.30975635033904,63.853071753839274,63.9225543829473,8743490
2006-02-08,66.21978759765625,67.04921262110493,65.13848633898645,67.04921262110493,3352220
2006-02-10,66.1850357055664,67.0492019121878,65.32954985818525,66.77996499871522,6061210
2006-02-13,64.83016204833984,66.18070028001553,64.53487075391203,65.225337127262,2909880
2006-02-14,64.95608520507812,66.00264491429205,64.20047654290599,65.22532210283035,5989940
2006-02-15,64.59565734863281,65.57273451861214,64.00940839615377,65.05162801986889,4060910
2006-02-16,66.00699615478516,66.77997229018365,63.948617705042125,64.59566235542297,4744650
2006-02-17,64.47405242919922,66.65836173309093,63.965973203319024,66.65836173309093,4791320
2006-02-20,62.724029541015625,64.69555175219065,62.532955561048894,64.26998210441135,5092480
2006-02-21,62.949832916259766,63.401456816397385,62.75007198609193,63.401456816397385,3755570
2006-02-22,63.11051559448242,63.375412398632946,62.66757198523086,62.949842764929386,3194470
2006-02-23,62.70231246948242,63.29724191253715,61.83813941888468,62.70665265019615,11054570
2006-02-24,61.790348052978516,62.72400340676215,61.317010107426036,62.72400340676215,9637650
2006-02-27,63.240787506103516,63.549105965461365,62.18988738362819,62.54163415123086,3147850
2006-02-28,64.02242279052734,64.61735861007304,62.858618729696175,63.77924024803888,4927070
2006-03-01,64.86489868164062,65.1384824282325,62.96719968062476,63.83571277966786,4843990
2006-03-02,65.85498809814453,66.00698050638051,63.84003843194623,65.12978062062305,5042910
2006-03-03,65.98095703125,66.20242553922039,64.88228822735633,66.00701137027819,4909720
2006-03-06,66.01567840576172,66.35439796321326,65.65958487672214,66.00699141996769,3168760
2006-03-07,65.81159973144531,66.3544205695037,65.07336471693209,65.07336471693209,5512680
2006-03-08,66.01129913330078,66.85375743279926,64.26993371997767,65.57270264673397,8101130
2006-03-09,65.15585327148438,65.96357076199254,64.18312278913781,64.72594350517207,7265980
2006-03-10,65.05162811279297,66.38913899142268,64.71724873657838,65.31217804942246,7928110
2006-03-13,66.81037139892578,67.30976376995321,63.48830488873588,65.56839742818588,5494830
2006-03-14,66.18069458007812,67.39661422714542,65.16888266478675,67.39661422714542,3665990
2006-03-16,66.66706848144531,67.04920974574344,65.58142708901923,65.58142708901923,6059250
2006-03-17,66.37611389160156,67.04920621851328,65.42074421554199,67.04920621851328,2403510
2006-03-20,66.489013671875,67.3097582003658,65.92013871115232,66.44124519132883,5279880
2006-03-21,65.55536651611328,67.13605996798309,65.22532732344283,67.13605996798309,3325760
2006-03-22,65.77685546875,66.44126761479954,65.14283784263593,65.30351730937129,4305180
2006-03-23,64.4393081665039,65.92012410919136,64.12230284376918,65.06897863333178,2842510
2006-03-24,63.822689056396484,65.12979895553003,63.4057998308246,65.12979895553003,3383690
2006-03-27,64.11798858642578,66.77129685321945,63.83572442822168,66.77129685321945,18297160
2006-03-28,64.50447082519531,64.87793175684631,62.6197988189185,63.496998984188,3093480
2006-03-29,64.81277465820312,65.13846699316896,63.96597591253743,64.44365402808415,3304330
2006-03-30,67.70059967041016,70.52326750290446,64.44367524830133,64.44367524830133,6269780
2006-03-31,67.24462127685547,68.17827009582933,66.00698760870101,67.309757100978,4943400
2006-04-03,67.20987701416016,67.82217361274216,66.18068465456537,67.24461832757788,3182870
2006-04-04,72.33412170410156,72.86390863551846,67.57032649187005,67.57032649187005,6941520
2006-04-05,73.04196166992188,73.47621828701561,72.26029843390711,72.86826167357643,3885820
2006-04-07,71.01832580566406,74.17103315588002,69.56791026297152,72.72929797483455,3662370
2006-04-10,71.67838287353516,72.94641116530455,70.34955893168878,71.13122202284221,2119320
2006-04-12,70.26270294189453,71.65232241500038,69.67645401709865,71.56547244034908,2895750
2006-04-13,69.82410430908203,70.95751411363156,68.63858584150042,70.26270764369809,3946800
2006-04-17,70.74907684326172,71.39612149289049,69.06850610298328,69.93267240295549,3868400
2006-04-18,72.47307586669922,73.12880087630101,71.56548126120445,71.56548126120445,3051430
2006-04-19,73.6933364868164,74.49236696236815,72.95510166426905,72.96812883089648,4911280
2006-04-20,73.8236083984375,74.25786491842831,72.10829646971953,73.78018009594696,3810050
2006-04-21,73.70635223388672,75.12637281233073,72.73796211598496,72.73796211598496,14004460
2006-04-24,71.426513671875,73.6238506987876,70.2627093280671,73.17222681381577,5934360
2006-04-25,71.62193298339844,72.52084726481591,71.21807755347191,71.48731450675626,8893380
2006-04-26,72.6988754272461,73.99729799950907,71.34399076866477,71.65231577024663,9149880
2006-04-27,71.58285522460938,74.17102743532658,70.02387564549474,72.69455104287752,9425070
2006-04-28,70.9879150390625,71.3049204486083,64.3481290267774,69.39419437921578,9645050
2006-05-02,73.93651580810547,75.6474876288012,72.17343532321925,72.86824843482721,8522490
2006-05-03,74.97004699707031,75.90804269120082,73.8322970100333,74.0841665923218,4008330
2006-05-04,76.75483703613281,77.72322718413017,73.48054591346995,73.82360563588445,4763740
2006-05-05,76.31189727783203,77.384511424609,74.78765926062572,76.42914839491827,4676020
2006-05-08,76.09042358398438,77.73191260498581,75.1263736349863,77.12395616247723,16088360
2006-05-09,74.05377197265625,77.63638865680406,73.64991654521513,76.52035272326032,7347420
2006-05-10,75.6518325805664,76.41178150378434,74.12324774823544,74.2578662115803,9300340
2006-05-11,76.08448028564453,76.80992170160708,72.98166434381336,75.9533741657313,3360360
2006-05-12,76.50401306152344,76.81866508689289,74.40633511517181,75.1667452878704,2171460
2006-05-15,73.72896575927734,76.47779322157423,72.636425856112,75.77856501621466,3817160
2006-05-16,74.09168243408203,74.29271270841896,71.75801882352368,73.41868079420227,3810100
2006-05-17,73.79450225830078,75.60374774689784,72.28242436929622,75.60374774689784,3487610
2006-05-18,71.6400146484375,73.7682866563734,70.27215938989443,73.15646038373944,5344990
2006-05-19,70.76598358154297,72.98165746094794,66.88091238224142,72.8942556120267,4597090
2006-05-22,68.78194427490234,72.89426621418562,62.05626866327132,70.79658819330953,3828250
2006-05-23,68.27938079833984,69.92255852303052,64.94057889559852,69.48554253226158,5326840
2006-05-24,67.1781005859375,69.83515868719822,65.29018825017265,69.13593041432198,12132980
2006-05-25,66.26473999023438,69.0485298509926,63.64701167946002,65.6441780537991,8727960
2006-05-26,67.64569091796875,68.96111309703139,65.55238760776108,66.42641944253123,3019930
2006-05-29,66.80225372314453,68.87371158222557,66.25598382375611,68.17448344367489,2416340
2006-05-30,65.56112670898438,67.14312212162817,63.463449070552436,67.14312212162817,2789360
2006-05-31,65.13285064697266,67.73746849879984,62.51512951917204,64.00098099955412,6228650
2006-06-01,64.56035614013672,67.51895560903827,64.0665327144855,66.42641587426418,5294960
2006-06-02,66.8677978515625,67.73746185925873,64.1539329526291,64.67835067851802,4406870
2006-06-05,64.62592315673828,67.65007283989134,63.81307319361229,66.68863904879277,3361650
2006-06-06,63.15755081176758,64.24134856671175,62.51513679263369,64.24134856671175,1885360
2006-06-07,62.995845794677734,63.77810807037392,62.056264180406636,63.07887989114836,2317800
2006-06-08,60.53981399536133,63.367307490652294,55.938036957265474,62.143661598545386,7253180
2006-06-09,62.29225158691406,62.93029781830565,57.795360322714735,60.04598983429958,3720560
2006-06-12,60.504859924316406,63.61641817605973,58.13623415883746,62.746753992119565,3574900
2006-06-13,56.956295013427734,59.24626121113802,55.93804695229899,58.64754476788401,3896650
2006-06-14,55.84626007080078,58.80485613073082,53.77043462721499,56.637261086010966,9776270
2006-06-15,60.981204986572266,63.3498373913976,56.28765777754217,56.28765777754217,7772480
2006-06-16,64.1976547241211,66.99456142971961,62.05627875824821,62.05627875824821,12292530
2006-06-19,64.35494995117188,64.68708625603183,61.57552895269019,61.57552895269019,1884810
2006-06-20,61.964500427246094,63.54212857418504,61.20409679704239,62.930308794902125,2681310
2006-06-21,61.97322463989258,62.67682051615973,61.35703061126726,62.4932746356118,2225260
2006-06-22,63.887359619140625,66.42642109539295,63.367309597578796,65.09789560755199,1943270
2006-06-23,65.49993896484375,65.59608298712018,61.40947026511106,61.601758309663936,2757360
2006-06-26,66.5662841796875,67.47527164424727,63.389175808374866,63.389175808374866,7670560
2006-06-27,64.7701416015625,66.4176870518726,63.89173521034362,65.55239727497663,3761700
2006-06-28,63.511531829833984,67.73747546682203,63.109477936940735,67.73747546682203,5275920
2006-06-29,65.4955825805664,66.51383061093024,63.90484468515568,64.67836483443088,10770010
2006-06-30,69.56857299804688,71.21612506418987,65.99815334044692,65.99815334044692,6019900
2006-07-03,68.04338073730469,69.92255061885318,67.38785682525294,69.92255061885318,5020220
2006-07-04,68.80817413330078,69.04416652906227,68.17450220925367,68.17450220925367,2086450
2006-07-05,70.56934356689453,71.32101163904433,68.00406171700065,68.1744976945035,6410050
2006-07-06,69.92255401611328,70.35520221968837,68.78630984601769,69.9662582797071,3852420
2006-07-07,68.1133041381836,70.79221396313216,65.63979233688258,70.09735355607599,1895550
2006-07-10,68.0521240234375,68.17448795553199,66.6886363981938,67.39660010078816,1397790
2006-07-11,66.5619125366211,67.74185452072429,65.99379034624974,67.74185452072429,1136840
2006-07-12,66.53131866455078,67.47526816263124,59.43417637872586,59.43417637872586,3083100
2006-07-13,65.23336791992188,66.86343542625197,64.90997374013595,66.07680544051168,2092050
2006-07-14,63.74315643310547,65.20278832780774,62.545730147300766,65.20278832780774,4724500
2006-07-17,61.83338928222656,63.804328819827774,61.378888959105836,63.804328819827774,5391770
2006-07-18,62.078128814697266,62.405890839412315,61.269646486399296,61.619260646429105,4076700
2006-07-19,60.937503814697266,62.84289358214958,60.49174568822123,62.23106726440453,2602380
2006-07-20,63.494041442871094,64.67835754550777,62.14366382154407,62.14366382154407,4458580
2006-07-21,62.04316711425781,63.54212891572565,61.61926102621347,62.49329309750728,3037710
2006-07-24,63.760623931884766,64.44674216874255,60.50923089107719,61.61924846120492,2832300
2006-07-25,66.95084381103516,67.29171572673856,64.67836215023434,64.67836215023434,4828620
2006-07-26,68.27064514160156,68.5241152406926,65.64854894617967,65.99816310590302,3544580
2006-07-27,68.8868179321289,69.48552757675375,67.32230022171017,68.61149578333547,8978120
2006-07-28,69.52925109863281,70.03618461134107,67.73748275833627,68.08709690623989,6498510
2006-07-31,69.48554229736328,70.35957427594647,69.12718598534347,69.48554229736328,3574760
2006-08-01,68.2750015258789,69.5729394598273,67.74621594883881,69.5729394598273,2363540
2006-08-02,68.15263366699219,68.78630543849343,66.7804038990858,67.91664799637586,6347890
2006-08-03,69.7346420288086,70.35957166954496,68.18323399062687,68.18323399062687,3662370
2006-08-04,69.95751953125,70.17602752328851,68.78631322638952,69.74775372602676,2352430
2006-08-07,70.22844696044922,70.35955305135433,69.1577594433343,69.1577594433343,7222550
2006-08-08,71.10686492919922,71.31225628150376,70.27216290220758,70.70917883236021,1719270
2006-08-09,70.69606018066406,71.58320187614262,70.19348792188737,71.58320187614262,3260920
2006-08-10,70.3989028930664,71.46959071458598,69.75648886648773,71.46959071458598,2050980
2006-08-11,70.85340118408203,71.32100480335332,70.19787723061677,70.81843910636374,1349700
2006-08-14,70.57373046875,71.14622047723434,70.04057030779445,70.63053802573502,877530
2006-08-16,73.95621490478516,75.98834328083437,71.50892933583545,72.3698513787313,6535550
2006-08-17,74.17471313476562,74.72535748322991,72.98166149364965,74.28396711903756,4933430
2006-08-18,73.51483154296875,74.17909772548978,72.64516730840724,73.59349122162175,2045280
2006-08-21,73.20453643798828,73.50607849828704,71.60068876623073,71.60068876623073,1835630
2006-08-22,75.05310821533203,76.04076168489225,72.55774465356014,73.67650421831263,4019600
2006-08-23,74.55054473876953,76.04077063729127,73.78576687316459,75.16673879088563,1895980
2006-08-24,74.58551025390625,74.96571199076689,72.98166254195675,73.85569442868677,2226400
2006-08-25,74.29270935058594,74.77342954901157,73.54978359074688,74.77342954901157,2698660
2006-08-28,73.89502716064453,74.29271328510032,73.41868136409914,74.28397109875668,1690310
2006-08-29,73.89502716064453,75.17111296510613,73.51045764987138,74.10916738189019,2190770
2006-08-30,73.418701171875,74.86085556427548,73.08219692436978,73.418701171875,1981170
2006-08-31,74.47188568115234,75.07933755262829,73.2482397525316,73.59347940061244,5186370
2006-09-01,76.58704376220703,76.91480571839337,74.46751377820176,74.51121803969357,3732560
2006-09-04,76.9410171508789,77.50913914615614,76.5870353440395,76.69628931742615,1346390
2006-09-05,76.45156860351562,77.0022062800624,76.04077255839317,76.04077255839317,1163810
2006-09-06,75.51634979248047,77.25567122897023,75.19295562186002,76.91479935619921,2916320
2006-09-07,74.1834716796875,74.99195400892108,73.61098174278972,74.86959005301937,5766910
2006-09-08,74.22279357910156,74.51122573071758,73.554159652932,74.46752146471464,3547010
2006-09-11,71.91533660888672,74.72972011767887,71.32099470846892,74.64231826992139,8062020
2006-09-12,73.46676635742188,74.2796164541992,71.24672408591891,72.96420058144938,6531470
2006-09-13,76.37290954589844,77.70144184687075,74.04798802169877,74.38011776277455,5208250
2006-09-14,75.6474609375,76.74000077386866,75.26288478123136,76.4777885458066,2076560
2006-09-15,76.73127746582031,77.52664319484252,75.88783303710203,76.30300361173143,3226030
2006-09-18,77.181396484375,77.52226843292938,76.15003845152623,76.16314839813717,1544410
2006-09-19,77.00657653808594,77.52661987028075,76.49963648140834,76.9148002627965,2828320
2006-09-20,76.53897094726562,76.97161912554006,74.56365704469032,76.47778898281274,2446050
2006-09-21,77.21633911132812,77.3255930844511,76.30297749642004,77.26003669957733,2283990
2006-09-22,76.5521011352539,78.13847154009069,75.42897334758432,76.92356744730554,2500530
2006-09-25,76.7662353515625,77.43049489797451,74.8389931110469,75.16675512467194,2688240
2006-09-26,77.67085266113281,78.0466866919708,76.14567107221022,76.9148168400097,3549830
2006-09-27,78.59732055664062,79.0998862272147,77.96801652745751,78.22585433520128,4402670
2006-09-28,81.20631408691406,83.44383381149544,78.75465412762284,79.0081175325156,8695110
2006-09-29,80.8785400390625,82.24639534305535,79.9739138780029,81.72197756932538,2645270
2006-10-03,80.38908386230469,81.28496790677198,80.10502615792119,81.28496790677198,2224080
2006-10-04,77.80194091796875,80.40218421518472,77.46543680448585,80.14871419046167,4290620
2006-10-05,81.37236022949219,81.80937613477232,78.48805925564349,78.68908283780557,4282960
2006-10-06,81.61273193359375,82.59601786050452,81.38548176335183,82.07160003315234,2197460
2006-10-09,81.2762222290039,81.71761259382929,80.84794847717725,80.84794847717725,1535980
2006-10-10,81.98419952392578,82.59601922119339,81.28497129704745,81.28497129704745,1448510
2006-10-11,84.41836547851562,84.95589319942802,82.33817207497081,82.5697899818816,3427440
2006-10-12,83.832763671875,84.54072731944031,82.85822004975317,84.54072731944031,4756130
2006-10-13,86.3324966430664,87.3988165586707,85.39290841065531,85.45409037294407,3450170
2006-10-16,91.66848754882812,93.08005424236725,86.70398477529876,87.31581126833505,9855050
2006-10-17,88.0849380493164,92.82218957463625,87.01861801312485,91.68595205101774,15300970
2006-10-18,85.64200592041016,89.93787299072117,85.26617198202926,89.93787299072117,13805750
2006-10-19,84.21297454833984,87.22838868730543,83.47004874656608,86.00474265997161,5740360
2006-10-20,83.920166015625,85.55023351904883,83.31708191624374,85.30550567244012,4977300
2006-10-23,84.73738861083984,85.02582073338337,83.49189717531222,83.92891311795364,1743710
2006-10-26,87.3857192993164,87.8402129896733,84.34408510948731,84.34408510948731,11057490
2006-10-27,87.3420181274414,88.53944436942267,86.72145620692608,87.84021610128245,4530830
2006-10-30,89.9684829711914,90.63711692653182,85.59395515417101,86.55538903316797,4944090
2006-10-31,87.80523681640625,90.71576440987121,87.49058482422983,90.71576440987121,4337730
2006-11-01,87.31140899658203,88.97644527747478,86.89624520019166,88.6617932770174,2047630
2006-11-02,88.32527923583984,88.9676931089957,86.17952967770248,87.05356143238167,2820940
2006-11-03,87.53865814208984,88.45201981734677,87.05357020263914,87.99315843457843,2160880
2006-11-06,87.30704498291016,88.3384028801303,86.99239296895593,88.27722091454666,1111560
2006-11-07,86.95304870605469,89.12501812637746,86.70394645786892,87.84019039397998,2767270
2006-11-08,87.63044738769531,88.43455520160693,86.10525919581832,87.35512518262355,4721780
2006-11-09,88.9589614868164,89.39597741604489,87.8402017749249,87.92760362710384,3349220
2006-11-10,91.2926254272461,91.77334561925194,89.15125003013046,89.79803174164692,6307880
2006-11-13,92.28028106689453,93.08438874011803,91.38002936009718,91.76023106756331,4029130
2006-11-14,93.14122009277344,93.93658572712648,90.92117806312999,92.62116999768288,5677680
2006-11-15,94.08515167236328,94.39543590036178,93.17179002724593,93.52140408646954,8366540
2006-11-16,100.01982116699219,100.51365123955746,94.38668680556074,95.18205889877798,17899270
2006-11-17,98.46407318115234,100.400057514689,97.72114732019084,100.25146700782875,8677120
2006-11-20,94.96356964111328,97.87409754122633,93.34661191938415,97.54196114319478,7373280
2006-11-21,95.47923278808594,97.27974284607663,93.52140340633895,95.1558452870311,6230720
2006-11-22,94.17693328857422,96.54119107965272,93.08876121795753,96.49311906042867,8773300
2006-11-23,97.28411865234375,98.11882069799128,94.39544302273862,95.96870307378454,3505690
2006-11-24,96.66791534423828,98.4946452661733,95.96869390814679,97.45454529463294,4447520
2006-11-27,97.1005859375,97.7692198828665,92.66924397196578,94.94172583433347,1158430
2006-11-28,95.02474212646484,96.93013179266266,94.54839637699881,96.58051772514924,2322840
2006-11-29,95.0378646850586,96.55431065286584,94.39545066787986,94.4828525292758,3872890
2006-11-30,98.04890441894531,98.45095831575014,95.62783885148261,95.62783885148261,9178020
2006-12-01,98.21495819091797,99.18513404633227,97.48076799326198,98.32857992712255,4571850
2006-12-04,96.1740951538086,99.11521038052598,95.97743265833442,98.15377670580166,3197990
2006-12-05,94.89363861083984,97.89156815223541,94.39980847691932,96.66355445797338,2734650
2006-12-06,95.02912139892578,96.842741676497,94.57025329648802,96.55430953572647,2525560
2006-12-07,96.68106079101562,97.44583889367694,95.09469703253511,95.94250258494039,3063180
2006-12-08,94.9067611694336,96.66793506492857,94.74506738798661,96.44942707126086,1850500
2006-12-11,90.26128387451172,95.22578602052013,86.63842408153782,95.22578602052013,6667670
2006-12-12,89.86360168457031,93.25921118336899,87.49060135101311,89.58827947232477,6323580
2006-12-13,90.82066345214844,93.5214189865674,88.30344715935529,90.45356496389303,4354300
2006-12-14,91.40190124511719,92.46385367993473,90.0471555347697,91.77336754298251,4598790
2006-12-15,92.33272552490234,93.94968313867955,91.77771342445699,92.73477938190456,3077800
2006-12-18,93.23297119140625,94.01960115085926,90.20007975616346,92.63862929630103,3283110
2006-12-19,90.79006958007812,93.7836317016769,89.79367368205234,93.7836317016769,5184970
2006-12-20,89.21244049072266,91.5985506381518,87.84021060178634,90.87310252233378,6991320
2006-12-21,88.21601867675781,89.91164228803876,87.4031689388928,89.14249013364365,4217680
2006-12-22,87.91012573242188,89.06384751633745,87.49058750720991,89.06384751633745,3686410
2006-12-26,90.09957122802734,90.44481753833487,87.75279787665583,88.7054893793602,1898780
2006-12-27,92.62116241455078,92.92707224887171,90.46230253353204,90.46230253353204,2260470
2006-12-28,94.39983367919922,95.09469426015168,92.39393162881377,93.0844177815722,4521150
2006-12-29,93.34225463867188,96.02990729302917,92.90961302562252,94.91988281412317,3109890
2007-01-02,93.52141571044922,94.37796992859336,93.0887675081977,94.37796992859336,2016770
2007-01-03,93.1106185913086,93.52141465720362,92.03993083193737,93.34661094200051,1516050
2007-01-04,91.77772521972656,93.0844054241687,90.46230949672733,92.29777531226932,3433420
2007-01-05,92.37643432617188,93.85791814086491,90.3880104053398,92.18414623982022,5954670
2007-01-08,89.58391571044922,92.12297770186098,88.8497253344777,92.12297770186098,3107030
2007-01-09,88.61808776855469,90.45792772674379,87.76154029919222,90.20008326588089,5231600
2007-01-10,87.28518676757812,89.02014048223845,86.96616701701095,89.01577272369198,3567750
2007-01-11,87.06668090820312,88.95896066447008,85.75126537398545,88.14611077688582,10057670
2007-01-12,92.7872314453125,93.50393735002316,88.80164137208315,89.00267164692114,6832570
2007-01-15,95.61910247802734,96.4057326145273,93.95844033837969,94.3910885805384,4852950
2007-01-16,95.8026351928711,96.5543031454336,94.41292103189286,96.49312118038009,6423470
2007-01-17,92.74789428710938,96.14351012549335,91.68594871697825,96.05610826813704,8693150
2007-01-18,92.7391586303711,93.87102835202651,91.88697218450349,93.08439830032871,6596330
2007-01-19,93.3815689086914,94.20316106299013,91.94815706608584,91.94815706608584,4500500
2007-01-22,92.3239974975586,93.78363600135347,91.38441576755733,93.52142373476315,3443020
2007-01-23,90.27874755859375,92.21035708210415,89.89417142362629,92.21035708210415,5341220
2007-01-24,92.51191711425781,93.07129705478873,90.89932702462771,90.89932702462771,3161940
2007-01-25,93.1805419921875,93.95842985472734,92.03556232968522,92.73915828044701,5092820
2007-01-29,92.85713195800781,101.38768376992061,91.79955433267672,93.5213979601854,5244380
2007-01-31,94.27308654785156,94.91986832294526,91.42374052712161,93.17180442503343,8244130
2007-02-01,96.48875427246094,97.10494839816222,93.21987664367165,94.39981844355982,4325660
2007-02-02,96.67666625976562,98.32858597060508,95.82011208791027,96.97383389656535,9046890
2007-02-05,96.43631744384766,97.34967925999717,94.85868945761904,94.94172356242076,2184210
2007-02-06,95.20830535888672,97.07873329229965,94.49596715001628,97.07873329229965,3177220
2007-02-07,96.31394958496094,97.41959945815866,94.25123366830984,94.8324657099581,5445480
2007-02-08,97.00006866455078,97.89157831874356,95.61909658429678,97.00880418284264,3335640
2007-02-09,97.34967803955078,97.89158025944462,95.09468063365152,95.11652609814881,4508550
2007-02-12,95.79827880859375,97.89158248206704,94.86306484982883,95.75457454193746,4460890
2007-02-13,93.40779113769531,95.2694766758057,91.88697083726625,95.2694766758057,11347880
2007-02-14,88.91088104248047,91.62037821327246,87.86204557905558,91.62037821327246,13360400
2007-02-15,91.05663299560547,93.07564431541218,89.15998559406988,89.58825930801876,7801500
2007-02-19,90.30933380126953,91.9219235523023,89.7237340909126,91.68593789845205,5911170
2007-02-20,90.16513061523438,90.89057199702896,89.68441042097236,90.83376446013177,2322690
2007-02-21,88.80164337158203,90.2000931356356,88.27722554360376,90.02528941575433,11269470
2007-02-22,86.29317474365234,89.50087030258743,85.48032478804107,88.97645248213954,10739980
2007-02-23,83.74974060058594,87.29830815907243,80.84795481347356,85.61142624055522,5086290
2007-02-26,83.18598175048828,86.26693860408636,82.1589916870665,85.45408873874695,3754710
2007-02-27,85.29679107666016,85.7425493233567,80.41095474460954,83.47006715337187,6356890
2007-02-28,81.72198486328125,82.85822903138789,78.66287313043115,79.18729095096715,9170520
2007-03-01,85.68134307861328,86.44175320548736,82.24639756560839,83.90705945090772,6058340
2007-03-02,81.94923400878906,85.65512745181564,80.7649178329137,85.65512745181564,6513210
2007-03-05,81.11454010009766,82.07160620789688,77.22510036391382,80.55516015305852,4716770
2007-03-06,81.10579681396484,82.42121922506486,79.5675053146187,81.19757310687166,6724780
2007-03-07,80.02198028564453,83.89830911550318,79.18727833116164,83.55743725306165,4912640
2007-03-08,85.14381408691406,86.52915377903491,80.02198687521357,80.32352893258908,5127660
2007-03-09,85.3841781616211,86.44175595691267,83.57930016024149,85.91733815231918,4404030
2007-03-12,83.03740692138672,85.99163931930701,82.60913311284264,85.38418735217081,4823450
2007-03-13,83.920166015625,84.78108790565948,82.18521229151156,83.90705607158051,3445740
2007-03-14,81.54280090332031,82.07159311349795,79.97391531261505,80.95283339791611,5187230
2007-03-15,80.27108764648438,85.65512742850517,79.97391999702268,84.34407955970151,5045770
2007-03-16,78.96878814697266,81.72199022069512,77.39553458222754,81.72199022069512,4798650
2007-03-19,80.8173599243164,81.5471824604816,79.104258126504,79.53690633629635,2649830
2007-03-20,83.49191284179688,83.81967486027946,81.59089046726376,81.72199660832386,9071100
2007-03-21,84.39651489257812,84.77234886189403,83.03302731475014,83.73225547526056,3444570
2007-03-22,89.66694641113281,90.20010650462771,85.30552827082401,86.44177262346392,4804260
2007-03-23,88.37773895263672,90.02529104916532,87.05358107892401,90.02529104916532,5775820
2007-03-26,85.06077575683594,88.97644121233293,84.54072576127513,88.97644121233293,7532600
2007-03-28,83.7715835571289,85.04330149665192,83.20782928077656,85.04330149665192,4308160
2007-03-29,81.61273193359375,83.46568203646156,81.11016623828426,83.20783754769299,25630150
2007-03-30,83.39576721191406,84.77236499627467,81.98420734604035,82.68342897129683,10808880
2007-04-02,78.7808609008789,80.5857320962027,78.21710663599946,79.54563875248513,6620780
2007-04-03,79.90399169921875,80.74306149153273,78.76337984578662,78.76337984578662,6507920
2007-04-04,80.85232543945312,81.89679338275016,80.41094169271861,80.84795768017904,3751390
2007-04-05,82.38623046875,82.85820839015588,80.23611327234502,80.8523005570977,2886200
2007-04-09,84.88159942626953,85.2181035484404,82.38624228227181,83.00680408227066,2135690
2007-04-10,86.6996078491211,86.9661878877718,83.38265786123921,85.21812380962562,3734370
2007-04-11,85.59832763671875,87.1409936886921,85.21812582459941,86.52917391420864,4426870
2007-04-12,83.76284790039062,84.78109588310431,83.20783576639339,84.78109588310431,3566670
2007-04-13,85.76000213623047,86.26693550945757,83.20782422659263,83.9070523300094,4200990
2007-04-16,85.21372985839844,87.31577519934251,84.44895205927465,86.5291452722914,3116840
2007-04-17,85.48469543457031,86.87877746661505,84.9253155180865,85.7425332603191,7400190
2007-04-18,85.69007873535156,86.70395215893174,85.13944110026061,86.09213256438625,3189070
2007-04-19,85.8692626953125,86.70395805571046,83.91580094999091,84.47518080828578,3235180
2007-04-20,86.93121337890625,88.18982146911661,84.78109567035308,86.1358478045842,3575020
2007-04-23,86.24945831298828,88.12862801713985,86.00473047585848,87.31577817619677,3396480
2007-04-24,88.60498046875,89.55330424372718,85.32736096928946,86.24946485520438,17187570
2007-04-25,90.11268615722656,90.89931618868003,88.71423647260599,88.71423647260599,16204190
2007-04-26,90.41423034667969,91.3363342752348,87.94509287690775,90.85124630014971,12635100
2007-04-27,88.67926788330078,90.89930951196614,86.11398661892117,86.11398661892117,3559370
2007-04-30,89.51396942138672,90.02527723460655,84.80293845684827,87.92759953819171,5108850
2007-05-03,87.80523681640625,90.89931029391852,87.40318297492165,89.58826254929468,10278840
2007-05-04,88.08056640625,89.1512541543387,87.49059220407143,87.84020629912783,4187070
2007-05-07,87.40755462646484,89.14250841925583,87.22838316131983,88.37773053416328,4153940
2007-05-08,86.64278411865234,87.39445212318293,86.28443448951633,87.39445212318293,4769960
2007-05-09,86.93995666503906,87.22838880075021,85.6551286680843,86.57286485686181,2092860
2007-05-10,88.4345474243164,89.5882692592633,87.42504165227963,87.42504165227963,6472580
2007-05-11,86.75642395019531,88.27723786408626,83.69293731895945,86.23200604902624,7146150
2007-05-14,87.04483795166016,89.14689037474675,86.63841629920343,87.84021022012556,7878060
2007-05-15,88.36900329589844,88.68802309072082,86.97054684032744,87.21090696039963,5493450
2007-05-16,90.50164031982422,91.3188647605685,88.04561257493496,89.15126250290122,23843830
2007-05-17,91.69840240478516,93.26916466785008,90.82281907724133,91.86999839509848,11521170
2007-05-18,94.1843490600586,96.09390588837435,90.90202425764983,91.5180081655836,20583370
2007-05-21,97.39628601074219,98.73385402099942,94.59794648794526,95.03793693672641,11208800
2007-05-22,98.12667846679688,99.69304349720883,97.34789343943922,98.78666418503036,7553170
2007-05-23,98.0870590209961,98.99784239360325,94.64633750093992,94.64633750093992,5411460
2007-05-24,96.01911926269531,98.64586292961458,95.03794238550192,97.29069146402654,3505630
2007-05-25,94.08755493164062,95.47792634594381,93.37477256076681,93.45396761809886,6699810
2007-05-28,99.18705749511719,99.87784581874104,96.70111379789299,96.70111379789299,7182060
2007-05-29,100.70500946044922,101.28579332361313,98.65465249231333,99.17383796523681,4365720
2007-05-30,97.15428924560547,100.75781207026132,96.44590435944473,100.75781207026132,6553340
2007-05-31,100.98661041259766,102.06458567714358,97.7922754346212,97.7922754346212,9195500
2007-06-01,101.50139617919922,102.51777302642458,100.40581756124753,100.93380474911145,7433730
2007-06-04,102.81696319580078,104.207334602892,101.02180810170584,102.60576966362278,4869380
2007-06-05,102.04257202148438,102.5177624556808,101.21099044007082,102.0777720588753,3117460
2007-06-06,99.19145965576172,102.25378978415259,98.3818787449202,102.07779626917738,4538310
2007-06-07,97.28629302978516,99.42904446896246,96.88590009104078,98.50506851076979,3122150
2007-06-08,96.00151824951172,96.79789989719777,94.69474606380183,95.91791898904142,4911540
2007-06-11,96.56471252441406,99.26185635268048,95.91792597272955,97.28189916517,4588960
2007-06-12,95.75511169433594,98.02986122803853,94.24594115020948,97.41387064756462,1993420
2007-06-13,95.29312896728516,95.91791457769516,94.58474410024965,95.75512026556416,3646960
2007-06-14,96.4811019897461,98.55785737875324,95.91791477039378,96.70989889564586,3440160
2007-06-15,97.70867156982422,98.38185634623706,96.35789781620743,96.79788821719467,3814070
2007-06-18,95.78152465820312,98.99345637057057,95.32833501986089,96.91670085475762,1918890
2007-06-19,96.79351043701172,97.65149055087505,95.03794596270514,95.03794596270514,6339220
2007-06-20,96.80229949951172,98.16627262243959,95.67152749896351,96.35791154812455,6681110
2007-06-21,96.956298828125,98.029876633512,96.44590827905222,96.79790199267902,12744070
2007-06-22,97.06190490722656,98.35547131000241,96.53391094755403,96.53391094755403,6449610
2007-06-25,96.78031158447266,97.66029256856463,96.09832497905697,97.66029256856463,3674930
2007-06-26,96.68350219726562,97.67787817981414,95.91791641080847,95.91791641080847,7439420
2007-06-27,95.94871520996094,97.12788632646853,95.30192874806185,97.12788632646853,4788870
2007-06-28,96.56029510498047,97.01788216204783,94.59793498793779,96.26989983279431,7325090
2007-06-29,100.91180419921875,101.28579202311906,96.1819072457738,96.79789114026896,9392050
2007-07-02,100.98220825195312,102.51777737724738,99.52584090074649,102.51777737724738,5016240
2007-07-03,101.24180603027344,103.2217630709146,100.31782339248562,101.77859492061165,4130750
2007-07-04,101.2637939453125,101.62458931752825,99.52583310386527,101.5497917506906,2925510
2007-07-05,99.358642578125,102.02498352188447,98.74265194508423,101.62019313008571,5173740
2007-07-06,101.92818450927734,102.60576681667013,99.02424498908847,100.15061941441324,5131820
2007-07-09,102.7465591430664,103.74973670874432,102.34176878443502,102.51776225732844,4377570
2007-07-10,101.1362075805664,105.54491387729881,100.68301794307362,105.54491387729881,9238120
2007-07-11,101.08780670166016,102.42977892771269,100.22982665999429,101.37379781097495,4469980
2007-07-12,105.72530364990234,106.03769982749802,101.24180654568485,101.8137887671381,5386060
2007-07-13,107.92086791992188,109.11764260168327,105.84411224943723,106.12570589727979,8611970
2007-07-16,107.15086364746094,108.2376404935795,105.59769804251658,108.2376404935795,3308820
2007-07-17,105.53610229492188,108.03524465521663,104.64731976764702,107.35766236319111,3264100
2007-07-18,105.60211944580078,107.33128563399308,103.48576617576161,104.71774094134544,5890600
2007-07-19,106.41168975830078,107.30926729476803,103.48574932719765,104.81452232533562,9632820
2007-07-20,105.67691802978516,107.88567228154395,105.26773007590133,107.44568176920998,3723220
2007-07-23,108.26404571533203,108.67324031235289,104.76612308840733,105.45690458247734,3450280
2007-07-24,109.90080261230469,110.43759144246934,106.5788737182034,108.14084099569163,4567250
2007-07-25,109.0340347290039,109.55762445017005,106.56568798187892,109.55762445017005,2731370
2007-07-26,107.11566162109375,108.89762408523261,104.80571201928578,108.89762408523261,5614590
2007-07-27,102.90057373046875,104.71773660225183,101.2066143724891,104.71773660225183,6530330
2007-07-30,102.85655212402344,105.42169682291357,101.37377999090094,102.06896559094275,4747810
2007-07-31,105.65050506591797,106.46888757425782,101.28580059267922,103.83774655412662,6183720
2007-08-01,102.19658660888672,104.71773007927251,98.65026455518749,104.62093164042084,9801780
2007-08-02,101.40899658203125,102.24498246152045,100.33541881464348,101.17140469413268,5743380
2007-08-03,101.6377944946289,102.86976910397478,100.14182964210133,102.6937688947988,2834350
2007-08-06,99.6578369140625,100.31782258899007,97.41388293382019,99.86903045019731,6850390
2007-08-07,100.44102478027344,102.86977407448337,99.5258437895027,101.90179637526956,3925360
2007-08-08,103.11176300048828,104.92891896471163,100.75781144499655,100.75781144499655,4867520
2007-08-09,101.69498443603516,104.9377115718566,100.22981558202689,104.52852371787306,4981730
2007-08-10,99.48184967041016,99.87783841475965,96.00592086915235,96.90790269097275,5591670
2007-08-13,99.93502807617188,101.10539751241285,98.75145275046533,100.31781760020294,3495030
2007-08-14,100.99100494384766,101.37379447745232,99.11224388915431,99.88663135870841,1869640
2007-08-16,96.26991271972656,98.01227115863871,95.14793571879531,96.9122950231613,6630700
2007-08-17,93.99075317382812,96.60429739292557,92.50359009104925,95.89151504725214,8906500
2007-08-20,97.7570571899414,100.2298076348211,96.89907731113344,96.89907731113344,8108420
2007-08-21,97.14549255371094,99.2618523460171,96.71430377456669,99.2618523460171,2236130
2007-08-22,98.32907104492188,98.72506650698486,96.62631002784468,97.14989977565962,5452410
2007-08-23,96.81110382080078,100.75781892450466,94.59795226536464,98.7778617840668,8749280
2007-08-24,96.59548950195312,98.73384311538723,95.04232392640778,96.68349295296612,8395490
2007-08-27,98.52265167236328,99.16504062415811,96.93428602579723,96.93428602579723,5504680
2007-08-28,101.25059509277344,101.93697908591778,98.44785821619368,98.94504954797796,5140400
2007-08-29,102.30217742919922,103.83774652139174,98.60186283567457,98.64585785257786,6884250
2007-08-30,103.89054107666016,105.33370919015607,101.33419768135893,101.33419768135893,9014460
2007-08-31,103.10736846923828,105.15772573716413,101.90179883915914,103.22177029192689,6542910
2007-09-03,103.52095794677734,107.20808025878135,102.9885732341499,107.20808025878135,3930710
2007-09-04,103.52535247802734,105.15772004022058,102.56177900923517,103.83774865896258,2317330
2007-09-05,103.17337036132812,104.22054314133237,101.90179813911286,102.56618134883519,2018480
2007-09-06,104.2425308227539,104.50652776359031,101.98978199217534,102.07777873454711,1501660
2007-09-07,105.29413604736328,106.12571790726594,100.36624329558,102.28020484814026,2612710
2007-09-10,105.25450897216797,106.12568812527249,102.95775843912067,103.04575518051247,2282520
2007-09-11,104.52411651611328,106.0376845397557,104.026925224445,105.25450217859292,1811170
2007-09-12,104.0269546508789,105.76492256299038,103.83776195126636,104.89373650595974,1250510
2007-09-13,106.7856674194336,107.09365935288858,104.01372659089746,104.01372659089746,5630740
2007-09-14,108.4752426147461,109.98881083730129,106.47768892530874,106.65368241986198,4471910
2007-09-17,107.89885711669922,109.90081502444073,106.92207777206441,107.19927390637798,2402430
2007-09-18,108.33885192871094,108.66444729459417,105.9101093596616,107.35767505700744,2317390
2007-09-19,116.53584289550781,117.91741910179731,110.52557954670179,111.84555065605026,9971620
2007-09-20,116.70305633544922,117.82943075219981,115.28628662614604,116.7734564149264,5024250
2007-09-21,116.02108764648438,117.2530555866011,115.0135057145125,116.30267456389242,3698550
2007-09-24,118.48942565917969,119.32541827620781,117.50385132429591,118.09343693015983,4425100
2007-09-25,122.87614440917969,123.98931985799139,118.35744672318216,118.48943850468366,4816660
2007-09-26,121.05899047851562,122.31735684113247,119.68620886369149,122.31735684113247,7783580
2007-09-27,126.10128784179688,128.38923052787263,120.64979876198723,120.73780223844776,10823480
2007-09-28,126.330078125,127.06046401204514,123.46134471918084,126.5852801503549,5957270
2007-10-01,124.22248840332031,127.57082245571979,122.42292921082485,126.71723997337048,7230980
2007-10-03,125.3796615600586,126.61164274571804,123.73410174855859,124.39408735348422,4922650
2007-10-04,124.05088806152344,124.8428653697597,122.14133143515936,123.9012929445206,4029050
2007-10-05,123.4745101928711,124.9572757176084,122.51093012634632,124.07729490269566,2967090
2007-10-08,123.8441390991211,126.71727681764557,123.10934898172039,124.54372245359168,6707230
2007-10-09,125.0584716796875,125.39725944149279,120.2229682288101,120.2229682288101,4688390
2007-10-10,124.68891906738281,127.59724993980265,122.85415270327607,125.8548912520334,4537790
2007-10-11,128.53880310058594,129.7883742369529,125.04527821779203,125.39726517009991,4505070
2007-10-12,126.07484436035156,128.5651914654665,125.02766513152,127.15721691070398,4658910
2007-10-15,131.92674255371094,134.19709501843076,127.59723788637677,127.59723788637677,11302540
2007-10-16,132.67910766601562,133.74389040562568,128.9259898671639,133.74389040562568,4700670
2007-10-17,128.71920776367188,130.65956736479183,114.83751368362154,123.75172498128539,6257440
2007-10-18,122.15898132324219,128.74123611483202,119.68622318201098,127.42126448021811,6201550
2007-10-19,120.23616027832031,126.71722308454365,117.75902584221036,118.79739664175968,4979580
2007-10-22,120.72461700439453,122.93336487325124,117.12549729702295,121.33180615074974,5649020
2007-10-23,130.95877075195312,133.31711324067464,122.16775627269824,123.02133886401225,8882590
2007-10-24,133.22470092773438,134.19707598089585,129.22518968438365,133.75708556784375,6143730
2007-10-25,136.7490234375,138.93577646230085,128.94359732545803,131.56593658925712,6432930
2007-10-26,136.08901977539062,137.26820420395168,130.78273684290895,135.3410441824894,3471630
2007-10-29,144.92843627929688,146.95678546585467,138.5969683285755,139.21295216899216,2928980
2007-10-30,142.60531616210938,151.21593356946215,141.88373871602002,145.63685718740737,4034020
2007-10-31,145.49603271484375,146.86880071319538,139.0369764008342,139.91695726413062,4207220
2007-11-01,148.73439025878906,152.09591064858395,146.6268320341576,152.09591064858395,7164870
2007-11-02,155.80064392089844,158.3789818915382,144.3652813146406,144.3652813146406,2918060
2007-11-05,151.0090789794922,153.99661711113117,147.42316043796373,153.99661711113117,4593000
2007-11-06,150.318359375,153.81187155711837,148.71678752570378,151.796720995171,3683640
2007-11-07,142.27969360351562,153.79424828799887,141.67690890346603,153.79424828799887,4536040
2007-11-08,136.86782836914062,139.88176554607446,135.9570449425702,139.03697799952164,5213400
2007-11-12,130.0039825439453,133.75710065347297,128.0372246386863,130.25917110422228,8365650
2007-11-13,138.5265655517578,147.8367633298978,125.39725461018118,125.39725461018118,10322920
2007-11-14,154.1990509033203,156.63660178060138,142.55690723852484,144.29926567842276,11911840
2007-11-15,149.6363525390625,153.99665956842156,147.41879688159315,153.99665956842156,4768460
2007-11-16,148.4615936279297,149.86076013134974,143.61288994612903,145.19685835917238,6584330
2007-11-19,145.5972137451172,148.45274692604477,144.78322888185397,148.45274692604477,8875260
2007-11-20,143.46328735351562,147.30879965140412,142.40290874071727,143.43688900028772,5645860
2007-11-21,139.1161651611328,141.94090951257323,137.716998874388,141.94090951257323,5563830
2007-11-22,140.06655883789062,141.14893158981366,136.52023686999138,140.6209511040321,4840010
2007-11-23,137.5146484375,141.32496816138672,135.6314894455102,139.4946058863071,4318350
2007-11-26,144.6116943359375,147.28683086751647,141.69015075271943,141.69015075271943,4238570
2007-11-27,143.6700897216797,145.68084942141257,140.79695244788775,142.90890136362856,5567700
2007-11-28,141.3557586669922,149.15679592491006,139.49460724060958,149.15679592491006,5354070
2007-11-29,147.34400939941406,149.06876450672996,143.33129849796828,143.33129849796828,10429030
2007-11-30,151.01792907714844,153.85146868855406,149.06876115181944,149.59675507010294,6157540
2007-12-03,149.25355529785156,152.6766803312941,147.83678556574876,152.6766803312941,4904520
2007-12-04,149.741943359375,152.0607016154409,148.77397242959682,152.0607016154409,2623660
2007-12-05,151.69110107421875,152.9406722522514,149.15675196528383,150.03673280283712,8200970
2007-12-06,148.71237182617188,156.63660433673044,147.15041105839808,153.11668064377022,5180210
2007-12-07,151.33912658691406,153.11669194271502,150.47674897818547,150.47674897818547,5919750
2007-12-10,148.53639221191406,152.23671395133078,147.60801869628597,151.35673294583177,4095970
2007-12-11,156.6849822998047,157.95656106103925,148.2767718038168,148.5407687417749,3630750
2007-12-12,156.99301147460938,158.29098883913835,151.44473763548464,156.37262324944922,7496460
2007-12-13,154.555419921875,156.45177743422937,153.4686431182396,156.1965889153432,3982280
2007-12-14,151.74830627441406,155.31662222657175,149.59674662049406,155.31662222657175,4778240
2007-12-17,148.14918518066406,151.26871595506498,146.51682432103576,151.26871595506498,4725560
2007-12-18,146.23081970214844,150.03673417385608,142.25330252037767,146.78080773064497,6633860
2007-12-19,145.4652557373047,149.59677306204463,143.6613053923358,149.59677306204463,5512930
2007-12-20,144.5544891357422,146.06365339607945,143.1069165659059,145.19687153496986,5936900
2007-12-24,149.43394470214844,150.03672941386625,145.22323326697972,146.61800877107154,3396530
2007-12-26,150.1907196044922,150.91670104941664,147.83676837493877,149.4339356102371,2160840
2007-12-27,153.6006622314453,154.70063830954584,150.47672748415135,150.47672748415135,4364940
2007-12-28,152.26309204101562,152.94068108474696,146.7104147837717,149.5087475636259,3377370
2007-12-31,152.15750122070312,153.99665808611672,150.3007409775385,153.99665808611672,1889620
2008-01-01,152.1927032470703,153.0286824675424,150.03675259613368,152.2367049802412,1310520
2008-01-02,150.94309997558594,152.6590597867285,148.74314805682857,152.58865971403537,6239750
2008-01-03,149.10394287109375,150.4767107151927,147.50237143468442,150.4767107151927,7018640
2008-01-04,149.27993774414062,150.82869907021814,149.0687375248133,149.86072827671006,3729820
2008-01-07,145.6720428466797,147.69600174900995,141.87932704090258,145.28486250164116,6322460
2008-01-08,150.9827423095703,151.60313054608017,146.95683178886728,148.62879037237343,9167490
2008-01-09,153.5214385986328,155.49258677009968,149.62311712124097,150.87268810206442,10049190
2008-01-10,151.53273010253906,158.1853845155735,150.04996422103576,157.47260203238338,8611000
2008-01-11,155.27703857421875,156.46061401420232,151.5415237760041,152.06070930867043,4151100
2008-01-14,156.9137725830078,160.59648994373805,151.55908370886453,156.10858266200518,11675460
2008-01-15,157.42417907714844,160.18291422828977,155.45301712478565,160.18291422828977,6228420
2008-01-16,147.28677368164062,152.99344921396116,145.2232178096354,149.1567327201678,12281700
2008-01-17,144.63365173339844,146.78080713634608,141.87051242651714,146.26162166213356,13356690
2008-01-18,138.2449951171875,143.0848897295628,136.8898171063549,139.1337709303082,9967410
2008-01-21,132.6219024658203,139.91693685012075,130.23714876615014,139.91693685012075,7434890
2008-01-22,125.5204849243164,156.63661253597672,118.88543432384533,131.9003469517649,11645060
2008-01-23,135.01548767089844,149.5967802889414,121.43738635219948,133.6691177224936,9332870
2008-01-24,132.9123077392578,144.05286903106568,129.79718129622327,134.63707619201466,8141910
2008-01-25,141.54054260253906,147.8368054758414,134.20589518469492,135.86905870920037,6072310
2008-01-28,139.9345703125,140.79694785844887,125.83727214848868,136.39704323787234,5958070
2008-01-29,135.2838592529297,143.17288451043868,132.01473355152774,140.6913454454284,6095210
2008-01-30,134.89669799804688,138.50901657044298,132.4371524916385,138.50901657044298,3965110
2008-01-31,138.11740112304688,139.90816544280375,133.32150799547398,135.69304949324058,6396850
2008-02-01,138.2449951171875,139.2833660615795,130.694757910589,138.5969820816562,7287230
2008-02-04,136.16824340820312,142.89129665621488,134.28508490078065,142.89129665621488,5491300
2008-02-05,133.07510375976562,140.5681398421458,132.01911604266573,137.27700676905988,6071410
2008-02-06,132.0059356689453,133.29511794790835,127.72043279788004,131.98834571794552,7865940
2008-02-07,131.27554321289062,133.05310837698062,130.41316569716972,131.90913053024067,16715320
2008-02-08,126.88884735107422,132.26112677548502,125.22127985120044,131.2051524223308,3880660
2008-02-11,124.143310546875,129.2691969244982,118.8590340425175,126.88886025726369,6926890
2008-02-12,123.87049102783203,127.15721970043928,121.98733274030032,125.8372485616804,4630920
2008-02-13,129.22520446777344,130.94116458949452,125.8372725287153,126.69965007726992,5844120
2008-02-14,135.20468139648438,136.83704235427382,131.90914349658277,131.90914349658277,6332650
2008-02-15,137.4750213623047,138.5969916379202,131.31954584112128,133.7570966918341,5442320
2008-02-18,136.9998321533203,139.9169711531111,135.54346475419254,138.86099669782163,1739240
2008-02-19,138.32420349121094,140.59455588477067,136.85023275909575,140.4449607390928,2744710
2008-02-20,135.2706756591797,138.15701216395078,132.78912288087065,138.15701216395078,3969550
2008-02-21,135.5918426513672,138.15698068401875,131.74631756154074,135.5170383779547,2989200
2008-02-22,129.7355499267578,135.49063130268271,128.48158815409278,129.39235798617074,4719170
2008-02-25,125.11128997802734,132.85951553293057,122.78814088648218,131.90033955278182,13660880
2008-02-26,128.02842712402344,129.30880095630883,127.15724119132447,127.5972316452737,6175120
2008-02-27,127.79962921142578,130.81797084281104,126.83165822590189,129.3571992477668,4606010
2008-02-28,129.58157348632812,131.20513909248982,127.77320600910433,129.2603756691606,6249960
2008-02-29,128.1912384033203,129.73559597033963,124.2269195919759,128.4772295507354,6846950
2008-03-03,122.30857849121094,125.83729788472725,119.8622320960392,125.83729788472725,5088000
2008-03-04,118.95140838623047,122.7573226946812,113.80351528934789,122.7573226946812,8482070
2008-03-05,117.27944946289062,118.95142123486457,116.17947333426685,118.09343448356083,6217520
2008-03-07,112.8355484008789,117.03745153423264,110.60919123968704,117.03745153423264,9191920
2008-03-10,115.40950012207031,116.91427350550306,107.80647170792687,111.31759393725176,7782270
2008-03-11,117.31908416748047,118.88544941751002,111.77519395780844,113.0863638886939,10376620
2008-03-12,120.60579681396484,126.69966829351128,118.48064847833699,122.66935345813368,6236940
2008-03-13,114.32270812988281,118.3574263026231,113.13474201899851,117.91743587027133,4279850
2008-03-14,115.75708770751953,116.67666615125056,112.19756652209222,113.95752834988973,4503400
2008-03-17,107.8856430053711,112.19755019889632,105.15770391190675,109.55760784127523,8637180
2008-03-18,108.32125091552734,108.94163906679483,102.5661749730977,107.70966445317954,12111460
2008-03-19,111.98637390136719,117.4730487679164,109.5576246792384,112.19756744259355,12654460
2008-03-24,118.08462524414062,118.88541099163253,113.09073153794753,113.09073153794753,6442120
2008-03-25,124.4292984008789,126.27726372886403,120.11739720550482,120.55738767145904,8768630
2008-03-26,126.64685821533203,128.182420694519,122.89814415773445,123.30292788016861,12330840
2008-03-27,126.1188735961914,129.11080339346316,121.96536252372069,123.30292387235515,8577870
2008-03-28,123.81330108642578,125.50726688322146,120.2053877110157,125.39726927859111,6065070
2008-03-31,117.1474609375,123.19732981220658,113.54393796629749,123.19732981220658,11801070
2008-04-01,115.23789978027344,117.91743999574938,111.7575737273147,116.1618824060272,7568270
2008-04-02,116.86148071289062,123.28534476584966,115.10151869440566,121.4373792754626,6711830
2008-04-03,117.13868713378906,120.42541702813558,114.84632673627367,116.59749393184757,5759050
2008-04-04,113.85631561279297,116.16187453338495,113.1303341087037,116.15747033242427,11649660
2008-04-07,114.69670104980469,116.38626267468617,112.47915225636288,113.34153644553092,6052000
2008-04-08,115.14988708496094,116.59745930163476,113.5263213887919,116.59745930163476,7349230
2008-04-09,121.42418670654297,123.10934452288988,114.04994115092835,115.18951500863103,7867660
2008-04-10,116.73384857177734,121.01935064698284,116.25426066094856,121.01935064698284,5423630
2008-04-11,117.0418701171875,119.23741828250779,114.57351657932688,118.70942434348972,4179520
2008-04-15,114.68792724609375,117.36306362244832,112.22397771968222,115.30391127083546,8971380
2008-04-16,115.12789916992188,117.38944303016248,114.47670849033909,117.12105530920034,5515950
2008-04-17,123.30294036865234,124.51731851383832,115.98150501852008,115.98150501852008,18132640
2008-04-21,128.54319763183594,129.74878050498992,121.6133485645833,123.63730716812643,8975360
2008-04-22,132.72311401367188,133.44470478301682,125.67887617482002,127.59722805488651,6995710
2008-04-23,127.18805694580078,132.771537460089,126.33887850413379,132.771537460089,5479870
2008-04-24,126.94605255126953,129.3528010916141,123.9101208268127,129.3528010916141,12211510
2008-04-25,132.0323486328125,132.701142813228,127.64125186008143,128.01084228362657,5451640
2008-04-28,134.05189514160156,136.3090348513834,132.03232717754796,132.03232717754796,11563080
2008-04-29,136.9676971435547,137.95880163523992,132.86167546013382,134.41912730460865,5915690
2008-04-30,134.8748779296875,136.99426200027446,133.1802645577704,136.99426200027446,8090710
2008-05-02,136.31283569335938,139.54722513600927,135.56950741641498,136.71990413232473,5983880
2008-05-05,135.26422119140625,137.94552331792002,134.17134624194838,136.27745671202558,4201550
2008-05-06,136.5297088623047,137.16242260332135,134.95012546455808,134.95012546455808,4309980
2008-05-07,136.44561767578125,137.33938070939132,134.09615958749,136.2332323249684,3440580
2008-05-08,133.4766845703125,134.80847769780868,128.5078624553417,132.7377716999576,5890680
2008-05-09,128.534423828125,141.58697289156626,127.71145602953003,138.25525497582302,6204230
2008-05-12,129.9104766845703,130.6936383361414,126.22036751302548,126.22036751302548,2617630
2008-05-13,130.99008178710938,132.29534223705144,129.20255578123107,131.82633641837384,5241620
2008-05-14,129.6228790283203,130.49895334577505,128.31320321763786,129.64058118195825,6026880
2008-05-15,130.83523559570312,131.56529082487526,128.51673941272645,128.51673941272645,2317940
2008-05-16,132.77317810058594,135.18901555142514,132.0298497323828,133.62270588052237,4909260
2008-05-20,129.30426025390625,133.18020680609683,128.31315605903018,132.73774764727258,6313120
2008-05-21,124.77794647216797,128.32203614007236,123.22048115731504,128.32203614007236,14458840
2008-05-22,122.45059967041016,124.59652977259854,119.55249693117658,124.59652977259854,5134010
2008-05-23,122.2514877319336,124.84430600839322,121.41967566822835,124.59652990383677,6643420
2008-05-26,119.25160217285156,122.25147509552416,118.2251070612711,121.23382430719761,3908590
2008-05-27,117.93311309814453,121.2338559051466,116.72076535719783,120.78255225146657,6282550
2008-05-28,119.58345031738281,120.40200258718524,116.543757590954,118.11006703396568,4127010
2008-05-29,116.76942443847656,121.65859383991068,115.39336912418452,120.79137747471815,6417260
2008-05-30,121.11880493164062,122.37538772818795,115.12791570837283,115.12791570837283,6580760
2008-06-02,115.96858978271484,122.11877159357293,114.5084659337283,122.11877159357293,4910970
2008-06-03,112.06608581542969,115.92433127428842,110.3050997727217,115.92433127428842,5200410
2008-06-04,107.51762390136719,112.38467683517393,105.84512806967966,112.38467683517393,4844590
2008-06-05,110.45109558105469,114.14563271281794,104.45577189031542,107.96004804962813,10616470
2008-06-06,109.0617904663086,112.82269435005382,107.78308341589093,110.61482011015373,9996580
2008-06-09,104.73896026611328,106.19464831230744,102.56206144020433,106.19022615005258,5561890
2008-06-10,100.20375061035156,105.73891360299106,99.11087568213802,103.53546834651917,15578710
2008-06-11,105.86724853515625,107.05303632975274,99.3144267675129,101.32318920738669,12784470
2008-06-12,102.78771209716797,103.96023321537082,99.22149145551154,102.32312851264957,12337690
2008-06-13,99.3011474609375,103.84520682005075,98.5356946852235,101.97802784585834,7253270
2008-06-16,101.69927978515625,103.71246433720616,99.99580866269015,100.6683487352365,10051630
2008-06-17,107.39813995361328,108.40252441717466,101.76563516714356,101.76563516714356,12872220
2008-06-18,103.39388275146484,109.02196541165475,102.8629329583398,109.02196541165475,10737990
2008-06-19,99.3719253540039,102.2080908814823,98.40293847711249,99.31441024012582,5970000
2008-06-20,97.18618774414062,100.703744768453,96.68178438520954,99.28786953158573,6490850
2008-06-23,96.94725799560547,99.10203263732947,95.12874999312307,95.12874999312307,7434230
2008-06-24,93.7703857421875,98.12861206130307,92.20850512762762,95.57119813285925,3611410
2008-06-25,95.07122039794922,95.7304871352966,89.83250430482231,92.03152739864164,12971760
2008-06-26,93.84561157226562,97.23484436651277,92.04037698465123,95.65083940848751,13987170
2008-06-27,90.40327453613281,92.82794926427837,88.13787865195602,92.82794926427837,10459010
2008-06-30,89.14669799804688,89.85463557959231,88.04940082290527,89.37677872475811,6711640
2008-07-01,85.41675567626953,89.81922366317636,84.07167583669167,89.81922366317636,10231680
2008-07-02,90.93423461914062,92.91645033591684,84.77520214989843,85.39464245158071,9040170
2008-07-03,87.11581420898438,90.26170020683723,83.62481048574627,90.08471918149881,17021890
2008-07-04,88.51839447021484,89.11128823145417,86.99633360446022,87.26623401090383,14015130
2008-07-07,88.96971893310547,92.91645517116092,88.16443974761997,88.4918620677723,13956330
2008-07-08,88.646728515625,91.12007452347238,84.95219044917883,88.49186505122795,12081920
2008-07-09,93.64649200439453,94.41195132247006,88.51839122156117,91.0581095963402,23313860
2008-07-10,93.28811645507812,95.26148788810968,91.26165206691158,92.91645226634708,13095150
2008-07-11,94.49160766601562,95.12875014254207,91.5979267950834,92.47399432461067,10524820
2008-07-14,91.2926254272461,94.68628734578051,89.48739072749584,94.49160417942613,9648400
2008-07-15,81.2488021850586,90.24400042756459,80.70015023089256,90.24400042756459,18560790
2008-07-16,79.96124267578125,83.18234573653123,78.961287120301,81.2355275794249,10915850
2008-07-17,84.83273315429688,86.6335460316003,83.89029928676068,83.96108765492995,23244500
2008-07-18,91.54480743408203,92.2969934887908,86.16450859589273,86.16450859589273,28339150
2008-07-21,95.89862060546875,96.80123450796182,92.49167896763227,92.91644281970643,12365120
2008-07-22,97.4560775756836,103.9823518882743,94.69070710424685,94.69070710424685,22574180
2008-07-23,106.59729766845703,107.51761385649048,100.48251342816636,100.48251342816636,23783480
2008-07-24,107.4202651977539,110.52633128404068,104.90709968732656,110.0838719968759,13230330
2008-07-25,99.68165588378906,105.72122957092756,98.9339053142744,102.04881591432576,20062080
2008-07-28,99.74803161621094,102.18155791122483,98.22597045328837,99.68165866641989,14884020
2008-07-29,91.08467864990234,99.08434420847931,88.75734498656362,99.08434420847931,24735410
2008-07-30,96.81451416015625,97.78350106541649,92.47398969534862,92.91644897618761,18117770
2008-07-31,97.1773452758789,99.88961639088036,93.64651494448823,97.34105306832058,18039750
2008-08-01,98.07552337646484,99.55333571744738,90.81476513780478,96.87203362234696,30685000
2008-08-04,98.1153564453125,100.38959713186964,96.92513976717345,98.24366668042262,10056930
2008-08-05,104.81859588623047,105.7477630318371,97.16405609717384,97.36316141369169,20858170
2008-08-06,107.6415023803711,114.44652885402407,105.98670209997385,107.25213601994976,33273800
2008-08-07,110.84932708740234,111.94220209061186,106.19023123220097,106.19023123220097,18897530
2008-08-08,113.54389953613281,114.59695479469192,108.49101531249539,110.61482123039761,21243520
2008-08-11,116.05707550048828,118.20743484058714,114.2430030709353,117.6764782496823,26628650
2008-08-12,111.94662475585938,116.80925488004141,111.0749793971355,116.10131730142331,13596040
2008-08-13,107.72557067871094,110.6148294847409,107.27868919809421,109.84052567834772,12159990
2008-08-14,103.9602279663086,107.72555373938827,103.09300486890177,107.72555373938827,9742920
2008-08-18,106.50437927246094,108.29633400604175,102.68595341759057,103.44698394083183,15046940
2008-08-19,106.79639434814453,107.07514585523816,103.20804931409715,105.30530873366398,9180240
2008-08-20,109.57061767578125,110.43784084980975,106.31411705004244,107.26983073128375,10909540
2008-08-21,103.2125015258789,109.72992630685962,102.6948248611308,109.02198859787053,6941180
2008-08-22,105.65927124023438,106.0132399938293,101.85411895402572,102.6505469617662,10062190
2008-08-25,106.8716049194336,109.88918026331514,106.56631370626053,107.083990221718,7531350
2008-08-26,110.7298583984375,111.67672099969134,105.81413546471396,106.19022855808099,14303900
2008-08-27,109.1989517211914,112.2076761773136,108.4910141722005,111.83600525082731,14241010
2008-08-28,107.34947204589844,110.4112895586556,106.01324983533618,108.84498662418875,13568180
2008-08-29,112.97756958007812,114.57042595151172,109.39365287144342,109.39365287144342,12444460
2008-09-01,114.88899230957031,115.92434553100126,110.57058488798154,110.57058488798154,7211740
2008-09-02,118.54813385009766,122.64974078558346,113.72090058097322,115.25181969847226,28561030
2008-09-04,115.30929565429688,118.26050471606486,113.91555175369783,115.05710415048955,25190660
2008-09-05,110.48209381103516,113.26958895192773,109.72991429717999,112.82712962008426,23965120
2008-09-08,115.1367416381836,116.72073974403834,114.23854993930838,114.508443588899,17108360
2008-09-09,114.47307586669922,116.23406882216685,112.05724500770033,112.38466733516267,17933580
2008-09-10,112.88907623291016,114.13680806646056,110.61483548538637,114.13680806646056,16696920
2008-09-11,110.88029479980469,113.61468982399397,110.43783553364648,111.94661650018759,12170200
2008-09-12,110.14580535888672,112.80056082474991,108.22553385891315,111.07054355916158,13034290
2008-09-15,106.49108123779297,107.51758986316287,102.28329650945174,106.65479573923068,17413330
2008-09-16,108.87596130371094,110.08387328137512,95.19511404371698,101.76563723533843,14146790
2008-09-17,105.07080078125,110.43783375369294,103.11955382860678,110.41128052698163,16686490
2008-09-18,108.29191589355469,109.19895882741572,96.19065109008126,104.32305535113399,27105720
2008-09-19,114.99959564208984,115.39337738859685,111.070554987884,111.52186535390862,18163130
2008-09-22,115.10137176513672,116.9906681640775,113.46426691161162,115.57037755506381,11377090
2008-09-23,109.17683410644531,114.30936477310094,108.16360526306133,112.83597446921759,11054940
2008-09-24,113.32267761230469,114.59696260011867,110.5086360984777,110.5086360984777,13079970
2008-09-25,115.09693908691406,116.34909295617486,112.2165247426061,112.83597180923041,17412340
2008-09-26,110.13697052001953,115.03942047986722,108.86268554810438,115.03499156588013,13086330
2008-09-29,106.22119140625,112.11916704642705,104.88053371772632,112.11916704642705,14260730
2008-09-30,108.81844329833984,110.0086599171768,100.88072223196983,100.88072223196983,23163200
2008-10-01,114.61908721923828,115.48188833781977,107.19904891003016,109.55293585168462,13669400
2008-10-03,112.89348602294922,115.80929114644364,111.7961888655858,113.26957912293805,13953420
2008-10-06,106.43357849121094,111.49973577017238,105.50884023948302,110.61481723231387,15018590
2008-10-07,99.89405059814453,110.61483889329209,96.73046215496,108.85827471155508,28642690
2008-10-08,97.87641906738281,100.08428652589963,86.27955851394671,96.81009059567106,33813150
2008-10-10,92.71735382080078,97.16407143129781,86.28842030509416,92.04039158696858,45386960
2008-10-13,103.80538177490234,105.30531860599929,92.83681815626034,94.73054351376935,22046420
2008-10-14,100.96920776367188,110.43784053947931,99.64182990503099,108.40252512233944,21975310
2008-10-15,100.59312438964844,102.11075654547669,97.60652411957426,98.6684237372656,16445360
2008-10-16,96.74815368652344,99.22592175482525,92.1200263648067,97.25255702643504,27313620
2008-10-17,90.82361602783203,101.32317258963432,88.93431305902402,99.81881377576013,17117140
2008-10-20,95.60218048095703,98.47816581932828,91.23510276851385,91.58907154505351,12182810
2008-10-21,96.41631317138672,99.28786987094519,94.87212769598958,97.34105154068882,15447680
2008-10-22,92.78369903564453,97.78348967710525,92.03151969609905,94.68627507194807,12960220
2008-10-23,95.06239318847656,98.9339124659692,88.23081980602656,90.70416592982733,17067570
2008-10-24,86.09371948242188,92.916440133485,81.62045630879699,92.916440133485,31967620
2008-10-27,82.5009765625,84.06727975146653,76.27999218972039,84.06727975146653,17108110
2008-10-29,84.15132904052734,88.48743120583812,81.44348048791203,87.60693483432513,23982790
2008-10-31,90.49177551269531,93.80136909802818,85.3946426222615,85.3946426222615,29372790
2008-11-03,94.73495483398438,97.16405866356084,92.03152841668845,93.37217946841629,21550360
2008-11-04,98.46045684814453,100.15065443215147,92.92971619585855,95.52252768370592,21047690
2008-11-05,97.19503784179688,103.35849966918671,95.57121295044495,101.32760626293076,15012760
2008-11-06,94.00047302246094,97.7835012302915,91.26164898922676,93.81021877204795,13054380
2008-11-07,96.43842315673828,98.66841485367041,91.32358844651732,94.33231276094362,13780370
2008-11-10,97.4029769897461,98.6418642141385,93.13767017892376,98.22595144760605,18493570
2008-11-11,90.55815124511719,96.2791539549176,89.83251820608676,95.7481973520323,12354100
2008-11-12,89.080322265625,93.88985218793324,87.80161529380779,88.49627281067558,19011220
2008-11-14,89.28385162353516,93.71287316275942,88.70423106979031,91.23509859180629,17889030
2008-11-17,82.86819458007812,89.80153735519411,80.200165694002,89.47411506144583,35846110
2008-11-18,80.9789047241211,82.36379777206328,78.37281966093086,81.41251295708939,25120910
2008-11-19,78.2754898071289,86.19108777155253,76.99678248089371,81.85498453765723,24388690
2008-11-20,72.66952514648438,76.07646074769774,71.58992326604827,76.07646074769774,32424640
2008-11-21,75.7888412475586,76.81092777659477,70.61649833497881,73.4526569696891,31007950
2008-11-24,73.36859893798828,75.84194462164643,71.50142029003288,75.66053470173495,18036670
2008-11-25,73.92610931396484,78.31530527395361,73.29781784453317,74.77563045931164,24169950
2008-11-26,80.17803955078125,81.81070842837208,73.8906909601467,75.2180686420655,24273800
2008-11-27,80.17803955078125,80.17803955078125,80.17803955078125,80.17803955078125,0
2008-11-28,81.65586853027344,82.82838302303489,70.04573358932444,71.68283171650975,27592520
2008-12-01,79.54090118408203,85.83709441495401,78.75774642196811,81.85496116889944,21478500
2008-12-02,78.39494323730469,79.17809816565642,74.78448012555855,77.868422289733,17364840
2008-12-03,77.9082260131836,79.81964647381933,76.20033302797772,79.81964647381933,19717260
2008-12-04,80.70015716552734,81.29747996333813,77.16490467794846,77.16490467794846,17895490
2008-12-05,78.78429412841797,82.82837146257982,76.54545137085731,81.41250319212568,19920390
2008-12-08,79.46570587158203,84.4212494851978,78.05868155860838,81.80631297766523,24643320
2008-12-10,81.7443618774414,83.17793254871664,79.90815834367473,79.90815834367473,32299370
2008-12-11,81.2842025756836,83.97877814545797,79.83292983179805,81.8549721133202,22329190
2008-12-12,81.40809631347656,82.29743715546125,77.5188749380912,80.0851404577338,16075520
2008-12-15,83.55842590332031,84.83713277150127,81.85495521583934,82.75314688701532,15353390
2008-12-16,87.1600570678711,88.40336657971386,82.50096133237714,82.91686738951375,18939250
2008-12-17,88.6865463256836,90.26170040946904,87.42996348933717,88.77503683855146,25798390
2008-12-18,93.6819076538086,94.67744109958598,87.87242151450839,88.32372514892432,19852650
2008-12-19,93.10228729248047,95.95614849453561,91.37669868232433,93.00494570407236,20291690
2008-12-22,90.12895202636719,94.24382459119066,89.19979160940233,93.09342778764254,11942690
2008-12-23,86.70431518554688,90.0847034913337,86.11584358927111,89.55374700500909,13169430
2008-12-24,87.09368133544922,88.49185425298056,83.35932400575061,87.99630202960954,13548740
2008-12-26,86.08488464355469,90.25285064834422,85.48313969533109,88.0494051142668,8388570
2008-12-29,88.69981384277344,89.37677601206029,84.5982143601468,84.63361191328902,13030290
2008-12-30,90.17321014404297,91.52713457367733,88.07595055121337,88.4077950389235,18855380
2008-12-31,88.34584045410156,91.32358941115255,87.46977300155939,91.32358941115255,10393370
2009-01-02,89.87675476074219,91.32359173010897,88.77502873463828,90.26169216984438,10468520
2009-01-05,92.39437103271484,92.87222122220044,90.97407345137215,91.14663233962926,10059080
2009-01-06,97.37642669677734,98.49142583014356,91.50056875009216,92.39876043348961,18289930
2009-01-07,89.31040954589844,99.57546362693974,88.1378883876059,98.66842074070401,37782380
2009-01-09,90.04046630859375,93.53589202984436,86.2795623104461,88.49185877994472,21413570
2009-01-12,88.81927490234375,90.4386706741794,87.60693409098735,89.55375214800782,18056570
2009-01-13,87.50518798828125,89.55377019833068,86.28842476954635,88.4918704534469,12528110
2009-01-14,86.5052261352539,92.44745878841701,85.5627922992924,92.44745878841701,28325170
2009-01-15,81.8372802734375,84.95219097178997,80.26654830883663,84.95219097178997,29247490
2009-01-16,82.96554565429688,83.58499276053652,81.60719903638659,83.00537212463189,7808800
2009-01-19,83.2796859741211,84.46547360032719,82.43016496921385,83.97877244460985,10148450
2009-01-20,80.74439239501953,81.85496270171447,79.8196474150608,81.85496270171447,8011110
2009-01-21,78.70907592773438,80.24441006954531,77.8728282130027,80.24441006954531,19760400
2009-01-22,79.68692016601562,81.14703040974311,78.04981540553318,79.64267153682688,16299600
2009-01-23,77.20471954345703,80.64262316986148,76.55430388410645,78.98782984044352,15929700
2009-01-27,78.70907592773438,79.99220505568712,77.8728282130027,79.37718696656057,12274930
2009-01-28,80.68245697021484,81.04084792705484,79.231190989874,79.46569388142099,13174590
2009-01-29,81.71781158447266,82.96554333619864,80.52759495247956,81.84612181460805,23436980
2009-01-30,81.90806579589844,82.73989146411184,78.97013623000923,78.97013623000923,7484510
2009-02-02,78.6427230834961,81.45676466869217,77.60736312894198,81.41251603550677,13079720
2009-02-03,79.4833984375,80.50990738403378,78.75776536375487,79.23120011531847,11480200
2009-02-04,78.39051055908203,81.63816008425934,78.06308825832465,80.52758971159537,37993560
2009-02-05,78.2489242553711,79.61612177331436,77.88168225272167,79.19578681894447,10773010
2009-02-06,79.5010986328125,80.06745285387971,78.43919881502455,79.02324844078399,11709830
2009-02-09,81.36383056640625,81.5894823516133,79.90814261607721,80.35060186256405,10290560
2009-02-10,83.80181121826172,84.7885005831677,81.53199899081774,81.87711679736232,8321990
2009-02-11,82.69564056396484,83.44339786204245,80.2621144111833,82.03195161320625,9321390
2009-02-12,82.63812255859375,83.27083609554218,81.81514801835087,82.75758170455352,7140320
2009-02-13,83.54959869384766,84.41239306391618,82.91687832153488,83.1823566283531,7607900
2009-02-16,80.87712860107422,83.18234441423036,80.35060773047326,83.18234441423036,13997680
2009-02-17,77.8993911743164,80.91696714687205,77.01005032166684,80.26212245548842,17182670
2009-02-18,77.55426788330078,78.58077673066924,76.54103902661117,77.43037981570713,7830490
2009-02-19,78.2754898071289,78.95245211211258,77.37286889955448,78.22681900572641,8960790
2009-02-20,76.67819213867188,77.77548922782734,75.5366464223648,77.5188620434117,9997450
2009-02-24,75.61629486083984,76.10300281193868,73.89070621856837,75.48356246635235,7685210
2009-02-25,76.48351287841797,77.10738209552302,76.12069302118765,76.53660583259102,10926310
2009-02-26,77.41267395019531,78.12503361826843,74.42164507613785,76.66048781825553,32437620
2009-02-27,78.71351623535156,79.45685145946779,74.59864965162154,77.07641797875647,13551940
2009-03-02,74.83757781982422,77.60294889149118,74.11194472067457,77.26225328507142,18569110
2009-03-03,73.58098602294922,74.61633920799092,72.56332824003589,74.06326505981991,16714920
2009-03-04,74.24468231201172,75.21809155837065,73.44825410993839,73.53674463208118,17119990
2009-03-05,70.91738891601562,75.61630537313913,70.01034583635654,75.19154814894192,24224790
2009-03-06,70.95277404785156,73.26683431047888,68.4927014051726,70.79348842883095,23708540
2009-03-09,70.68286895751953,72.09431512052475,69.22275200436265,70.70499327147805,17589460
2009-03-12,70.67401885986328,73.8022092081778,70.01032994027786,72.1208625949495,28705440
2009-03-13,73.82433319091797,74.04998499206225,71.87750831804101,72.12086227107473,45726300
2009-03-16,74.76234436035156,75.44815758801292,73.15179286674702,74.33315832278123,27255110
2009-03-17,73.28453826904297,76.01451142367709,71.59876936451823,74.6871334829309,20923510
2009-03-18,74.59862518310547,76.10298379002603,73.64291167331531,74.32429588314854,18910410
2009-03-19,73.66061401367188,76.36846921329754,72.47482646491875,75.10303548885925,24426110
2009-03-20,74.27120971679688,74.48358826566852,71.76688875017084,73.4349620072604,20286070
2009-03-23,78.3152847290039,79.62496703745742,74.51013260093613,75.55876558062708,20449730
2009-03-24,83.3327865600586,86.19107673278138,80.52759609658877,81.0806702456038,37700540
2009-03-25,86.0273666381836,86.447708414266,82.9168780035364,83.88144287997581,17909000
2009-03-26,87.90780639648438,88.93431516543053,86.29283272712199,87.42995631592565,23156420
2009-03-27,88.62017059326172,89.64225725166324,86.80166259267763,86.81051366910435,22880780
2009-03-30,83.6690673828125,86.72203425553654,83.24430342809039,86.72203425553654,13254840
2009-03-31,86.13797760009766,87.42111368523733,80.03204435521604,84.2442522413059,37202700
2009-04-01,88.49185943603516,88.93431873321533,84.20885667999974,87.16448154449463,12946820
2009-04-02,91.72623443603516,93.08458769857882,89.46526719145781,89.46526719145781,17795660
2009-04-06,94.1686019897461,95.12873774190429,92.05364733727004,93.35890076065957,13472880
2009-04-08,92.62886047363281,94.24383427592583,87.8104787940884,94.24383427592583,26514260
2009-04-09,92.4208984375,95.57120641441841,91.33244561605622,94.13763588770067,14886190
2009-04-13,97.19503784179688,98.66400602225958,92.03153839672477,92.03153839672477,17111010
2009-04-15,95.81455993652344,97.75695593612191,92.2527613264006,93.34563630524686,31337760
2009-04-16,94.3411636352539,98.02685006863898,93.5580088573375,97.2348442151629,19520750
2009-04-17,94.85442352294922,97.16406152696712,93.49607027956169,95.92517418072339,23521060
2009-04-20,94.42965698242188,97.34103980118817,92.761583637257,94.68628417024667,11465890
2009-04-21,96.19950103759766,97.34104685175359,91.57138049988083,92.0315352052943,15048050
2009-04-22,96.39860534667969,97.54900222504263,94.2438307202356,96.45612721601577,12091220
2009-04-23,96.67735290527344,97.34104182681995,94.28807548826317,96.89858254578894,14411550
2009-04-24,98.24808502197266,99.36750646650155,95.30572674273448,97.34104214263769,18655130
2009-04-27,98.70381164550781,100.87628821295301,96.45611781470448,97.341036326766,14392790
2009-04-28,94.8499984741211,99.73032403840519,94.06685037004891,98.95602025937598,14800880
2009-04-29,97.37201690673828,98.22596007573718,94.86326685006472,96.10215418328052,21428150
2009-04-30,97.37201690673828,97.37201690673828,97.37201690673828,97.37201690673828,0
2009-05-04,106.13713073730469,106.8096639596638,99.13299975633684,101.77005319715978,22633070
2009-05-05,105.59291076660156,107.07072998096362,103.09301838612198,106.79197845749952,15231940
2009-05-06,103.70803833007812,106.10174483896036,102.73905135227298,105.31416780021505,12143090
2009-05-07,104.09739685058594,105.12832778468412,103.2390247658883,104.42039023507563,7728840
2009-05-08,101.23910522460938,103.97792920604681,98.62859821318486,102.65055138639515,22569330
2009-05-11,101.50016021728516,105.10177863141094,100.70373888233985,105.10177863141094,16918360
2009-05-12,105.77430725097656,106.53975986327629,100.81434283802774,101.23467777535339,17304420
2009-05-13,103.03106689453125,106.08403318696944,101.50015483467733,105.747766568967,23759760
2009-05-14,102.97354888916016,103.44698357113037,99.22149599241237,101.96474224593737,9601650
2009-05-15,104.85842895507812,105.48229141927521,102.40277855964405,103.97793254262001,20759960
2009-05-18,121.95063018798828,136.25091801432345,111.60150742404838,111.60150742404838,135750
2009-05-19,124.93278503417969,132.64927529144808,106.74771424690866,123.18065021741917,49653480
2009-05-20,122.1718521118164,124.86201204906561,119.55250078125762,123.62311798490583,14518990
2009-05-21,121.32234954833984,124.33106748858597,118.0658419691826,121.62321864180711,19088350
2009-05-22,121.22058868408203,123.34881707778862,118.68087633546143,120.2604459531616,9138040
2009-05-25,120.66748809814453,122.99039917793213,119.14542718659426,121.6762946555409,8380670
2009-05-26,118.22512817382812,123.17624872945021,117.25171233072281,121.10111357061943,12475810
2009-05-27,124.69390106201172,125.56996195995569,120.99051834996959,121.2427099250451,26970540
2009-05-28,127.42384338378906,128.64060640051835,122.47272297367499,123.9770953238597,35154430
2009-05-29,127.82646942138672,129.1892514174754,125.7469191327037,127.8353272478084,15360700
2009-06-01,126.86632537841797,131.32187905314407,125.37081119150581,128.66712397657554,11111180
2009-06-02,123.69393157958984,128.31320815333282,122.03028014608914,126.94158150355005,9788620
2009-06-03,121.30020141601562,126.3663652600796,119.27815939069386,125.65842775526761,14329760
2009-06-04,122.89751434326172,123.86207249317718,119.64100648020545,120.43744141814066,12131480
2009-06-05,125.53455352783203,126.63185745625913,122.57449972137252,123.79126280016933,10107420
2009-06-08,123.89305114746094,126.10091905850533,122.56124413756483,125.65845969338777,7854740
2009-06-09,125.68057250976562,126.54337364024603,121.95950127223817,122.99485452714201,6446650
2009-06-10,132.8484344482422,137.07391630434785,126.98584741597172,127.45042438345102,16238230
2009-06-11,137.73760986328125,138.93225567947542,132.8528676658586,134.9501209625478,18136490
2009-06-12,135.22886657714844,139.7286710468592,134.15369349176152,138.62252256326218,11743780
2009-06-15,135.66246032714844,138.09157143911395,132.9147914329326,134.83506346951992,9209670
2009-06-16,136.82608032226562,137.1623536391749,131.54311633090828,133.44569901531523,13729040
2009-06-17,136.69781494140625,140.17110986790703,134.50763586421292,136.27747317821573,17855710
2009-06-18,134.93682861328125,138.46323017560204,133.33512792549675,135.39256120401987,15667760
2009-06-19,137.945556640625,138.83490431917937,134.9501114860212,135.84387457649845,8915220
2009-06-22,137.43344116210938,140.6040893556619,135.75014698789334,140.6040893556619,10216530
2009-06-23,132.2989501953125,134.90405193442004,129.70720739476582,134.90405193442004,14706500
2009-06-24,129.8274383544922,136.85452471899524,129.248519365244,136.85452471899524,11891810
2009-06-25,130.4330291748047,133.56805703095137,129.67600027102316,133.56805703095137,19891170
2009-06-26,133.44338989257812,133.70166718467402,131.01196841608476,131.81353175428004,18387660
2009-06-29,134.28948974609375,136.5249711383033,132.88228957758332,134.04011387724032,18100240
2009-06-30,132.98471069335938,135.82137125635174,131.74673283665416,135.72785870756215,10292420
2009-07-01,133.81747436523438,135.19795685205392,132.0941034088689,133.41669263421386,5927280
2009-07-02,133.6393280029297,134.39635701317715,130.49984219730513,134.39635701317715,6792600
2009-07-03,134.99754333496094,135.82138065693883,132.08072895683927,132.69526721420618,9805270
2009-07-06,126.82154083251953,137.86982912924745,124.68847349855052,135.82137291806396,15250410
2009-07-07,127.11991119384766,129.1149319175105,125.13380548843895,128.25101772480576,10339870
2009-07-08,122.48860168457031,126.02441134447096,121.14819635293073,125.99769347519928,10809700
2009-07-09,124.67960357666016,125.49006853082344,121.57129238090619,122.55099321336978,5845740
2009-07-10,122.80479431152344,126.00661759212876,121.15267567755639,125.13380199550022,10733910
2009-07-13,122.35503387451172,123.07644365175368,120.23532527276555,122.01658935088061,7641280
2009-07-14,121.35306549072266,127.34255743713965,119.54062613927121,123.90027351196196,25535120
2009-07-15,123.06307983398438,123.79784851907202,118.72569273462138,123.79784851907202,21291690
2009-07-16,123.83792877197266,125.3119236919427,121.30407956369314,124.68848398998601,14423200
2009-07-17,127.95262908935547,129.03920112134855,122.37727815024888,123.79783715297843,12488670
2009-07-20,131.2568817138672,132.34791127266558,126.49645292345969,129.2306994932014,11256780
2009-07-21,130.1124267578125,131.77791785357408,129.28858943260494,130.65571282616872,8386610
2009-07-22,128.70968627929688,131.2524369001477,127.6275716327836,130.9229074003781,14934610
2009-07-23,129.94766235351562,130.9451658560928,127.77451807435881,130.00109809972997,12939260
2009-07-24,129.13714599609375,130.744743368557,127.27127139620652,130.03223525192394,11055600
2009-07-27,127.66321563720703,130.92293273422305,126.91508785460398,129.76510816211712,9851210
2009-07-28,126.86609649658203,128.69633894595083,124.42130213148285,128.60727029962064,16498240
2009-07-29,126.35398864746094,128.04619801870385,123.35256241616108,128.04619801870385,9952600
2009-07-30,130.419677734375,131.10101058190705,124.5993951119491,126.35394101029297,18620770
2009-07-31,133.5146484375,134.4408997521778,131.30142733982137,131.82689696632093,12897840
2009-08-03,133.0114288330078,134.39635498346442,130.0456228271506,133.59479166943382,5464490
2009-08-04,130.8383026123047,134.28504436008842,129.71165359203644,134.04012597784322,9723610
2009-08-05,128.95016479492188,131.69775706249976,127.69882785017991,131.69775706249976,10904220
2009-08-06,125.89969635009766,129.5869110062651,124.86656032721993,128.25096347011805,16653100
2009-08-07,123.8156509399414,127.00411478295415,122.81813396756927,125.57909830240214,14244010
2009-08-10,122.49308013916016,126.03333432268232,121.12595670446998,125.93536425527857,13839860
2009-08-11,122.83151245117188,123.61081549019528,121.12595806535164,122.4619061322489,10135360
2009-08-12,125.24512481689453,125.75723549815267,120.68063582356771,121.57126782226563,9196410
2009-08-13,126.8749771118164,127.7967844492415,125.15605036739336,127.7967844492415,10265640
2009-08-14,127.11991119384766,129.05258114959906,125.66819016494571,129.05258114959906,6128200
2009-08-17,125.24066162109375,126.53653275115126,124.24315817663648,125.49003748220805,13490650
2009-08-18,128.33116149902344,129.57805445184297,124.77754851990744,124.77754851990744,12637250
2009-08-19,129.11940002441406,130.00557465555522,125.66820047945697,128.33563939186632,11001730
2009-08-20,131.81797790527344,132.7041522915864,129.586940660576,129.94318798242008,7238800
2009-08-21,130.5622100830078,132.25886309818105,128.72751018344795,131.72447841735314,10416970
2009-08-24,132.22767639160156,133.7551070073898,130.65571145789653,133.41667608914707,6370940
2009-08-25,132.43252563476562,133.50572518593256,130.0768002985882,130.7893085836095,4774490
2009-08-26,130.08570861816406,135.2602783984783,129.14609837504514,133.41667721289446,6553420
2009-08-27,129.76507568359375,130.21039166987237,128.60725140127627,129.14163602079677,7419020
2009-08-28,129.8318634033203,130.47757698479407,127.80568121036143,129.58694505998318,4587910
2009-08-31,131.01194763183594,132.08514702784166,127.80566760778088,127.80566760778088,6597470
2009-09-01,128.79429626464844,132.42361900867914,127.16443804599882,131.81799576151283,6157040
2009-09-02,128.1396942138672,129.30642009799658,126.94625045376289,127.54297233381503,3171370
2009-09-03,127.84129333496094,128.96349819483635,126.91504216471137,128.69630591439153,5029830
2009-09-04,129.5201416015625,130.0322522056124,126.91504068013539,127.80567254455738,5333860
2009-09-07,130.6913299560547,131.45727393399122,128.98131833809586,130.03671496566727,7618340
2009-09-08,129.75172424316406,131.9872193210017,129.1416434811134,131.33704815870044,7411310
2009-09-09,131.40830993652344,131.9916728676025,129.64040469631607,130.4597845873739,13553000
2009-09-10,132.30783081054688,133.861992898463,131.81353657158704,132.70416857544913,8887250
2009-09-11,132.8154754638672,133.24743245742366,130.44194754832154,132.70414648191928,7215440
2009-09-14,133.0426025390625,133.95103732621234,132.16977345969374,132.81548704729266,6227390
2009-09-15,134.8639678955078,135.22021529802845,132.895664983168,133.14949839219676,10878400
2009-09-16,135.09103393554688,136.71644795122288,134.10244561779552,136.26667451335447,11578720
2009-09-17,136.70310974121094,137.06825853061676,135.4384139396964,136.0262207277484,12056100
2009-09-18,135.77239990234375,136.95248456817683,134.57449879156442,136.80107876104785,4114790
2009-09-22,137.7228546142578,138.04794013987743,135.01979721150437,135.3760445242669,6725810
2009-09-23,139.79360961914062,142.403154947791,136.40029016415312,138.49328087379507,13065700
2009-09-24,144.62081909179688,145.76972831740062,137.68724616168504,137.68724616168504,22225260
2009-09-25,143.26260375976562,144.6609024956685,141.78860891572043,142.75049308775004,5618820
2009-09-29,143.511962890625,145.60049573350005,142.59907065088782,144.63861167365013,3887000
2009-09-30,146.9988250732422,147.8449228171542,142.87519426274542,143.9261471664212,11988620
2009-10-01,146.44662475585938,148.59305130628252,144.30465571457592,146.0636594889201,8647990
2009-10-05,145.5337371826172,146.50898041910895,144.0152078216413,144.3714688155466,5484940
2009-10-06,147.81375122070312,148.28134122087513,142.93754869297,147.75585796058942,5753640
2009-10-07,149.42132568359375,152.29806306972048,148.7355352786159,149.09178262174035,10843330
2009-10-08,150.28077697753906,150.95320842330005,146.9498087173684,147.8448981422593,8404940
2009-10-09,149.23873901367188,150.51679363732228,147.84489789228104,147.84489789228104,4504800
2009-10-12,151.60784912109375,152.29808353739637,146.50897509884038,148.11211553828002,7800690
2009-10-13,151.60784912109375,151.60784912109375,151.60784912109375,151.60784912109375,0
2009-10-14,151.60337829589844,153.99026550388234,150.17391775835608,151.85275416568882,7821210
2009-10-15,153.39352416992188,154.52463045742257,150.8819493468476,152.32922614507996,9386160
2009-10-16,153.1575469970703,154.86311509211663,152.50738936424284,154.25747819265894,8259850
2009-10-20,150.63259887695312,153.18870844228817,149.62618033897914,149.8621972822247,4694190
2009-10-21,147.94290161132812,151.5900412204228,147.03000912669376,147.84493153478468,6423760
2009-10-22,148.37930297851562,149.35899006641324,146.063654243546,146.15272288333964,3789870
2009-10-23,150.68605041503906,151.31839160926063,147.95180328603405,149.1808799592642,3788490
2009-10-26,150.77508544921875,151.14024783117094,148.29022814635135,148.82461278286507,4082410
2009-10-27,148.7444610595703,151.40745591181934,147.84492753742362,147.84492753742362,9577570
2009-10-28,144.2423095703125,148.71773000815566,142.9597972947608,147.84491443894754,6660450
2009-10-29,143.67674255371094,146.01019374918218,139.85146663935336,142.9464178830881,10245440
2009-10-30,144.34471130371094,150.3386598843603,142.99094707853962,144.4604842037183,7646190
2009-11-03,142.545654296875,146.01911366037407,141.07610334311323,143.99737521548317,4751260
2009-11-04,144.63418579101562,146.68708600435312,140.84008481683048,142.94643436512794,6275230
2009-11-05,144.5807647705078,145.86772106007376,141.34330846024525,144.26458059714759,9871450
2009-11-06,146.06361389160156,147.26597224681626,144.4604739479695,145.61829799559058,5739060
2009-11-09,152.07095336914062,152.2980688732669,146.06364500126185,146.15271363541956,8736220
2009-11-10,151.71469116210938,155.13917188380142,150.66819596803552,151.43859744919718,9364350
2009-11-11,154.600341796875,154.96994804970822,149.21646009080726,149.21646009080726,7595900
2009-11-12,152.88140869140625,155.1480651124387,152.08428938272488,153.95907920643694,7844950
2009-11-13,153.38912963867188,155.0590649435349,151.90176196796844,151.90176196796844,8622910
2009-11-16,153.5093231201172,155.84277447538082,153.09962644440122,153.45142986909553,6065560
2009-11-17,155.82940673828125,156.47957780845493,151.52320912276244,155.40190723252368,7006900
2009-11-18,155.824951171875,156.30588638115628,152.453906429072,152.453906429072,9465300
2009-11-19,153.1486358642578,155.6824851349578,151.76369595904052,155.6824851349578,5941120
2009-11-20,156.2168426513672,156.88481663121618,152.20899877227316,152.20899877227316,7653960
2009-11-23,157.2366180419922,158.53248917701586,154.55136322115987,154.55136322115987,5873220
2009-11-24,158.25640869140625,158.5325024482417,154.97887573131177,155.86060633956347,4401650
2009-11-25,160.55422973632812,161.1153186386953,155.98082585288242,155.98082585288242,7874790
2009-11-26,156.8580780029297,161.20436580547903,155.8605746738057,155.8605746738057,8028820
2009-11-27,155.8917694091797,157.08075547324728,149.8354693232111,155.1480857380862,7487760
2009-11-30,157.30784606933594,159.1559043879682,155.17033512561048,157.196517091226,8755640
2009-12-01,159.3964080810547,160.22468930723858,155.86059799924595,158.50577609248757,5487530
2009-12-02,160.9460906982422,161.51609454964083,158.19848540839826,158.54137378487678,11851660
2009-12-03,160.93276977539062,162.4512855084359,159.29399642433074,159.29399642433074,4876470
2009-12-04,159.38307189941406,160.40284947710404,158.09610196901465,159.0802602416616,3389280
2009-12-07,160.07772827148438,160.9995355678958,158.9733398011486,159.42311326837597,4551060
2009-12-08,163.27508544921875,163.7871960583562,157.85559811075095,159.15591303534526,6830640
2009-12-09,160.70118713378906,163.41316001704757,159.55672172094594,160.81697364573984,8034370
2009-12-10,158.98672485351562,160.75908755327774,157.8511744078933,159.54336989352004,6116960
2009-12-11,158.9911346435547,160.22465478959182,157.0272899010449,159.32066405954407,5976600
2009-12-14,156.51077270507812,160.31377551839986,155.771546442725,158.95110951369082,8071120
2009-12-15,151.47869873046875,157.37467847622227,150.51681449814618,154.66270554993625,8543180
2009-12-16,150.81521606445312,152.19568516195548,149.1808999274524,149.32340434718472,8580920
2009-12-17,148.86911010742188,151.14022407061768,148.46832848802586,149.6261526251417,6597670
2009-12-18,148.21006774902344,149.0205460943454,146.6737221817903,147.07896135445128,6281780
2009-12-21,147.19920349121094,148.84242067564423,146.69155030031072,148.21007954399957,8594430
2009-12-22,146.64698791503906,148.48614488151134,146.2506638038663,147.8448888547035,6274310
2009-12-23,150.54798889160156,151.40744554146562,146.95428537848133,146.95428537848133,10104370
2009-12-24,152.35597229003906,153.54495845456438,150.00024673606362,151.61674606510644,3718970
2009-12-29,151.13580322265625,153.0105797707608,150.22735478071482,152.98386189805362,5202290
2009-12-30,150.73947143554688,151.38518509481713,149.18086537934477,151.38518509481713,4265510
2009-12-31,151.60784912109375,152.65433092839768,150.50346046504268,151.40745146992623,5758220
2010-01-04,151.9151153564453,153.94575534411365,150.74393203580138,151.40744856454492,3050490
2010-01-05,152.0487060546875,153.63403003099845,151.852765914697,152.29808194377236,8386600
2010-01-06,152.15115356445312,153.18873406852882,150.34761525646755,152.6543493276512,6639840
2010-01-07,152.54745483398438,157.4993668055599,151.54995129725447,157.4993668055599,6123980
2010-01-08,152.74781799316406,153.49148796882028,151.4964813457741,152.4761682153162,7085900
2010-01-11,152.13330078125,155.7403629457657,151.6300915482666,155.7403629457657,13766610
2010-01-12,150.97994995117188,152.45838883588314,149.50149747649394,152.11995789575164,4907050
2010-01-13,150.4544677734375,150.94431812573586,148.33921662530233,150.06704500070006,10346750
2010-01-14,149.96463012695312,152.63652629831842,148.73555353933574,152.29808176782282,10172640
2010-01-15,150.88638305664062,151.3183400307947,148.8245818191454,151.26490429625406,11581730
2010-01-18,157.343505859375,158.35438193836606,149.8132238010639,150.51681714422378,23501460
2010-01-19,158.4612579345703,159.3162707103718,156.11889121698076,157.19656201263018,16664220
2010-01-20,156.4038543701172,159.42309569470325,155.2371288609355,158.97777978494153,13652110
2010-01-21,152.4450225830078,156.831387966679,151.86165970147027,156.831387966679,12523470
2010-01-22,149.36788940429688,151.40743057778957,147.3105181967575,151.05118323594547,9473700
2010-01-25,147.5509796142578,149.43911482145126,145.28878065412775,147.84488976084307,6028790
2010-01-27,142.2517547607422,147.9428931225652,141.33440481936609,147.9428931225652,12107790
2010-01-28,141.8999481201172,144.19332292233813,140.4348545981295,143.3917595163081,17432230
2010-01-29,145.26654052734375,145.7964676982164,138.27062939594728,140.71986759780785,16435170
2010-02-01,142.47886657714844,144.9948993817292,141.16517887716302,144.9948993817292,7517330
2010-02-02,140.63970947265625,143.82817382421476,140.0073547411879,143.12456689835798,10334700
2010-02-03,144.52731323242188,145.3867835054278,140.54174288668776,142.50113071603994,7727670
2010-02-04,143.99293518066406,144.71880245453028,141.2097101060029,144.1042641836505,8605240
2010-02-05,140.12759399414062,142.32299864849804,139.38391028237803,142.32299864849804,9346940
2010-02-08,139.59767150878906,141.50806745893843,137.95889821898683,141.1651790142885,7590600
2010-02-09,139.9761962890625,140.53284138445846,138.18157304510467,139.5442391514365,11973750
2010-02-10,141.92665100097656,144.05526082408585,139.2948319502553,140.2745325340985,13866680
2010-02-11,142.32301330566406,145.44022567773445,141.6105049026259,142.8573844154671,7269690
2010-02-15,143.73020935058594,144.25567901594303,140.94252659272706,142.23394039011725,4802490
2010-02-16,143.0711212158203,144.5228556970038,141.61048530719378,142.94643328178995,7174850
2010-02-17,147.4842071533203,147.9295231533992,143.82816659786317,144.10426034351755,12398340
2010-02-18,149.96018981933594,150.51683491888804,147.02110097570718,148.28135309147538,10004420
2010-02-19,150.86415100097656,151.40743705400425,147.4975631936789,148.7355411059924,7345990
2010-02-22,151.10462951660156,153.1619872776607,150.5168091305944,151.49650977393966,6640170
2010-02-23,151.4965057373047,152.19564151555363,149.83547219669865,150.0759466372879,6472890
2010-02-24,151.45199584960938,152.29809365190417,150.2941713670107,150.51682939866552,5605690
2010-02-25,150.61032104492188,151.76368785787923,149.8043001694962,151.49650912898244,5836970
2010-02-26,151.83494567871094,154.50239786747304,149.62618203481614,150.51681407073767,9351030
2010-03-02,155.41079711914062,156.39495507791378,151.94179591954452,153.54492234458687,7714650
2010-03-03,158.2341766357422,158.62161308966256,155.1971309163988,155.1971309163988,11147960
2010-03-04,158.6349334716797,159.15594561381153,156.13670348900047,158.08718986511116,13514420
2010-03-05,158.8887481689453,159.86844883455862,157.73093740590477,159.02679504592268,10449650
2010-03-08,158.9065704345703,161.2044027790119,157.90015185848657,161.2044027790119,7372960
2010-03-09,161.311279296875,161.64972383882565,158.08719548976063,158.08719548976063,12397690
2010-03-10,161.60072326660156,162.08611605629216,154.07042837853436,161.38250919419733,14960560
2010-03-11,162.71400451660156,163.43095668623832,160.5898386980614,161.73876148078625,7745230
2010-03-12,160.42510986328125,163.0212965013303,159.09806311831116,162.71848484354146,7472440
2010-03-15,161.4315185546875,162.09503509129934,158.53250684753453,158.53250684753453,7512960
2010-03-16,160.72344970703125,161.19548355929734,157.10747252877934,160.7590690058966,10436250
2010-03-17,160.99957275390625,162.52254607455438,160.14455993584744,160.72347897004417,4794840
2010-03-18,160.3939208984375,161.4181558989054,159.46766955598136,161.4181558989054,3501970
2010-03-19,162.08168029785156,162.52253883049931,160.10447598481446,161.63190674678773,6339840
2010-03-22,163.61801147460938,165.21223678257593,160.1356370765223,160.49188444222344,15305610
2010-03-23,167.79507446289062,168.32945913422407,163.43098281021224,163.43098281021224,10154380
2010-03-25,171.54910278320312,171.89199124121845,166.56601521416837,167.43883084636823,23296400
2010-03-26,173.8023681640625,175.06260633917236,170.3867888040878,171.98102753595387,11552860
2010-03-29,175.01364135742188,177.2357637959235,145.07058498650187,145.07058498650187,13226710
2010-03-30,169.8301239013672,175.44556450989305,169.34473119746787,175.0091500321844,9369980
2010-03-31,172.20372009277344,173.04090284206976,168.9751787654869,169.22009715432864,6826080
2010-04-01,172.7158203125,173.67324703327995,171.54463701067584,173.67324703327995,7409220
2010-04-05,173.53964233398438,174.52824435028904,171.39321605507595,174.4569921629018,7123840
2010-04-06,172.15023803710938,173.6732246016622,171.48226409633375,173.6732246016622,4421440
2010-04-07,172.04783630371094,173.49065576964364,171.5357256306763,172.7826049728446,5378050
2010-04-08,169.46946716308594,171.88308602346942,168.66790374567103,171.88308602346942,6238830
2010-04-09,173.6153564453125,174.29668941977923,168.37399172487068,168.37399172487068,6207650
2010-04-12,174.04733276367188,175.2674944578686,172.666850216022,172.666850216022,4570640
2010-04-13,173.82467651367188,174.8221801810823,171.9810750147995,173.67327067772337,6341300
2010-04-15,174.30111694335938,175.89089814027656,173.15665169471274,174.11853577377275,9547360
2010-04-16,174.9423828125,175.84637369461566,171.53571833506732,173.2279135974627,5232560
2010-04-19,172.2571258544922,174.4569878217083,171.53571616134997,173.67322736991687,6120830
2010-04-20,173.18785095214844,174.29223954852162,171.8029110952876,171.8029110952876,5439320
2010-04-21,172.87168884277344,174.56388432627614,172.33730416905323,173.58418362111135,3944500
2010-04-22,172.2615966796875,175.45451864579672,169.9370464220506,172.6757509226324,6895110
2010-04-23,173.83358764648438,174.3011777091607,171.77178550276543,172.3373320618457,5317060
2010-04-26,177.2001495361328,177.85030709401173,174.3590312683256,174.3590312683256,7898280
2010-04-27,176.30503845214844,177.77013172500088,175.25854325725382,177.14667852636464,4484470
2010-04-28,175.28973388671875,176.94630989959015,174.38574297799917,174.38574297799917,5711770
2010-04-29,176.8572540283203,177.68109138053413,173.3570766461132,175.62373354946993,9396450
2010-04-30,178.16647338867188,179.01702856313838,176.6123249272983,177.952716820388,7109610
2010-05-03,175.43667602539062,176.79044038161382,174.75089921523417,176.79044038161382,5007070
2010-05-04,172.51541137695312,176.77263114351862,172.08791183281164,176.77263114351862,4588960
2010-05-05,170.67625427246094,172.2215012984402,167.4477133510605,172.0700954929221,8014270
2010-05-06,168.81932067871094,170.6451192385376,167.17164582448424,169.66541847278643,5261230
2010-05-07,164.59324645996094,166.99350631389652,163.52004681855402,166.63725893641342,9785810
2010-05-10,172.26605224609375,172.6044967793171,162.98566776688463,165.9470166626885,6426540
2010-05-11,173.5218505859375,174.11857245152262,170.40018078219873,172.60450062645933,6964650
2010-05-12,175.89093017578125,176.43421627522005,173.58418281523282,173.58418281523282,6870820
2010-05-13,175.0403594970703,177.68108005687526,173.69105259061297,176.45200357536206,6372190
2010-05-14,173.8291015625,175.72169454338677,172.98300388903786,174.92011759750238,4700150
2010-05-17,171.78953552246094,173.388218211569,170.51148087286532,172.960718688874,6603600
2010-05-18,168.8460235595703,171.44666748227166,168.34727179219834,170.8232277730567,6121560
2010-05-19,166.41905212402344,168.15133802845142,164.01880575509816,167.34976100911422,9090080
2010-05-20,164.85150146484375,167.1181578661998,163.54672908120816,166.90440133227412,3389000
2010-05-21,162.6783905029297,164.76692367673203,160.4117336431457,162.09502761710937,5498620
2010-05-24,162.50027465820312,166.32553773735046,161.29791593736812,163.4487999795337,4810910
2010-05-25,160.6477508544922,162.09502788921733,158.9778158144247,161.36470310851075,5534350
2010-05-26,162.78524780273438,165.05636197338083,161.40922308280483,161.45375739790867,7001390
2010-05-27,168.91726684570312,169.84351813769618,161.2934591694175,161.649706530192,11309860
2010-05-28,168.93505859375,170.46694660630106,167.9063797979334,168.91725573985775,5879250
2010-05-31,168.19140625,169.09539721393529,166.10287305918985,168.8638377792701,4384110
2010-06-01,165.22113037109375,168.32944081072694,163.6981573265201,168.30272293906532,5682730
2010-06-02,165.03858947753906,165.9025037787389,162.80756510936115,164.58882946812884,9451670
2010-06-03,169.7188262939453,170.11070653575197,166.02270904865728,166.02270904865728,6796890
2010-06-04,167.94647216796875,170.0928848241843,167.447706863863,169.75445392671162,5094350
2010-06-07,167.1404571533203,168.7614140023609,161.05745223029257,166.28100048938938,9619130
2010-06-08,165.8980255126953,168.95288673234066,165.034111390354,167.43881505884426,5671140
2010-06-09,167.5189666748047,168.82819677899647,164.90496397513186,165.6575490891049,5792340
2010-06-10,171.75424194335938,172.27412698348016,166.9901358499908,168.59459756295624,8510470
2010-06-11,174.45672607421875,174.7883714279084,172.19791867537353,172.19791867537353,10815380
2010-06-14,176.86346435546875,177.02928706892365,174.4567645905085,174.4567645905085,7488980
2010-06-15,176.03431701660156,177.47744222012702,175.05729801620697,177.02926686098527,4560780
2010-06-16,177.12332153320312,178.37373420309322,176.4062384592538,177.02920856839654,9084290
2010-06-17,178.92051696777344,179.1804525847937,176.40624679985882,177.74630004630944,7988600
2010-06-18,178.52613830566406,179.08635740224904,177.329517974604,178.5530277281222,4901400
2010-06-21,179.16702270507812,180.16645848064945,178.3827159828365,179.4135273098312,7101650
2010-06-22,178.10935974121094,179.27013220597757,177.6970324191579,178.8219568754626,4262440
2010-06-23,179.1580810546875,179.60177023706024,177.07406858837066,177.89870952156426,4244040
2010-06-24,179.41355895996094,179.897582318809,177.47743817011627,179.00571775118166,8826550
2010-06-25,174.57772827148438,178.55304108998467,173.89202059303895,177.4908677917286,7235160
2010-06-28,174.85113525390625,176.04326963285558,172.39064331510443,174.97662380312335,5329080
2010-06-29,170.70098876953125,174.68078711636426,169.95701622476537,173.90095289290772,7951160
2010-06-30,172.00965881347656,173.79340126685432,168.4242567439744,169.85842304266464,8767560
2010-07-01,170.9699249267578,172.96878301181752,169.85844521631697,171.38223855932964,5783630
2010-07-02,171.45843505859375,172.39960596386322,170.30213507642046,170.96992560219002,4112500
2010-07-05,171.66909790039062,172.90605262356922,170.12737353030542,170.39628148829271,2580270
2010-07-06,176.04324340820312,176.55865591874752,171.20295588547208,171.65113116265917,6248030
2010-07-07,173.65000915527344,176.4914391000391,173.08978999398937,176.4779943872573,3966720
2010-07-08,174.40296936035156,176.56765037095073,174.0937272620907,175.6847443484371,3362920
2010-07-09,179.51661682128906,180.3412714362451,174.79733130487378,175.23654803705415,15701180
2010-07-12,183.70257568359375,184.28968421771918,179.89755818132878,180.0768255613964,14869280
2010-07-13,185.77316284179688,186.44093971550794,182.62249077782818,183.9311550992771,6257310
2010-07-14,187.00564575195312,189.2106607537961,185.83590100860798,186.4409404498399,10558030
2010-07-15,184.88128662109375,187.33729241192222,184.20006502703356,187.33729241192222,3238730
2010-07-16,182.7614288330078,185.186059104865,182.0667488378709,185.00677802403857,4713880
2010-07-19,183.55917358398438,185.00677114956204,181.24210110493982,183.0348024287814,8765580
2010-07-20,183.2499542236328,187.22078158302207,182.4970228568344,183.55919633450134,6684590
2010-07-21,182.2325439453125,185.07398725505988,181.5109883099381,183.7608232906211,4642350
2010-07-22,184.4017333984375,184.91713226006794,181.5109972309072,181.95917253271193,5574970
2010-07-23,182.7300567626953,185.45495691019906,181.59168752841273,185.45495691019906,6921810
2010-07-26,183.92218017578125,184.63029112553994,182.33114966851718,183.30369607889506,3036490
2010-07-27,185.2577362060547,186.26165818270292,183.3036984550734,184.03871251516898,6645910
2010-07-28,186.9877166748047,187.33729289436062,184.64375471311456,185.7238589282463,6571060
2010-07-29,188.28741455078125,189.57816166965412,186.73224563254874,187.41795332979677,11265740
2010-07-30,190.64483642578125,191.5501457272832,186.44094936943156,188.02749397013142,11699660
2010-08-02,191.49185180664062,192.25824140243205,190.14732593262343,190.92267411044082,8263340
2010-08-03,190.2459259033203,192.17756032354066,189.28683788767836,191.81902555973937,8110480
2010-08-04,189.5602569580078,190.83307340979158,187.44486859429867,189.57818780302654,7367350
2010-08-05,188.2560272216797,190.68962946858,185.0963968623526,185.0963968623526,7355280
2010-08-06,187.40005493164062,189.13000528696915,186.57092776543487,187.62861506879548,5460440
2010-08-09,186.62020874023438,188.5832189167353,185.6655930781914,187.33729201929407,2618220
2010-08-10,187.7989044189453,188.43083326352027,185.52217980373007,186.92944320106707,7347270
2010-08-11,187.29246520996094,189.40336715689406,186.25718130544578,188.3232766617483,7335080
2010-08-12,185.82693481445312,186.691909898097,183.57261350564826,186.1630663039005,4969430
2010-08-13,187.11767578125,188.35911645106492,184.49136138440383,184.78715872667678,5249930
2010-08-16,186.79945373535156,190.64480534850685,185.58041641033319,186.29749960338359,3593340
2010-08-17,190.1204376220703,191.4604910515299,186.53952140002443,188.95070666989682,10065910
2010-08-18,196.47555541992188,197.10747048970535,190.92265747888433,190.92265747888433,19422170
2010-08-19,199.89959716796875,200.7376826592023,195.8525753906244,195.8525753906244,10381960
2010-08-20,200.00270080566406,200.76459056000115,197.66322534404293,198.232403014391,4199070
2010-08-23,196.89239501953125,199.70693562720032,195.67335753917115,198.34896488465287,4097430
2010-08-24,197.97247314453125,198.98982611551025,193.6206812888631,196.89236906871844,5340140
2010-08-25,196.50247192382812,198.54166413194562,195.27446226276982,197.28677872344642,5295610
2010-08-26,195.2565460205078,198.43857982364455,194.194359032279,195.27894931542698,10194050
2010-08-27,191.7427978515625,196.29625971608266,190.53273296707064,195.40439540733368,5775240
2010-08-30,191.07504272460938,195.1982606741921,189.72155833475196,193.6117163908114,3438230
2010-08-31,191.30360412597656,191.81900291706148,189.3361082552883,190.4744771956802,4695080
2010-09-01,192.64816284179688,193.16356172115306,190.02633450062388,191.42015317210516,4808100
2010-09-02,196.07220458984375,196.7444675294534,193.59379576623843,193.59379576623843,5795330
2010-09-03,196.65481567382812,197.1971038798754,194.35118839525538,196.65928812567753,4059080
2010-09-06,197.58258056640625,198.96296831993456,195.86607497363974,197.0178889192596,4773220
2010-09-07,197.11647033691406,198.63130509005524,195.63301113835868,198.63130509005524,4203920
2010-09-08,195.3685760498047,197.18816661081397,194.62460343621984,196.12150724527936,4984800
2010-09-09,201.21726989746094,201.67888992063473,195.68230207197183,196.74896150035255,13014790
2010-09-13,204.58755493164062,205.71247940269004,201.49963397607576,201.6878599581128,7297790
2010-09-14,209.22618103027344,210.64241679295708,204.90577772140114,204.90577772140114,16348730
2010-09-15,212.92359924316406,213.68997516792956,209.39197573049208,209.65639751325386,12751580
2010-09-16,214.70289611816406,216.4687082068244,211.1219792141883,212.94605629051532,12767390
2010-09-17,215.1779327392578,217.4546710271641,213.95889532013032,214.70286799359732,10751570
2010-09-20,219.26528930664062,221.3941220778693,214.7925083638833,215.4109924941963,7547730
2010-09-21,221.46583557128906,223.60364063903728,220.06304460644793,220.06304460644793,16355390
2010-09-22,222.44284057617188,223.1912993449662,219.6327863696657,221.39859814540824,12524510
2010-09-23,220.84735107421875,222.46078498768378,219.88826298610866,221.53754490777266,6190170
2010-09-24,223.661865234375,224.26690459030291,215.85465961301585,215.85465961301585,13955310
2010-09-27,218.5706329345703,225.05573065964225,218.1448608901427,224.08767028275363,8338720
2010-09-28,219.64175415039062,220.6546347472719,217.04234277305892,218.53028811354065,9432110
2010-09-29,218.9650115966797,221.75713498767138,217.47258017484887,221.75713498767138,7797860
2010-09-30,223.13308715820312,223.99806240909854,217.51744986908523,217.81324727826131,18479890
2010-10-01,224.15489196777344,224.4462032012518,220.71290866364222,223.370585128364,8865130
2010-10-04,223.54983520507812,226.1133984800471,222.58178858854978,224.15487459832693,6990230
2010-10-05,219.40869140625,224.95710362229462,218.4809652838684,222.42042986820715,8598330
2010-10-06,220.21090698242188,222.29491911366793,219.60586767277678,220.05404291292533,4109940
2010-10-07,218.1313934326172,221.39859515429433,217.50395075669365,220.23333665487945,4506420
2010-10-08,215.63955688476562,219.42664388696792,214.2278073333903,218.27483000851993,7453430
2010-10-11,214.09335327148438,218.78126323293148,212.13481565766526,218.78126323293148,9910020
2010-10-12,213.35833740234375,215.12414922138058,209.70571135413405,214.94935428507017,7809900
2010-10-13,218.82159423828125,219.60590102766577,212.16618817577333,213.77962202080934,10286700
2010-10-14,217.30677795410156,220.1437355551919,216.0250030288584,219.15774432252323,3853630
2010-10-15,213.8916778564453,218.9560536527689,213.32697255967204,217.31125783850428,5863270
2010-10-18,214.98519897460938,227.66408134670203,210.91128736203916,227.66408134670203,8275100
2010-10-19,212.33197021484375,217.18571553318765,211.40873035078104,217.18571553318765,8324520
2010-10-20,209.34716796875,212.61436989379288,208.67939111608277,212.34546196530914,4930230
2010-10-21,211.9958953857422,212.8653566435508,207.65307522683221,208.85419553829195,7297530
2010-10-22,208.54942321777344,213.33146007396545,207.8189089084907,213.33146007396545,6475190
2010-10-25,206.58193969726562,212.2110208021911,206.07101325106842,209.38752166684318,8629790
2010-10-26,206.2861328125,208.49116137355975,205.35393417811974,206.87772750903127,5069720
2010-10-27,202.06431579589844,206.6984605852887,200.8183889682736,206.6984605852887,8220330
2010-10-28,203.17581176757812,207.58138312252552,200.87219757801643,202.26153022287548,21069230
2010-10-29,204.3589630126953,205.98135528962703,200.51361156555865,204.36792159422785,8132430
2010-11-01,210.5706787109375,212.07655481250217,204.82059570090937,205.981368072311,10134800
2010-11-02,210.67376708984375,213.95888602922776,210.01494885007762,211.98691743965267,5561020
2010-11-03,211.74046325683594,212.60543845567906,210.73654110746864,211.62841941209788,3540760
2010-11-04,214.15609741210938,215.57233309198492,212.2155042569321,214.22780710596422,4858160
2010-11-08,209.33370971679688,215.1241405170256,208.44184526094855,214.5325458480699,4255460
2010-11-09,214.98968505859375,215.73364397972566,208.88105386715182,209.74602886605285,6858050
2010-11-10,214.75216674804688,216.89891660972773,213.63172848641705,215.12414623292904,4467170
2010-11-11,210.93821716308594,215.96674526330213,209.409937539986,213.7886058955117,3364370
2010-11-12,207.49620056152344,213.2417973811307,206.60880856406354,210.1942108818781,6201550
2010-11-15,213.85580444335938,214.40705128451063,207.4155141788499,207.50515470576795,11407980
2010-11-16,212.66818237304688,215.09729901892237,208.40155755929084,215.09729901892237,9149670
2010-11-18,209.77743530273438,216.82722466856058,207.84131454561884,216.82722466856058,8315990
2010-11-19,206.48330688476562,211.89725802202065,205.44353699625998,210.19419750036977,5876340
2010-11-22,213.322509765625,214.3129734676215,206.69847858541007,208.04300464643254,5510950
2010-11-23,212.59645080566406,213.33146493900986,206.82843628442978,211.9869388994783,5708120
2010-11-24,207.18246459960938,212.78465551060214,205.25978884933397,211.00091300074143,4128750
2010-11-25,208.2267303466797,211.42222258944864,205.46598239172877,208.40152528779572,11343870
2010-11-26,205.97242736816406,209.7460699436775,204.00943076653593,208.4911843978111,7569690
2010-11-29,205.97242736816406,207.76512882067414,204.8161409492748,206.16066703865735,5909430
2010-11-30,204.85194396972656,209.2126942190289,202.44077253452457,205.8917138663573,8626780
2010-12-01,212.17068481445312,212.88328194855066,204.36795067060865,205.13432665600024,8040720
2010-12-02,214.38465881347656,215.12414532759522,210.92025879929582,213.15217673087054,7369280
2010-12-03,214.7342529296875,215.12416328728955,212.61437864682597,214.6759879471077,3961790
2010-12-06,213.62278747558594,217.36505455229243,212.9057041478031,216.91687918208152,4681560
2010-12-07,210.79031372070312,214.22782479342254,208.71527326649087,213.3314740620693,8597350
2010-12-08,204.4082794189453,209.74604910473673,203.04135016810585,209.74604910473673,11744220
2010-12-09,200.0654296875,204.7623112506204,198.92706071819498,203.7539169339725,18283920
2010-12-10,199.20045471191406,200.08784663426633,194.534948699473,197.1971107893065,20621230
2010-12-13,200.69288635253906,201.23070216328608,195.52991201370935,201.05143478544514,7911680
2010-12-14,200.62570190429688,204.00046189766854,198.2727812087565,201.41000880281032,5922080
2010-12-15,193.8716583251953,199.88617665415785,192.7153721105109,199.88617665415785,11210210
2010-12-16,197.26882934570312,198.95397274497174,192.71536694135676,193.88062538388883,9759180
2010-12-20,194.732177734375,197.17921116696058,192.84536345522545,197.17921116696058,5161220
2010-12-21,198.4610137939453,198.9047030182588,194.67841270718262,194.77701183227742,6175580
2010-12-22,195.296875,200.7825363485245,194.51256821738858,200.15509365788034,7503240
2010-12-23,196.38592529296875,197.55565619831097,194.86213208994874,195.4044203443091,3263270
2010-12-24,198.84642028808594,199.41561169102025,194.9562618401093,196.21114725002911,3516710
2010-12-27,198.4251251220703,199.88618095599415,196.9371935419316,198.90018983913308,3770630
2010-12-28,202.2301483154297,203.35505903333967,198.55510533415398,199.33941211990702,4675030
2010-12-29,208.65249633789062,209.45920642541998,201.9970902454858,202.216705448013,8071040
2010-12-30,206.6536407470703,210.05080362114958,205.08949959520046,209.4054300725436,7252350
2010-12-31,210.31520080566406,211.98689946094302,205.44802401312919,206.60879630337155,8248910
2011-01-03,214.27264404296875,215.09279894026358,210.67826887396882,212.43512231701757,5398390
2011-01-04,210.2435302734375,214.0485482664944,209.11861945401213,213.91408745618193,8284130
2011-01-05,206.89566040039062,210.61551006950828,205.9365586546458,210.61551006950828,7825920
2011-01-06,208.64801025390625,209.98357760249493,206.96735284016341,207.59480921640744,5435090
2011-01-07,203.4222869873047,208.50906553811683,202.66486966030914,208.50906553811683,7948010
2011-01-10,192.91708374023438,203.47160769957517,191.63978126482485,202.2211946508289,20070860
2011-01-11,192.41062927246094,198.87330964725646,190.47450863160097,194.50808646144665,12157590
2011-01-12,197.67222595214844,198.45204671274283,188.8252485987234,194.4184684163275,9905330
2011-01-13,192.08792114257812,198.75677126816709,190.59997598157574,198.0038264289508,9486010
2011-01-14,183.7115478515625,197.9142248975452,181.95918070156853,192.71538842776962,12791410
2011-01-17,185.37425231933594,187.60617007967318,183.8011527506075,184.64821057291473,12280820
2011-01-18,189.0717315673828,189.66781243850784,183.45160888290616,187.05045637445124,8420160
2011-01-19,186.0330810546875,189.49299486977324,184.91712894988228,189.27786580495706,8992050
2011-01-20,189.80673217773438,191.31708080208512,183.3843722496194,185.47735699025148,9638540
2011-01-21,187.7092742919922,190.44763277032203,186.09136785675275,188.59218027138226,8297610
2011-01-24,192.58990478515625,193.07392812717208,185.81349593358038,187.7854646647821,12774160
2011-01-25,186.8263702392578,194.94283295743753,185.55355388377717,192.82295862355963,14110540
2011-01-27,183.8325653076172,188.23365061159404,182.94518685101608,188.23365061159404,18945580
2011-01-28,184.13284301757812,187.27902901206946,183.03929408285384,184.2000665838058,17798420
2011-01-31,183.50985717773438,184.95746834159243,178.929504998019,183.09754355498268,11118030
2011-02-01,182.8197021484375,186.16308656438474,180.6236319032651,186.16308656438474,8551230
2011-02-02,181.05386352539062,184.96195270807016,179.82585389672204,183.88632104089842,9762170
2011-02-03,184.73338317871094,185.70144349510977,180.16647564953598,181.06282627465805,5796030
2011-02-04,180.8611602783203,186.8891243152545,179.71831858613203,183.84153735126804,9253200
2011-02-07,182.75244140625,184.64822789312854,181.08075625180663,183.3037019618679,8559460
2011-02-08,179.52557373046875,184.64372772715217,177.93454329308818,184.639255274901,7195990
2011-02-09,181.2689971923828,182.40736640448128,177.60292613293024,179.09087156893594,7357580
2011-02-10,180.69085693359375,183.66224793392342,179.27013509498659,180.70430164663685,11535590
2011-02-11,184.5854949951172,184.64824610983484,178.82196649957305,178.82196649957305,10103420
2011-02-14,188.72213745117188,189.14790946160875,183.76531967441403,183.76531967441403,5922360
2011-02-15,188.86109924316406,190.74344127862568,186.01966902267432,189.13000720211957,7599730
2011-02-16,187.77200317382812,190.20559173382043,186.8935834286165,189.48850852912287,4550790
2011-02-17,195.90640258789062,196.6593338771538,187.785467609003,188.23364294935863,11804920
2011-02-18,195.0548858642578,201.0604331110055,194.08233928946012,195.7629969337306,19767870
2011-02-21,197.3495330810547,197.9142384019242,191.14678784364418,194.05992763493066,5600510
2011-02-22,191.6801300048828,196.45319508233692,190.51038514702816,196.3008170938966,5796430
2011-02-23,189.49746704101562,192.98427002271197,188.25154036316587,190.49241666701246,6114220
2011-02-24,184.5675811767578,189.89637912788567,183.37094694019333,187.0683936830114,10027770
2011-02-25,183.04824829101562,187.0683815820626,180.88356744686376,187.0683815820626,6309960
2011-02-28,183.9535369873047,190.11146055074565,182.4073269026217,185.00673788390733,10981360
2011-03-01,191.72940063476562,192.71539183130443,184.55859535732174,185.974831040884,10250580
2011-03-03,196.58311462402344,199.19597034714798,190.92714508464024,191.36187562982005,12668820
2011-03-04,198.83297729492188,200.14612769544647,197.77976256111918,198.09349075492435,9854940
2011-03-07,194.79043579101562,197.55566977484173,192.79605020478195,197.55566977484173,6427840
2011-03-08,197.7797393798828,198.85537095987127,193.29798672067653,193.43244750678696,8985570
2011-03-09,197.73944091796875,200.66602538527596,196.7489772312344,198.09350327153894,9041990
2011-03-10,197.95005798339844,198.54165264627784,195.6150685618088,196.48004358538628,7470310
2011-03-11,195.97364807128906,198.72096540328647,194.95629485870185,195.58822380054565,6553950
2011-03-14,198.51927185058594,198.90020994689695,194.6873644963863,194.6873644963863,6541440
2011-03-15,195.8212432861328,197.88733866570496,190.92269022097847,194.50809285423628,13801000
2011-03-16,195.74057006835938,197.64531516919632,195.2789500380691,196.83860506796725,5805340
2011-03-17,195.5388946533203,200.15510884471055,194.1630067592627,194.52602768915202,16760620
2011-03-18,192.65264892578125,196.85653588709647,192.00728900637085,195.40445213327718,4822120
2011-03-21,193.11427307128906,195.2879124638287,192.39718981318165,194.52602261483534,6159350
2011-03-22,192.8588104248047,194.7770002815289,192.00279390706956,193.5310734167953,4715270
2011-03-23,193.98817443847656,195.5747186602123,192.27166924125885,192.7153583640367,4657350
2011-03-24,196.55177307128906,197.0985475249858,194.37364751659237,195.31480477471024,4413810
2011-03-25,203.02789306640625,203.91975751928425,197.19712815051665,197.82457082282338,8901480
2011-03-28,205.86936950683594,207.23629898457395,203.0234530258841,203.0234530258841,10930310
2011-03-29,206.6222686767578,208.29396755584378,204.78474711646885,207.05699928728552,10818300
2011-03-30,209.8804931640625,211.89728206830614,206.69845939025822,207.50516948106562,11097420
2011-03-31,210.27040100097656,214.75662622905685,206.61776154690662,210.6423804633908,18931910
2011-04-01,209.1858367919922,211.98693262477195,208.2222625609611,210.91131456042967,4369290
2011-04-04,215.1958770751953,215.5723427268399,209.74606319368206,209.74606319368206,6322270
2011-04-05,214.7432098388672,216.01602615379554,212.26928690414778,215.12416161049762,8412660
2011-04-06,212.96841430664062,214.67596104457087,210.7320240161031,214.31742628824625,6469860
2011-04-07,211.0681915283203,213.15220421949576,209.71022073290166,212.88329626771227,6558160
2011-04-08,210.85752868652344,213.7796268381622,210.2031828741755,211.00093439369428,7720170
2011-04-11,205.80657958984375,209.52644285678625,205.1388027568804,208.41944929768513,11208180
2011-04-13,212.3409881591797,213.65862469084877,203.91977008790445,204.31865268677092,9033890
2011-04-15,211.81661987304688,214.4070727039675,210.10458684933687,212.88327933470106,8590930
2011-04-18,207.2183380126953,215.11071264802592,206.55056115093342,213.223898347464,10353270
2011-04-19,210.41831970214844,211.43120033557392,208.3522379736558,209.74605669990515,7462430
2011-04-20,212.60992431640625,214.13819032073403,210.4631604243258,211.5880713235539,6548070
2011-04-21,216.0787811279297,216.63900030880302,213.51073147900487,213.51073147900487,16205350
2011-04-25,214.3174591064453,218.80368508592284,213.8692837537988,217.18577862793762,6322870
2011-04-26,211.52529907226562,214.93143412288177,209.79086283171208,213.91855355771102,6321850
2011-04-27,210.93370056152344,213.24180060304525,208.51804282555392,212.9729063669259,7147650
2011-04-28,209.54434204101562,212.3454374788285,208.84967584332756,211.82108007211525,13384820
2011-04-29,205.76174926757812,209.71914470753484,204.45757121951863,208.40150827074186,9312940
2011-05-02,205.27772521972656,207.5679080379907,202.75449617708784,206.6984468910048,7078370
2011-05-03,200.3926544189453,205.77075883324778,199.1870615852277,205.13434379290888,10740280
2011-05-04,202.70521545410156,204.82956205375433,197.89628943823428,201.14107431656043,13210610
2011-05-05,199.0301971435547,203.90186119580505,198.09351226753876,202.20328640201927,9349490
2011-05-06,205.91416931152344,207.95336167603372,199.4380300556789,199.4380300556789,10775730
2011-05-09,204.26486206054688,207.50517456996542,201.53547598446815,206.3399159946026,3898590
2011-05-10,201.35623168945312,204.1887033385629,199.44700021754892,204.1887033385629,6523220
2011-05-11,202.6693572998047,203.37299583360078,199.07948229292373,202.57524431238,4910850
2011-05-12,200.80044555664062,203.0144324157758,200.33433946071128,201.67886522890396,4739430
2011-05-13,201.77297973632812,205.26426883722135,199.51418627620066,200.06543309192563,5823070
2011-05-16,201.95225524902344,203.1219998355697,200.45087901103037,201.2306996172452,6270620
2011-05-17,201.89849853515625,203.82566064617544,200.87218688468283,201.85816439702296,6111940
2011-05-18,203.23403930664062,204.16176539384116,201.0514279400556,202.40491232547913,6935480
2011-05-19,203.8122100830078,204.7264778755694,202.36908502546436,203.51641273462903,7511270
2011-05-20,207.5679473876953,207.9533716407537,202.16293984346666,203.4716179415995,11913870
2011-05-23,202.9965057373047,206.0530643288553,201.31584849261063,205.71244675055237,10046400
2011-05-24,202.1539306640625,205.48835567585957,201.51752945731042,202.03740072033744,4502440
2011-05-25,202.10467529296875,203.2026966709864,201.2621034643742,201.67890324855364,4157440
2011-05-26,202.9517059326172,204.099033633133,200.7825390714162,202.127065002698,9949950
2011-05-27,206.48782348632812,207.23626862372933,202.8038217485548,203.01446469949076,5831020
2011-05-30,206.84185791015625,208.63455909609797,205.92310402325094,206.51917114959775,3924750
2011-05-31,215.08383178710938,215.90398665172637,207.50518505037394,208.39257715862402,17696730
2011-06-01,214.9628448486328,215.75162421332368,212.86090123183368,214.2278306637134,6571670
2011-06-02,213.03134155273438,213.60897968888173,211.65042516831988,212.5575028260747,6722760
2011-06-03,212.7109375,213.98355104391433,211.966327880724,212.99974968351003,5988530
2011-06-06,214.92221069335938,215.71195110010663,211.67750472045086,211.67750472045086,5842800
2011-06-07,214.4934539794922,215.775101749888,213.3472122919071,213.46453576825624,4063470
2011-06-08,212.57550048828125,214.08729168358562,211.9392076220441,212.66124481504616,5139390
2011-06-09,213.25697326660156,214.3220017152943,211.33451518001604,212.5304187447385,3229940
2011-06-10,213.22537231445312,214.31295922370714,210.31462335557498,213.7263004861908,4371910
2011-06-13,214.14149475097656,214.80939446478828,211.5737090809311,212.38602177696913,3917780
2011-06-14,215.03501892089844,216.43399031885096,213.5006689694578,214.62886948845517,6216600
2011-06-15,214.1595458984375,216.23543772102482,213.63605917642994,214.8093905345862,7038940
2011-06-16,211.4699249267578,214.08734483111067,211.02314812060212,213.36529368688159,4212650
2011-06-17,212.0384979248047,213.55480648503035,210.6260025354583,212.146814532521,7106740
2011-06-20,207.49862670898438,213.13512567027604,205.05721299035642,211.39317696826302,7812850
2011-06-21,209.89492797851562,211.56015302435952,207.7694020849019,207.7694020849019,5078860
2011-06-22,209.63771057128906,211.90313224555038,208.70807444948605,210.51769870904567,3091580
2011-06-23,210.63504028320312,211.14950633868696,208.49145926264563,209.30375814059153,4133790
2011-06-24,215.0936737060547,215.7074081383339,211.33901931523954,212.01142237424682,8287730
2011-06-27,218.0721435546875,219.48915627032278,214.1460001699528,215.08015352157287,10256190
2011-06-28,218.69488525390625,219.32217132565478,217.02515682181567,219.26801990662176,6096810
2011-06-29,224.6562957763672,225.54982169190805,219.77344106990893,219.77344106990893,10252440
2011-06-30,227.0435791015625,227.89198809711024,223.48750262683066,225.54984271309584,13420600
2011-07-01,225.75294494628906,229.93630790372268,223.65449453926533,229.2503668819887,6652420
2011-07-04,228.54632568359375,229.43083094240015,226.7592601033995,228.79904147182415,7161680
2011-07-05,229.35414123535156,230.33341155803163,226.94881005461625,227.62573035529934,5318640
2011-07-06,229.72869873046875,231.0554636272743,226.9939418057011,228.7990626152892,5892870
2011-07-07,231.5789337158203,232.40478418843384,228.72233612918848,229.8009024103011,7389020
2011-07-08,230.9787139892578,233.15839106233955,230.4868202765329,231.5969793655593,7544680
2011-07-11,227.83782958984375,231.42551264484948,227.00295847563714,230.96519803240096,3972500
2011-07-12,223.8124237060547,226.54266344394816,222.0479164477084,226.54266344394816,7360900
2011-07-13,227.41815185546875,228.25302300470202,223.65897996532496,224.7375462859622,3720910
2011-07-14,228.3252410888672,231.64213980843826,225.09857638139786,227.94165013357573,4677172
2011-07-15,229.67904663085938,230.3559668817349,226.99392412692865,228.5508462127335,2745076
2011-07-18,232.43185424804688,234.16929949020346,229.2503344461194,231.0328966892851,3104948
2011-07-19,230.5364990234375,234.2144299963446,229.40829849359,233.53750967843607,8526332
2011-07-20,227.03907775878906,233.04111285075498,226.54266677043412,233.04111285075498,3704322
2011-07-21,223.97036743164062,227.85138007378126,223.158068545323,227.80624929743485,6440512
2011-07-22,226.33958435058594,228.82162551144043,225.12113604389936,225.64010553222766,6317060
2011-07-25,227.9867706298828,228.57342940188568,224.35395662792885,226.33958682391466,6685214
2011-07-26,224.80523681640625,230.24317168167784,223.4965269445744,228.05445987997015,5290764
2011-07-27,226.5652313232422,227.42267476783678,222.02987057337063,225.34678297962483,5531356
2011-07-28,219.90884399414062,225.41446814429446,218.69039567276442,225.41446814429446,10708978
2011-07-29,219.68321228027344,221.08218375929164,217.1109232110914,221.08218375929164,5995334
2011-08-01,220.2247314453125,223.81241444383795,218.64525078945474,222.6842139753681,4404708
2011-08-02,217.90065002441406,220.17960955386127,216.61449868408155,220.17960955386127,3964988
2011-08-03,217.53961181640625,220.8565239937668,214.8093721539137,216.0278341854269,4165134
2011-08-04,215.012451171875,220.63088125165237,214.35808939020828,218.46474185713217,3659212
2011-08-05,213.47808837890625,214.71910890145392,206.28017761131693,209.84528835805813,6312188
2011-08-08,208.53656005859375,216.61447198877988,206.70886718800207,208.94270943917726,8616746
2011-08-09,209.59710693359375,213.7037459816053,203.00841286516595,203.07610214481832,8981848
2011-08-10,216.5693817138672,223.29345445140106,213.6360601905421,223.29345445140106,6534452
2011-08-11,216.5919189453125,218.73549971169123,214.35807663787415,216.0278187436339,4204608
2011-08-12,211.22169494628906,219.3221801541912,209.43914639546603,218.91603072311625,5706776
2011-08-16,205.98684692382812,215.89243876812287,205.1745343238089,215.89243876812287,6111296
2011-08-17,210.97349548339844,213.20733800319067,205.7386423597889,205.8063316360295,6268402
2011-08-18,208.67196655273438,214.29041068149525,206.93453498814728,211.3345170399304,11444226
2011-08-19,207.97247314453125,209.16836286389903,203.0760804503874,205.3324813442806,8960518
2011-08-22,204.45249938964844,209.37146483476317,203.3920018838652,207.61146094861343,5954498
2011-08-23,207.31813049316406,208.7171019307716,200.9550766312571,206.41557005238235,8072546
2011-08-24,205.78378295898438,208.67197364962684,204.20430216872901,206.68634341055886,6371228
2011-08-25,200.21046447753906,207.318127858364,198.87919610749273,207.318127858364,11600420
2011-08-26,198.08944702148438,203.32428626371978,196.82585421282383,200.36840649649315,4261912
2011-08-29,205.98684692382812,206.66376720452163,199.98481217182527,200.5940431788451,5800198
2011-08-30,212.98170471191406,214.35810387007757,207.0473588187695,208.46890252517557,7794648
2011-09-02,213.36526489257812,218.41960844810237,211.19912552419817,218.41960844810237,7595474
2011-09-05,212.21453857421875,213.90683951978667,208.78480590347166,212.01145695195845,5900358
2011-09-06,213.36526489257812,214.98987630485223,207.58888406224605,211.46989638824022,8930396
2011-09-07,220.26986694335938,221.1047380623312,213.38784393807012,214.80937380443905,7373286
2011-09-08,218.2842254638672,220.99190650527808,216.2308924109438,220.99190650527808,4082024
2011-09-09,213.56832885742188,219.1867721776758,212.41756999519018,218.37445965259127,5165708
2011-09-12,211.80836486816406,212.64323599352065,208.71709274021057,210.74785364254777,3492760
2011-09-13,211.06373596191406,214.71909423377036,209.39399386412038,212.55295497844978,3587976
2011-09-14,216.11810302734375,218.01348553401274,208.06274803197041,210.92838029506143,3874504
2011-09-15,218.7129669189453,220.24731699007154,212.82376525918866,219.27706722244614,4368380
2011-09-16,218.2842254638672,221.12728504855744,214.94474116187803,219.43498439767563,5473504
2011-09-19,218.75808715820312,219.7734676555852,215.30579622149997,217.47193577378994,4194610
2011-09-20,221.7364959716797,222.5939254694729,217.96830410898207,218.8708643744437,5917634
2011-09-21,223.1580352783203,224.57956500345307,220.40522359531462,222.36829501191573,6445698
2011-09-22,213.13961791992188,220.67600223722349,210.0709182851279,220.17959129783623,5095544
2011-09-23,205.96426391601562,212.10167689547163,204.20427403234237,211.44731514944985,16455612
2011-09-26,203.12120056152344,206.52836022368075,198.31506966418394,205.78375072217364,13892534
2011-09-27,206.4381103515625,208.44629875806754,204.92631909301733,206.68630892554245,8011418
2011-09-28,206.6863250732422,210.0032371928962,203.8658239123082,208.67195513614405,7611876
2011-09-29,212.3724822998047,214.26785103213464,204.2719965363589,206.48326694340045,16266492
2011-09-30,211.0411834716797,214.2678341579264,209.57452281684223,210.228884617792,9514400
2011-10-03,205.80630493164062,209.80013697536356,203.41452566829182,207.65655628335162,9068118
2011-10-04,202.5797119140625,205.78380460863704,198.78896037303642,204.2043236522111,7481596
2011-10-05,197.97662353515625,205.89658530779346,197.0063601155752,202.6022454516601,8267496
2011-10-07,203.0760955810547,207.58889770507812,201.3612362827174,204.29455766333265,9443502
2011-10-10,205.19708251953125,206.68630145352796,203.0986188780221,203.97862064845992,12062992
2011-10-11,206.46070861816406,209.80017962065205,205.4001973058387,207.90481088668963,4993758
2011-10-12,210.81556701660156,212.05658770989118,204.63303582594696,208.46891796884213,8967780
2011-10-13,212.39503479003906,214.8996482978281,211.01863561486076,214.3581065199333,5866702
2011-10-14,213.86166381835938,214.98986421175857,210.00322398172506,211.65039380169242,3335020
2011-10-17,215.7344970703125,216.8401390843207,213.16220815809794,215.0801490344941,3543632
2011-10-18,215.7796173095703,217.24627790814372,213.00424693128085,213.86167652682042,4054510
2011-10-19,221.96217346191406,223.2031940361657,216.29859857805093,217.9457823578227,8689042
2011-10-20,220.9242401123047,222.210391574739,216.88529015200427,220.22476123602334,5676852
2011-10-21,219.77345275878906,221.93959216425267,218.10371054525945,221.14985183093054,4580732
2011-10-24,218.5775604248047,224.28625201237386,217.94577092001057,222.36831122554773,4871546
2011-10-25,211.19912719726562,221.46575143602158,202.42172206457082,220.1570416500923,41315010
2011-10-28,217.81039428710938,223.1580676204793,216.50168441036388,219.32218577058228,9019224
2011-10-31,221.1272735595703,221.91701382228308,215.32832087611266,217.96831250871932,6425708
2011-11-01,217.6524200439453,222.48112336201342,216.61448116382644,218.91601278058766,6649758
2011-11-02,218.0134735107422,220.22474379858625,215.48630156521503,216.02784332924912,5055910
2011-11-03,217.44937133789062,218.80321196412385,213.0493893026326,217.06578040606206,5252818
2011-11-04,217.9683074951172,220.17957742545485,216.7498456090245,219.63804952095128,3401610
2011-11-08,218.5324249267578,219.93139622482497,215.93756391833477,217.9683247075354,4196404
2011-11-09,215.3734893798828,219.18681282531168,214.49348742417473,218.87091115608834,4302494
2011-11-11,209.4165496826172,215.89242263849246,208.76220172335442,214.6514022166061,4605018
2011-11-14,212.7334747314453,216.54679777259838,211.62784655033798,212.0565544594284,6114282
2011-11-15,213.11709594726562,215.6216958011148,212.0565846158954,212.41761707550023,5822146
2011-11-16,210.1611785888672,213.0042381228171,207.72425467750702,212.1016777917882,3558800
2011-11-17,207.2955780029297,212.10170973508406,206.0545573608627,209.0104373813576,5388684
2011-11-18,206.8217010498047,208.3109339074567,203.1212118358358,205.42274350895028,5860372
2011-11-21,200.66172790527344,205.78376066751173,198.56327783707272,205.78376066751173,5097018
2011-11-22,200.39096069335938,202.85044321104996,198.5632814524182,201.72224274825214,7609152
2011-11-23,192.29049682617188,199.35302923306054,186.92026517677948,199.35302923306054,12782818
2011-11-24,193.89254760742188,196.30689958661873,185.61155265207316,193.5089566584314,14442594
2011-11-25,194.45663452148438,196.26175531309153,189.10896142195247,193.0351046524895,9453234
2011-11-28,198.9468536376953,200.79710497691894,195.90071267486834,196.7581421914909,5445858
2011-11-29,196.3971405029297,201.06787936399908,195.04329995839288,200.36840059144635,7415512
2011-11-30,199.69149780273438,202.91814862865385,193.68947637191852,193.68947637191852,14107274
2011-12-01,204.65557861328125,210.7478615488475,202.8278992414031,207.11506130717194,6964892
2011-12-02,210.2965545654297,211.15398411505632,204.49760175488444,205.40016207490774,5618514
2011-12-05,208.64938354492188,210.95091510224086,206.68631210567986,209.25861451185594,4376614
2011-12-07,210.79298400878906,212.5078432586503,208.53658301056177,212.10169383336515,5586472
2011-12-08,204.76840209960938,211.06376674733133,203.57251225772106,210.74786508103045,6278500
2011-12-09,200.25559997558594,203.6176431628411,198.78893924337038,201.7222607078015,6803456
2011-12-12,194.97560119628906,203.50480783180038,192.3807400955965,202.21865653184403,6035578
2011-12-13,197.8412322998047,201.00019362594384,192.24536070503962,193.1479210839365,7462940
2011-12-14,196.01353454589844,200.25556517204896,194.16328318934998,198.11198447443266,12153362
2011-12-15,194.65969848632812,196.75814846209025,192.69662704888196,193.59918736292826,13480070
2011-12-16,187.41665649414062,198.78892273607403,185.02487700746957,195.90073228840188,14712410
2011-12-19,183.21975708007812,186.378718409045,180.62489598842677,185.94999671989382,16170762
2011-12-20,186.92025756835938,190.25972817282613,182.31719418654154,183.21975455380164,9991784
2011-12-21,196.50997924804688,198.29252787145938,188.54487226881935,192.24537561814827,7493440
2011-12-22,199.84942626953125,200.7294143388601,193.50893161052733,194.72739357972463,6788034
2011-12-23,197.4576416015625,201.49660481035997,196.75816281593941,200.45866588227827,3427650
2011-12-26,200.23304748535156,201.00021562820405,197.23202287943286,198.11202485397712,2282380
2011-12-27,198.4279022216797,200.18789218318184,196.62278148742553,198.69865931423521,3147118
2011-12-28,198.4730224609375,199.91712458069554,195.42688117217972,199.69148448523202,3834170
2011-12-29,193.86997985839844,199.4658516759059,192.24536835732107,196.60021960444675,5465314
2011-12-30,192.62892150878906,195.8555716045611,190.48534094399258,195.7653100719897,3838208
2012-01-02,192.62892150878906,193.9601895963716,189.3120098804456,193.5540402437528,3514998
2012-01-03,198.17970275878906,198.96944313143638,194.05049156477173,194.68228110849375,3439238
2012-01-04,200.05250549316406,200.7971288345756,194.43407531291714,199.42071597279613,4871478
2012-01-05,200.21046447753906,201.58687739542603,198.69867300404712,200.36841530706437,3380606
2012-01-06,204.5653076171875,206.30273912855438,198.08944781333253,199.01456670760362,3977222
2012-01-09,205.64837646484375,206.28016594072795,201.2709533605431,203.93350357661217,4231968
2012-01-10,207.45352172851562,208.62683927776118,205.78377941308267,207.58890028512727,4491386
2012-01-11,208.78477478027344,209.3940057842569,205.33248412033814,207.81452513717738,3859556
2012-01-12,210.5899200439453,211.69556213444935,208.1304510131207,208.35609113183745,3987722
2012-01-13,211.92117309570312,213.4780814374514,208.0627193333294,212.10168241144493,3690842
2012-01-16,207.8145294189453,211.13144160054895,206.79914898204493,210.65758913347497,3191710
2012-01-17,211.37966918945312,211.65044009749207,208.94275856106358,209.34890803713176,3661008
2012-01-18,217.47193908691406,219.05141988468247,211.92119779211987,213.41041703550965,10068622
2012-01-19,219.68321228027344,221.24013459549977,216.74989076090424,219.32219360206608,8421088
2012-01-20,221.37547302246094,222.68419648065154,216.8175545055088,221.12727444768814,7195130
2012-01-23,218.4196319580078,220.11193282545105,217.02066048652546,219.3221924206442,3766864
2012-01-24,220.58575439453125,222.52626750138515,216.86269277586837,218.98371520680715,7531976
2012-01-25,221.2175750732422,222.48115421312525,219.20937253352048,221.2401335760338,7409550
2012-01-27,218.5098876953125,227.44523052872051,216.45655443429618,227.40009975239434,7438818
2012-01-30,216.18576049804688,217.96832268302427,213.4555209711604,217.9457641832561,4987508
2012-01-31,222.07498168945312,223.38369147094787,216.54679942577815,218.19396934586524,5326924
2012-02-01,224.3539581298828,225.50473095156363,217.22373617820668,223.15806830388374,6010298
2012-02-02,224.6924285888672,225.64011984661897,221.7139762524958,225.18883960692574,11420854
2012-02-03,228.46060180664062,229.25034215856482,223.49651959454573,224.51190004701968,7457502
2012-02-06,229.11497497558594,232.8605953217762,225.64011174590718,230.1529139808253,8719312
2012-02-07,229.83700561523438,232.5898314246577,229.25034685058947,231.9580281126043,6037854
2012-02-08,229.4534149169922,233.6728736171137,226.88111236104433,230.46879533034345,6930574
2012-02-09,235.81646728515625,237.35083101061318,228.18983452100315,228.21240679460047,8680512
2012-02-10,233.53750610351562,237.215450792101,231.95802538590732,235.92928568138808,5757586
2012-02-13,235.54568481445312,236.9220837924564,232.81544535763584,234.05646579654868,7307162
2012-02-14,233.718017578125,236.38055412900002,232.43185253138512,235.79389540043138,6557414
2012-02-15,240.5548858642578,241.38977069386735,233.42466478324647,234.89132531595897,9689792
2012-02-16,237.57644653320312,242.7210238479893,236.13234450759546,239.62976575926075,4062132
2012-02-17,238.4113311767578,240.532353688052,234.7108279189192,239.7426133147798,7109824
2012-02-21,240.1036376953125,240.75799952897216,234.89135661636365,237.3733978486211,7415568
2012-02-22,239.83287048339844,243.1949135198235,237.66673100794293,239.17850867728225,6961554
2012-02-23,240.6000518798828,241.86363094281486,237.9149291561786,237.9149291561786,8547874
2012-02-24,236.76417541503906,241.6154377180461,232.56724738750347,237.91493445254207,8190084
2012-02-27,232.68006896972656,239.83287693869067,231.1231742555602,237.77955745923128,7660646
2012-02-28,239.4041290283203,240.7128525325795,231.5969876338316,234.32722714034932,7400574
2012-02-29,233.35699462890625,243.64620585134872,231.664693775736,240.93852448627632,9994318
2012-03-01,231.95802307128906,235.70364322687828,228.0318798179057,233.31186367287245,6099246
2012-03-02,234.10157775878906,236.92207869564194,229.137496109928,231.9579970467809,4058348
2012-03-05,230.58160400390625,235.09440561845005,228.14468011447056,234.66568395627738,5025686
2012-03-06,228.9795684814453,235.11698189569015,227.1067584241959,230.06263819643473,5798594
2012-03-07,232.70260620117188,233.7631034715408,224.53441945697224,228.73133285970505,3788818
2012-03-09,236.10980224609375,237.82466146895706,234.50776307136564,235.5682605062535,4657522
2012-03-12,234.1918487548828,241.20924986036422,233.3118469182569,240.983609776304,5608692
2012-03-13,236.65135192871094,238.05030955495783,234.8236450524117,236.01954862036578,5539714
2012-03-14,238.36619567871094,239.17849449083195,235.32005447528996,238.32105113450876,5860562
2012-03-15,230.51393127441406,239.1785170225119,229.72419088801897,238.27595658091752,7469598
2012-03-16,229.18263244628906,236.87696745210982,227.89648123344736,230.15288203773892,6405304
2012-03-19,225.12112426757812,230.17545410391529,223.42882356461243,230.17545410391529,7649884
2012-03-20,228.07701110839844,230.53649371563125,222.48113936358834,223.83497996823493,3162136
2012-03-21,232.70260620117188,233.6954004355799,226.99390163356182,226.99390163356182,6010786
2012-03-22,227.5580291748047,235.74877540214956,225.6852191952877,231.91289389895505,5640032
2012-03-23,231.93544006347656,234.1015792883416,226.06879807649162,229.92723787452542,4023582
2012-03-26,230.89752197265625,233.0862337956072,228.18984065073244,231.7323931346453,4916458
2012-03-27,234.146728515625,235.47801065855558,231.05547006071637,232.4093107056034,5928676
2012-03-28,231.7097930908203,233.98875228606937,230.1754295992318,233.98875228606937,4349746
2012-03-29,230.19801330566406,232.00312018102048,227.8964817259177,229.2503222114182,8112558
2012-03-30,234.5980224609375,236.4031434264354,230.0401030406393,231.05548358373187,5592488
2012-04-02,238.43389892578125,239.15596382143747,232.90571609847697,233.7631595545814,2765466
2012-04-03,239.26878356933594,242.06672650546724,238.27596155406877,240.53236270514898,6460406
2012-04-04,237.62156677246094,238.72720869201848,236.65133093836576,237.03490806329435,2087538
2012-04-09,235.4554443359375,237.50876373702334,234.66570398598466,236.35800473588358,2518370
2012-04-10,236.85440063476562,237.37338387946147,232.7928788573604,236.2000663835718,2917036
2012-04-11,237.57644653320312,239.60720725997655,233.35696049675641,235.50054126390611,3731624
2012-04-12,239.35902404785156,241.20926181123428,236.6061983595531,236.92210000168006,6051644
2012-04-13,238.88516235351562,242.6759270431818,236.42570730381811,242.06670979203713,4916714
2012-04-16,239.065673828125,239.62977404952218,236.5159298098273,238.68209669515736,8698042
2012-04-17,239.29129028320312,241.84103404967672,235.16206605281403,240.0810305151609,7832904
2012-04-18,242.63082885742188,243.64620938404633,240.53236475148083,240.53236475148083,6000142
2012-04-19,250.03175354003906,250.73123224120357,242.42769427520415,243.69127314568735,8183338
2012-04-20,248.70053100585938,251.8143757014724,246.60209440138985,249.21951430311492,7862550
2012-04-23,246.10560607910156,250.91175044605413,245.18048732815402,249.08407144170351,4218824
2012-04-24,244.52618408203125,246.62464819034722,243.4205695425121,246.44412507893696,4380390
2012-04-25,246.6923370361328,247.9784746129937,242.78875221435962,245.49643346582087,5389194
2012-04-26,243.91697692871094,248.18158083153884,243.24005654870527,245.94773806872797,4669476
2012-04-27,244.21031188964844,246.39901002706682,241.07390872575004,244.59388907448758,2274510
2012-04-30,244.8195343017578,247.7528559109033,243.84927075191783,245.40619311479483,3019510
2012-05-02,248.15896606445312,248.65536321299527,244.00718316626194,244.00718316626194,4489174
2012-05-03,250.03175354003906,251.81431558387695,246.15075539270768,246.1733138906897,6857274
2012-05-04,242.5630645751953,249.8738080302522,241.27692725037767,248.74560772990245,6175944
2012-05-07,240.19386291503906,241.23180176454701,233.04108346347422,240.03592587809726,8356344
2012-05-08,232.56724548339844,242.066715950399,231.61956805885097,240.48723521351445,5641540
2012-05-09,231.34881591796875,235.83903207408005,228.07702054932926,231.82265464041743,7511996
2012-05-10,233.53750610351562,235.97443022826587,230.1529045657835,230.62674327227444,6042190
2012-05-11,230.40110778808594,234.66571131990275,229.34061030258894,231.6195698748848,4025042
2012-05-14,225.88829040527344,230.96519247106752,222.95496921170354,230.4913537870514,5517424
2012-05-15,225.2339630126953,227.648314970421,223.83499156104287,223.83499156104287,4009732
2012-05-16,223.4739227294922,225.05340316219102,219.32214008332187,222.93238107234774,8480436
2012-05-17,224.6472625732422,228.57340555152646,223.383683609093,224.28624394690752,5809260
2012-05-18,225.88829040527344,227.40008177481667,220.67600979318283,221.03702843129244,4807208
2012-05-21,224.48934936523438,229.18266086575258,222.90986860636906,225.75292846353491,4271170
2012-05-22,220.788818359375,227.89648088193024,219.75087949979286,227.35493918094454,5548406
2012-05-23,219.86370849609375,222.4359972506155,217.6073076033669,221.12728748722952,6347944
2012-05-24,225.50469970703125,226.85854017650237,218.87087589783178,222.48111714975477,5769622
2012-05-25,225.64010620117188,227.0616361158434,223.65447602099738,225.54984464989974,5597286
2012-05-28,229.58880615234375,230.42367729274807,225.64010432662775,226.18164608580327,6103426
2012-05-29,227.87393188476562,231.03289313762596,226.58778062027687,230.22058055227498,5286512
2012-05-30,225.93341064453125,228.0769914168171,224.0831592235311,225.66263979258383,5083640
2012-05-31,228.4380340576172,229.65648228807274,223.54164131951003,223.83497068395425,9519560
2012-06-01,221.3077850341797,228.86672762279844,221.1272757267574,227.44519789037903,5854374
2012-06-04,223.67703247070312,224.96318381864586,218.8934595087293,220.22474163189403,5680484
2012-06-05,226.31704711914062,227.85139722656925,224.94064785482536,225.64012673892387,5355356
2012-06-06,234.62060546875,236.01956318130388,227.21959858850192,227.82882966086112,12545846
2012-06-07,242.69845581054688,243.46563756374616,236.01951519154633,236.56105687286077,9900246
2012-06-08,243.28512573242188,244.9323093508898,239.60720891709127,244.0974520639134,9661372
2012-06-11,244.5713348388672,247.70773805749232,242.9692954742913,244.18773010337472,6535942
2012-06-12,248.0236053466797,248.58770563862896,242.76620715208804,243.14978433302974,5626920
2012-06-13,244.4810791015625,249.28722485367692,243.6010770920817,248.6554214766238,4032366
2012-06-14,241.16416931152344,247.0308123837937,240.3744288979486,243.69132761737905,4321276
2012-06-15,247.09849548339844,248.06875903889375,241.41237534857356,241.434933852291,4966112
2012-06-18,241.412353515625,249.1066755767306,238.97542936739984,249.1066755767306,5618732
2012-06-19,242.08924865722656,243.24000756269317,237.5087439907366,241.3446253715954,5930368
2012-06-20,241.07391357421875,243.9169736229186,238.52416915983625,242.3374927576453,4767236
2012-06-21,245.00001525878906,245.8123140558262,239.76514876152228,240.53233055915123,5326328
2012-06-22,245.65435791015625,245.99281804921347,241.48001619511703,241.48001619511703,3084408
2012-06-25,242.20208740234375,247.52718822175038,241.43490555813392,246.12823062768805,3187424
2012-06-26,245.2482452392578,247.3015647663913,242.02158059379147,242.78876248963235,2926564
2012-06-27,247.75283813476562,250.32514087009312,246.39899748922045,246.39899748922045,5968644
2012-06-28,249.48123168945312,251.36884008026738,247.09330741165982,248.75349444268423,6071220
2012-06-29,256.3266296386719,256.94068401622405,251.09593794370969,251.11867452923414,6329586
2012-07-02,261.05694580078125,261.53452503334626,254.71188524986766,256.5312558587953,4100762
2012-07-03,261.9211730957031,263.80878151628355,260.0335924365196,261.94393744115825,4233400
2012-07-04,262.8990783691406,264.1953689485827,261.83020913776875,262.3077884164371,6405142
2012-07-05,265.6736145019531,266.0829840435014,261.73924173660885,262.85361192291634,4190764
2012-07-06,264.4910583496094,267.90237896460866,263.1265301036097,264.76395289425005,7870760
2012-07-09,262.9673156738281,264.6047382741034,258.8509670678395,263.78602697396576,3830580
2012-07-10,267.7431640625,269.40332324579975,262.6716568983462,263.8087636381659,6771508
2012-07-11,266.99267578125,270.0856007150227,266.12846351147107,266.94720261395486,6149722
2012-07-12,263.854248046875,268.76657158134185,261.8074558279792,265.58267257417066,3791874
2012-07-13,267.015380859375,268.9939631083933,264.92311570553244,266.0829589486711,4754286
2012-07-16,265.01409912109375,269.58526251169,264.28633417484434,267.44749635926064,6425080
2012-07-17,265.2870178222656,267.78865279530027,263.1719880586868,266.9926780311529,4269678
2012-07-18,266.99267578125,267.76591395504227,263.8542499187858,265.94654308089406,3558998
2012-07-19,268.0843505859375,268.72111383285335,266.33318919376745,267.72045414609914,2400224
2012-07-20,264.99139404296875,267.90239895622125,264.2636566953558,267.90239895622125,2084472
2012-07-23,260.6248779296875,263.80877696198735,259.73792907555327,262.62619699740594,3047264
2012-07-24,261.10247802734375,262.6489544993289,259.35134452467116,260.42021389465594,2652794
2012-07-25,262.0121154785156,264.1726181690742,260.9432463045862,261.28437830835855,4407852
2012-07-26,257.3499755859375,263.2401936792906,256.07642166987574,262.89906167884226,8852708
2012-07-27,265.9010009765625,267.7658724906208,256.8269123560177,260.16999471501924,6715436
2012-07-30,267.1063537597656,269.2213832465841,265.62811510549705,267.03811625578066,4233142
2012-07-31,267.33380126953125,268.35719736116283,263.74053277657777,268.35719736116283,4195704
2012-08-01,266.7652587890625,267.60670672757243,262.7171474232546,266.3331526470992,3935494
2012-08-02,264.9458923339844,267.99334420152167,262.58070456687796,266.7652632684667,3442730
2012-08-03,267.5384826660156,267.90235127506094,263.695056284748,264.2636096618173,4975750
2012-08-06,273.01934814453125,273.81532292046285,269.72173835852897,269.7899758724534,6164588
2012-08-07,272.9510803222656,273.95173976746065,271.5410791231686,273.81529251615996,5614382
2012-08-08,272.4053039550781,273.815305219591,270.49495906405775,272.90561982019034,4026558
2012-08-09,275.0206604003906,276.0895296825768,272.2233665815852,273.3604733759945,4936560
2012-08-10,273.8835144042969,276.044017004436,272.7464077726447,272.90559159651906,7563710
2012-08-13,276.294189453125,277.2266113878768,272.90560596017406,272.90560596017406,4210852
2012-08-14,276.6125793457031,276.99918450852226,274.3838391703876,276.1122357546153,5612784
2012-08-16,272.9283142089844,276.6125561638212,271.9276548720636,276.5443186648573,4071648
2012-08-17,270.6768798828125,273.92901629498226,269.1759045238862,272.2688293340909,3843078
2012-08-21,271.2681884765625,272.2233470106386,267.5384729067611,270.6313976129155,4170420
2012-08-22,271.49560546875,273.1102914225742,268.9712063979809,270.3584987743113,4790430
2012-08-23,271.85955810546875,274.9752203068963,270.74518764812666,272.6327964490165,4712524
2012-08-24,271.2227478027344,273.0876198826093,269.8354828573911,269.94919355391767,3354188
2012-08-27,270.33575439453125,272.40531094035344,269.28962171067366,270.63141326147615,2023362
2012-08-28,268.0614929199219,270.4266801484999,266.765202528814,269.6762064657393,4447982
2012-08-29,267.6976623535156,270.99527188935286,266.6515297082187,268.0160577920134,3364814
2012-08-30,271.040771484375,273.8153008032386,266.5378177254117,266.5378177254117,11358202
2012-08-31,270.7906188964844,272.90564877908156,268.01608923845635,268.5164051566587,6253370
2012-09-03,268.5619201660156,271.9050034342408,267.44754982280733,271.79129274128894,3718908
2012-09-04,268.4026794433594,269.4260755689869,267.0836522049441,268.6073642207642,2886294
2012-09-05,269.3123474121094,271.08624501931047,267.1518446204286,267.4475034754271,6079236
2012-09-06,267.5157775878906,269.9491752237644,266.5833277305683,268.402698751453,2548726
2012-09-07,268.5391845703125,270.63145022378524,266.4014179826514,270.29031814367124,5602574
2012-09-10,268.8802795410156,271.54109829411317,268.06154045262014,269.0394633852059,3017446
2012-09-11,270.35858154296875,271.5411617626673,265.3325462057438,267.78870852222843,3155772
2012-09-12,272.5417175292969,272.90558609180755,270.1310570710976,270.74508353524743,3195508
2012-09-13,272.5417175292969,273.5878500570371,269.97184548904227,273.3604287352939,1699880
2012-09-14,278.7048645019531,279.61454990220426,273.33772619275027,275.9075707916227,12885610
2012-09-17,276.6807861328125,281.97971425714826,275.40723222969365,281.5476081753598,10543424
2012-09-18,275.3845520019531,278.3637664996286,274.65678693596453,276.68084275119094,5019588
2012-09-20,276.04400634765625,277.45400741191435,273.3604236960009,273.8152663311024,5245664
2012-09-21,284.3449401855469,286.09607356944986,275.2253213547006,276.8627718189314,11801424
2012-09-24,288.8251037597656,289.6893159621872,283.2760174738346,284.5040982704463,8787440
2012-09-25,289.6893310546875,290.5990164682536,284.79977195676963,287.9154333936753,5843072
2012-09-26,286.89202880859375,289.55284745993,283.890078137271,288.7568727466283,5365254
2012-09-27,286.914794921875,289.734825462962,284.36768668170475,287.9154545024411,7930872
2012-09-28,286.16424560546875,288.5066684426816,284.77695340473633,287.41506281102784,5503844
2012-10-01,283.298828125,287.4606508679173,282.00253724384294,286.0961224618987,4027392
2012-10-03,281.75238037109375,285.09546387452133,281.0701161653819,283.8219095761395,5516114
2012-10-04,287.1422424316406,288.3248503204754,282.66205213806734,282.68478872486406,6326032
2012-10-05,283.0941467285156,290.48534162551,229.71833184630464,290.18968272507055,7473512
2012-10-08,282.32086181640625,283.7763639693702,280.43325355783503,283.7763639693702,4645336
2012-10-09,284.6178283691406,286.7783312612755,282.9121681911394,284.2539597501129,2155384
2012-10-10,281.0700378417969,283.821830485734,280.27406315694105,283.821830485734,2147508
2012-10-11,284.20849609375,285.5502878286898,281.2975189983786,282.5256000398727,4906466
2012-10-12,287.073974609375,288.8251078595562,284.73152365367275,286.55089441184316,7753204
2012-10-15,288.4384765625,288.7796085487705,283.18502176482014,287.64250192786875,3786034
2012-10-16,286.7328186035156,289.05250502155496,285.68665829597603,288.9387943586826,3636918
2012-10-17,285.68670654296875,287.68802565206363,284.9589692822417,287.4606042879118,3216886
2012-10-18,289.37091064453125,290.14414873163673,284.0265093008752,286.5508805534724,2809230
2012-10-19,285.8686218261719,288.82509921976,285.1863578122669,287.46057119195007,4527700
2012-10-22,290.6445007324219,291.09934345657274,284.36767669141886,284.36767669141886,4120702
2012-10-23,288.415771484375,290.87193339476954,287.68803420201994,290.6672486086704,4166480
2012-10-25,289.89398193359375,291.5541688828043,286.0960565168235,287.75624346603405,8505670
2012-10-29,291.37225341796875,292.236465744184,289.0753030916365,290.1214358603088,2756164
2012-10-30,288.2110900878906,293.2825695735045,286.82379763352975,289.7575386224734,4417452
2012-10-31,288.46124267578125,289.23448080943825,286.573634387271,288.41574174945146,3746484
2012-11-01,285.91412353515625,289.1435235135691,285.4138076462314,287.8017319333115,3529230
2012-11-02,286.68731689453125,290.18961085366425,285.64118435125573,290.18961085366425,2716386
2012-11-05,288.8251037597656,289.2799464428519,286.8920223566491,287.4605757105069,2011064
2012-11-06,290.8946533203125,291.64515490589633,288.3475452165424,288.3475452165424,3639042
2012-11-07,291.1220703125,293.37354727409195,289.68933243613844,290.98562305209356,4100330
2012-11-08,290.6445007324219,291.55418618072366,289.0525511978937,289.5073939220446,1933900
2012-11-09,290.8037109375,292.4638981356759,288.8251560126815,290.303395000148,2210388
2012-11-12,296.23907470703125,297.3761815712233,289.8485396825516,289.8485396825516,4828728
2012-11-15,293.9420471191406,294.4651272437155,290.644438079893,294.28317908871793,4721170
2012-11-16,292.12274169921875,295.01098191391264,291.16758307615066,292.46387374479974,6051412
2012-11-19,294.1694641113281,294.69254422821984,290.84911854182394,290.9855657753725,2893974
2012-11-20,297.3988952636719,298.33134502965163,294.85178718850693,295.2383923880137,4676694
2012-11-21,301.8791198730469,302.69783121963354,295.51132177075556,297.99022015571256,6464892
2012-11-22,304.3352355957031,305.2676853279629,302.0155489597569,303.2891029512842,4220482
2012-11-23,304.6308898925781,305.9271804471377,299.76406758501656,304.5171792207257,2624856
2012-11-26,301.0603942871094,306.42753259576716,300.2416552178503,306.1091371534326,2740768
2012-11-27,309.5204772949219,311.0214527493629,302.4249418222569,302.4249418222569,8251336
2012-11-29,318.32171630859375,320.0956142987886,307.20083227315973,308.15599103009487,12599726
2012-11-30,320.1865539550781,320.89155465327707,313.6595439470353,318.8447623131782,7819646
2012-12-03,312.4541931152344,318.91296489998143,311.1124016202948,318.3898846991321,5818170
2012-12-04,311.6355285644531,313.8415048490499,309.7706565889455,311.1579214566506,4339744
2012-12-05,315.0240783691406,316.1157120765543,312.47697006704,313.38665556941856,4609930
2012-12-06,316.001953125,317.70761318145014,309.65689216272654,316.4795323885272,5452276
2012-12-07,315.2514343261719,317.48017444906765,312.9317478810294,316.22935714285717,3968316
2012-12-10,315.2059631347656,316.7979124435271,313.68225132950823,313.84143515582724,4162052
2012-12-11,314.2281188964844,317.9350986042266,312.1585898298098,316.22943820398933,6750276
2012-12-12,315.5926208496094,316.57054383526867,313.15922331980244,314.41004084214006,3868252
2012-12-13,314.3190612792969,316.570538332649,313.3866392402229,315.59261536398793,3141616
2012-12-14,313.27288818359375,315.8427603672615,311.72641200488147,313.8641781008449,4186946
2012-12-17,307.7010803222656,312.8862981018772,306.3820254144046,312.8862981018772,6115106
2012-12-18,307.4508972167969,310.2936638014603,304.6308672125323,308.3605825238892,6687536
2012-12-19,312.9317626953125,313.5003160432328,306.79138653777363,306.81412311941165,8244506
2012-12-20,310.83953857421875,312.4769613281478,309.4067728434826,312.0221185896789,5130374
2012-12-21,307.47369384765625,310.2027503019254,306.5867449477392,309.74790755954723,5543122
2012-12-24,307.5191345214844,309.3612696425741,305.56331648821094,309.2930321338689,2741126
2012-12-26,309.42950439453125,311.4990332686196,306.154631178549,308.4288448338982,2861608
2012-12-27,309.3385314941406,311.11242925674236,307.7920828593519,311.11242925674236,4929084
2012-12-28,308.2241516113281,310.65754883217636,306.63220223956733,309.79333664009147,3512132
2012-12-31,308.65625,309.2930408946355,306.5639846514475,307.9285127730415,2553644
2013-01-01,311.33984375,311.61273827911555,309.13386764902543,310.2482101107445,2014606
2013-01-02,312.6361389160156,313.84148325335906,310.6803207320784,313.79601008498264,4854798
2013-01-03,310.81683349609375,313.8415493882372,309.4750693708751,313.8415493882372,4571366
2013-01-04,308.9973449707031,311.5672170627116,306.01813114814837,311.5672170627116,5442254
2013-01-07,303.9259338378906,310.9759965263476,302.92527422660413,310.9759965263476,5502284
2013-01-08,304.85833740234375,306.2911030952164,302.7888085492809,303.8349412678338,4942598
2013-01-09,303.60748291015625,305.9044328465611,302.9479554848892,305.6542749297753,6435982
2013-01-10,307.3826904296875,308.38334991975927,303.15265888129727,304.5171869782874,4565184
2013-01-11,304.42620849609375,307.8830296154551,303.24362860031437,307.8830296154551,5141714
2013-01-14,304.42620849609375,304.9720252792976,303.4255490204524,303.90315605662755,5694874
2013-01-15,303.971435546875,307.22357264853105,302.47045986972654,305.10854253886646,4131688
2013-01-16,300.4236755371094,304.38081353022676,299.10462028560295,302.72062617175163,4575378
2013-01-17,303.28912353515625,305.13123101947576,297.489878790308,299.15006584143117,6422072
2013-01-18,301.4924621582031,306.563969192277,298.05840544430737,304.74459845523086,10112346
2013-01-21,299.53662109375,301.7426245993185,297.8082245789798,300.1961484874023,5427360
2013-01-22,297.3533935546875,300.6510028904756,294.53336346697625,299.51389622296244,4243064
2013-01-23,298.6497497558594,301.5607545696891,297.62635352994414,298.8316979672485,3539870
2013-01-24,300.3326416015625,301.4470118146428,298.0356914244356,298.19487527142,3073980
2013-01-25,302.4931945800781,303.38014358060747,298.17218803732584,300.33269130870195,2794866
2013-01-28,304.90374755859375,305.6542490066934,302.2201926839709,302.584061237653,3684010
2013-01-29,296.76214599609375,305.153999952371,295.6477757506005,305.0857624380235,5980874
2013-01-30,298.6725158691406,299.4684907162251,292.9187437270845,297.0123286549475,5019816
2013-01-31,292.486572265625,299.24100254596755,291.14478084201005,298.6496848681284,6944192
2013-02-01,291.1675720214844,293.30531055017843,289.37093776402384,293.282573966949,5242072
2013-02-04,294.2377624511719,295.42034240164696,291.09933662363983,291.62241684869383,5237900
2013-02-05,292.9869689941406,294.3742338316199,289.43917332924497,289.43917332924497,3730010
2013-02-06,290.87188720703125,294.23773406660354,289.8257546192377,294.1012590566098,4936794
2013-02-07,291.7816162109375,292.46388031743226,288.6204536318988,289.41642842280936,4541418
2013-02-08,295.67047119140625,297.1942107881566,291.32672925825733,291.32672925825733,9413328
2013-02-11,298.80889892578125,300.1734269417954,295.6477368030697,295.6477368030697,7583530
2013-02-12,302.5613708496094,303.38008216073257,298.2176285988375,298.2176285988375,7916418
2013-02-13,302.1065368652344,303.5620391055616,299.9687705523847,301.69716731716244,7254416
2013-02-14,306.92779541015625,308.5652455042531,301.10581540772307,302.01550065064674,8842076
2013-02-15,307.8147888183594,309.65689615077105,303.925889391847,305.5178387983697,6244390
2013-02-18,307.47369384765625,309.70243438986853,306.56400836289987,308.38337933241263,4734582
2013-02-19,306.92779541015625,308.1104028827913,305.44955689040535,306.79134817599584,1187406
2013-02-20,307.9057922363281,309.65692564574164,306.97337019025866,308.1559501860448,3430842
2013-02-21,303.0389404296875,308.1331840799964,302.03828096529554,307.01881394377347,5435936
2013-02-22,299.8777770996094,303.1071768245916,299.0818023997143,301.1968319925646,3854192
2013-02-25,298.58148193359375,302.561355371535,297.51258498199604,301.6744065959436,3776472
2013-02-26,296.21630859375,301.56071032269676,293.55548990134315,297.83099462766336,5871320
2013-02-27,292.35015869140625,297.4671392986071,291.50871076278077,296.69390112123966,6435668
2013-02-28,284.4359436035156,297.89930760082086,281.70688671017837,294.26056507637117,13943502
2013-03-01,283.13958740234375,286.3689595436595,280.3195570438083,284.27669417906003,8610364
2013-03-04,285.4820556640625,286.6873722631511,281.09281213697625,282.16168146691865,5984900
2013-03-05,287.8927001953125,288.68867494154097,283.4352471687123,286.9602781877241,5278790
2013-03-06,286.7783203125,289.80303535056817,286.09605626734736,288.8023758653986,5466658
2013-03-07,291.9179992675781,292.44107940538936,285.2545712833863,285.80036023940846,2975492
2013-03-08,298.96807861328125,300.1961593629538,292.6457822168671,293.00965079714956,5298430
2013-03-11,298.0356750488281,300.059730588085,295.7614615803136,298.9680970186401,4252292
2013-03-12,292.9187316894531,298.24039742925856,291.1448338557185,297.0123164490883,3447862
2013-03-13,288.7796630859375,293.78293316279235,287.5515821511573,291.5769292447952,3956686
2013-03-14,295.30657958984375,297.2396607808439,279.88740322060386,288.77959890831744,15957218
2013-03-15,290.826416015625,295.6022640787564,288.2792803917854,293.37352387807096,7719804
2013-03-18,292.6002502441406,297.46707180298125,286.5508489845232,287.91537683683043,8780962
2013-03-19,287.2559509277344,292.8277749588961,283.82189350570656,292.46390628873286,10014230
2013-03-20,284.5041198730469,288.12012503042723,282.4573276437444,287.46059753759494,5668218
2013-03-21,276.0895080566406,286.00507297492976,274.61126933969814,283.20780713662896,7226294
2013-03-22,275.2935791015625,279.5463477815542,274.08823468908207,276.99923944296,14762950
2013-03-25,277.1811828613281,278.9777895141052,276.33970711727216,277.908920156524,13599488
2013-03-26,279.5008544921875,280.86538266708834,274.06547837655313,275.63469132996846,6637202
2013-03-28,284.4359436035156,287.0740541428635,276.06685245412274,280.41059579040405,9748046
2013-04-01,283.7536315917969,286.09608280196824,282.4573408903375,284.11752799207807,3354386
2013-04-02,286.5054016113281,288.50669265131705,281.04728971089753,284.2766614807619,3428710
2013-04-03,283.66265869140625,287.30140026231106,281.77505039694137,285.64121331602774,3351808
2013-04-04,280.2513122558594,283.54892149605564,279.0232315382664,281.45662863164733,4090992
2013-04-05,282.4345703125,284.91346849372354,279.0005135989931,279.7055142072398,6479960
2013-04-08,284.0265197753906,286.0733118548269,280.9790682381732,281.52488501163515,4326064
2013-04-09,282.2754211425781,285.68674202858125,280.81994644033716,285.68674202858125,7380204
2013-04-10,287.4606018066406,288.21110340642235,281.52490980579233,285.09541408759776,7572252
2013-04-11,290.7582092285156,292.00902671053115,287.4151263356873,287.68802086356845,12533034
2013-04-12,292.7822265625,293.76012162723015,289.3254056805941,289.3254056805941,7603040
2013-04-15,291.8043212890625,292.66853350187154,288.8251072313176,292.0544792154879,7961884
2013-04-16,301.7198791503906,302.85698584465064,292.16818291860665,292.4638417636718,6870156
2013-04-17,300.24163818359375,305.5860396063112,298.7406629107689,302.470378392093,7478474
2013-04-18,306.3820495605469,307.2007886776174,297.4671432229499,297.4671432229499,4611892
2013-04-22,317.6166687011719,319.2995923326976,306.8823915164832,306.8823915164832,9930076
2013-04-23,313.3866271972656,318.3898970073816,308.7472260028789,317.8440802030898,11931780
2013-04-25,313.6368103027344,316.11570882348593,309.3158042109025,314.91036444067885,12947562
2013-04-26,313.4320983886719,314.8648640207351,310.6575689796491,312.772598672429,4284372
2013-04-29,316.18389892578125,316.95710926977847,312.2494986539165,313.04547334094394,5837716
2013-04-30,310.3391418457031,316.5477552688627,307.837507211834,315.66080652821233,6276136
2013-05-02,314.9786071777344,315.66087130880527,310.3392055341725,311.2943919745109,6151634
2013-05-03,309.72509765625,315.6607884869027,308.67896514870137,315.0239976937559,6143292
2013-05-06,307.24627685546875,308.97467374886014,304.721905151571,308.83822647648157,3836730
2013-05-07,312.9544982910156,313.795973900123,305.88170021744855,307.61009683740224,5549232
2013-05-08,317.0935974121094,318.1624666458182,312.2495115830653,313.3866183259024,4326978
2013-05-09,313.8641662597656,318.16243487069755,313.0227184586602,317.95775012514986,2261680
2013-05-10,319.91357421875,320.61860255177294,313.22740931724707,313.2501458979978,6956628
2013-05-13,315.0923156738281,323.5978806676099,314.2053667573276,320.6641393721383,4796986
2013-05-14,313.409423828125,316.07027084832885,311.61278922707817,313.86426662528106,3326838
2013-05-15,325.1443176269531,325.66739787614557,314.4555133670517,315.433436350708,7086740
2013-05-16,328.7603759765625,329.3061928982876,323.39323639597023,323.84807920384077,5830308
2013-05-17,326.9864501953125,328.62387292122617,322.57447015537093,328.62387292122617,6409926
2013-05-20,324.98516845703125,329.3061748955782,323.91629902152977,327.25938237205594,2920804
2013-05-21,321.9376220703125,326.5770226519077,320.6868047829967,324.7576520521757,4603250
2013-05-22,319.9591369628906,323.848036910022,317.4802384314542,321.80124454191093,2706056
2013-05-23,317.7530517578125,321.32358307750087,315.79723399158485,317.93499991525323,3952624
2013-05-24,319.0039367675781,321.0052558790342,315.7973010815335,321.0052558790342,4132120
2013-05-27,325.23529052734375,326.1222394085586,317.7531220207117,317.7531220207117,4497604
2013-05-28,324.43927001953125,327.85059003465614,321.4827926730897,324.87137610705906,3353958
2013-05-29,325.6446533203125,326.78176012863725,320.1410397111828,322.96107014810747,2466746
2013-05-30,329.82916259765625,330.80705764972254,322.9837584262294,322.9837584262294,7678728
2013-05-31,318.6173095703125,327.80513761127145,317.3437555697052,326.2359247527575,6166448
2013-06-03,313.4548645019531,319.02668769591395,312.2722567998668,317.4802113783379,3945062
2013-06-04,310.6802673339844,315.5698258341342,309.74784545135054,312.6133486014854,2808162
2013-06-05,312.9090881347656,315.84282954380404,308.6108184202581,310.20276810997206,3781838
2013-06-06,310.2936706542969,313.56854338443316,308.3833259149346,310.884960564687,3558206
2013-06-07,307.5419616699219,315.38799974912394,306.2001698954014,310.08907017368233,4778112
2013-06-10,307.6328430175781,312.4769287822983,305.42686707032505,309.7706092180038,3184006
2013-06-11,302.4249572753906,309.7024413161987,301.19687629122456,306.3138572574178,5910430
2013-06-12,301.9928283691406,306.29109760937735,299.49119341847756,301.10587951617174,4907826
2013-06-13,300.4562683105469,303.1622664550359,299.6536450635025,301.60287294918163,3574868
2013-06-14,305.0198669433594,306.57926099405796,302.38267535307807,303.62101439412845,7482606
2013-06-17,306.0746765136719,306.9231808682911,301.48825727772396,305.27205314738103,6535454
2013-06-18,301.5342102050781,306.3728780547401,300.4105316255311,306.3728780547401,6223284
2013-06-19,305.0886535644531,305.7307355465219,299.42440826220184,300.91499471122296,4823478
2013-06-20,291.97149658203125,302.1762814517932,291.0542125487942,302.1762814517932,7569022
2013-06-21,291.3523254394531,294.70040638264254,288.99030798316494,292.06321492844836,8949922
2013-06-24,286.8117980957031,290.71025556590484,286.0779820045104,289.7700449511612,5384026
2013-06-25,290.77899169921875,296.4661629865481,285.45875636071014,287.1098561572728,9343216
2013-06-26,285.6651611328125,292.453085189938,284.35804261809227,289.63242566665366,5238010
2013-06-27,296.5119934082031,299.3555788353679,285.4357801369418,290.77896956040337,13501780
2013-06-28,307.0608215332031,308.7578025458602,297.7045134587006,297.88798145752867,10541340
2013-07-01,306.7168273925781,309.12469781323017,304.8364064518592,306.83148788879964,4919342
2013-07-02,301.1214294433594,306.71686799839915,300.08948484074796,306.6939414947767,4591576
2013-07-03,298.4154052734375,300.27289963022264,295.1819570304484,299.9518446565512,6693130
2013-07-04,300.4793395996094,301.53421067854504,296.1451667821443,299.8601560580925,4795530
2013-07-05,306.2582702636719,308.5514808234897,302.0158307280089,302.7496469098334,4771748
2013-07-08,302.91009521484375,306.1205890104578,299.37854644101145,304.538268612534,3584648
2013-07-09,307.427734375,309.0100549116092,303.7127452832104,303.7127452832104,3520096
2013-07-10,302.3826599121094,308.1615658108195,300.93795443239605,307.4047953262418,3569290
2013-07-11,313.3670654296875,314.9493855189871,305.47841947187965,305.9141348578142,5299784
2013-07-12,319.1001892089844,319.99454675727543,312.70212735525627,315.08707148626985,7817426
2013-07-15,318.9626159667969,320.1550740871277,313.7111589500426,316.9216532667828,4255944
2013-07-16,311.2803649902344,313.94048328206003,307.26724705200496,311.4179520066016,5823692
2013-07-17,304.0337219238281,312.24339500869405,297.1540935320681,310.86746933034203,11316994
2013-07-18,313.7569580078125,315.7749938572275,301.30484541638464,307.24426447974895,6831940
2013-07-19,311.87652587890625,317.3573027779348,308.7348397199393,315.5685879763161,6229210
2013-07-22,312.8167724609375,315.0870559738166,310.04199394221257,310.04199394221257,3230216
2013-07-23,313.5276794433594,316.462999622682,312.35814786949834,315.499862560276,3707392
2013-07-24,302.68084716796875,310.04204697454946,299.72260014477524,309.1247628119029,7314374
2013-07-25,299.8830261230469,305.4555369815092,298.1860733122204,303.00181376012705,8133628
2013-07-26,295.4112854003906,300.9837966033901,292.61358054546724,300.86913610944595,4678246
2013-07-29,290.0910339355469,294.9067744198524,288.78391557283436,294.9067744198524,7461112
2013-07-30,286.8117980957031,291.2377051268362,284.4039273052844,289.28847639173534,7345542
2013-07-31,279.656982421875,285.18361337620394,278.34986381205243,284.8167053447878,13412260
2013-08-01,289.953369140625,292.52175217905506,280.87226654862684,281.560229290343,11723304
2013-08-02,289.5177307128906,291.14590403547083,287.499694937143,288.9444282758354,10007924
2013-08-05,290.18280029296875,291.4440657985944,282.0648312581027,289.6553507933017,6799186
2013-08-06,279.1524658203125,289.56361687502556,278.16637431832464,289.4031033715793,9822590
2013-08-07,275.7355651855469,281.7666904530615,275.18518920847293,279.74868252817043,11378228
2013-08-08,280.0009460449219,283.211440102767,275.1852049581542,277.0197729912085,10230724
2013-08-12,276.1942443847656,280.1385547642693,274.5660707278759,279.7945732314071,7850434
2013-08-13,284.5873107910156,286.5594654444164,274.33667509682255,276.95091164097084,7351196
2013-08-14,284.9771728515625,286.03207176234383,279.15244230916426,285.2753013251805,7151854
2013-08-16,269.6356506347656,285.2753320804464,268.2597245957924,281.6061959765178,14029784
2013-08-19,268.16796875,269.9566556589894,261.56351310360225,269.222839695294,10009220
2013-08-20,268.1908874511719,270.55290475429734,259.820671639314,263.69620181935153,12863492
2013-08-21,272.1352233886719,284.0599155589519,270.5987838640466,277.9370559688343,14454298
2013-08-22,270.0025634765625,276.8821937944979,261.4259520815455,270.1401504842637,15125346
2013-08-23,278.64794921875,279.38179323504613,269.81909047422675,271.51607151988344,10349222
2013-08-26,280.3677978515625,285.64217988931404,276.3546810837081,280.84936626504884,7303804
2013-08-27,257.7109375,275.1851855874919,254.75269115627754,273.94684665369124,27354186
2013-08-28,257.73382568359375,262.34317125826914,242.16292731532536,254.86731375988015,18533776
2013-08-29,262.36614990234375,267.15896439005866,260.50865540524177,260.50865540524177,20385502
2013-08-30,272.433349609375,275.18520162563135,261.7240700434254,261.88458354705915,18308458
2013-09-02,270.369384765625,277.1802053982874,267.1588916471189,274.2678406952396,9757858
2013-09-03,258.0090026855469,273.7633692007623,255.48647216281447,273.7633692007623,9070004
2013-09-04,258.69708251953125,264.56769606441094,256.4497529246216,260.256476926851,10470900
2013-09-05,279.5423278808594,285.68814251312745,267.8469556725544,267.8469556725544,16623124
2013-09-06,282.6152038574219,284.35803784556003,269.1081914611006,280.23025987683417,9498608
2013-09-10,292.6136169433594,293.9895430418391,283.6242442972736,284.6103078718779,10149418
2013-09-11,296.8559875488281,298.1172528493446,286.90345212427826,290.32034008251554,6345196
2013-09-12,290.75604248046875,296.2826718600063,287.84364957565987,294.67742518584214,8838268
2013-09-13,288.5775451660156,291.0083421098045,284.8166752564044,290.0681316307231,7751560
2013-09-16,294.8150329589844,297.6127655844523,288.48577979582467,292.384236279552,6069608
2013-09-17,294.5628356933594,295.82410124128734,290.59557104528926,292.6136071192889,4216044
2013-09-18,298.3465576171875,300.36459318577647,289.47184799990686,295.1819172921912,5494808
2013-09-19,313.3441467285156,316.4170530086265,310.1795064711979,311.8764870730454,14640452
2013-09-20,302.26800537109375,314.83480740456815,291.352331338342,313.0231659006981,12363076
2013-09-23,294.42523193359375,299.1950918474648,290.36623351434304,298.5759363564822,6992620
2013-09-24,292.8199768066406,295.52594768414,288.9215199889292,290.3432989251335,9087594
2013-09-25,284.6332702636719,294.31063517248424,281.23933558879395,292.61365383839944,10490460
2013-09-26,284.8854675292969,287.10986986045486,283.44073414338834,284.97717352759634,11291220
2013-09-27,279.2671203613281,286.1926032490469,277.4784053937073,285.2753192642743,8204346
2013-09-30,271.9976501464844,281.07875673694036,269.5439264846199,277.9370700304461,8531214
2013-10-01,280.52838134765625,281.78964680651904,270.30064268661323,274.63481504390796,6498554
2013-10-03,291.7879943847656,293.0721861589498,279.7715705116736,282.2023670830368,4886456
2013-10-04,293.73724365234375,296.9248108162641,291.2376394161782,291.46696039209644,6814188
2013-10-07,290.9166259765625,292.6824145391509,283.5554271975086,291.9256440132863,4961000
2013-10-08,290.15985107421875,300.2040933366601,287.0181368102063,298.34659897245996,5884074
2013-10-09,297.72747802734375,298.5301015611226,285.7339780252761,286.7429960663984,4334380
2013-10-10,294.01239013671875,297.6585989115643,290.48084183911186,297.6585989115643,4172642
2013-10-11,303.2999572753906,304.4236358047019,293.2327595020994,296.87896910022556,6695132
2013-10-14,306.1435546875,306.9691047419323,297.4981636288461,301.5800608953733,6187860
2013-10-15,299.240966796875,309.5833378937806,296.5578944058245,308.66605392965084,8071662
2013-10-17,300.0435485839844,302.6807396145035,294.7003590378809,299.49317268330674,7275794
2013-10-18,310.3171081542969,311.67010740073204,300.52511447700556,300.52511447700556,10640592
2013-10-21,307.8634338378906,311.32617524180495,303.8732429515022,309.12469930240337,5612712
2013-10-22,306.83148193359375,309.1017653133737,305.0886480235098,307.74876588556265,4379048
2013-10-23,302.7954406738281,306.8314844975606,299.8601208056855,306.8314844975606,6772478
2013-10-24,306.9690856933594,309.9273321986855,300.9608866771292,300.9608866771292,6160964
2013-10-25,308.459716796875,309.5604689558286,304.1484981597691,305.11163530388575,4473436
2013-10-28,306.32696533203125,309.58331193432366,305.18036047301524,308.66602804711084,4191044
2013-10-29,314.8577575683594,316.004362657829,300.66278096206776,306.37287990628414,7611458
2013-10-30,311.5783996582031,315.31634277348576,309.9272998242662,314.62837984379814,5094336
2013-10-31,312.2434387207031,314.19266703791413,308.84950503494105,310.1336969158587,9097778
2013-11-01,313.6194152832031,315.545717412577,311.0510311062299,312.61039721607506,7821222
2013-11-05,310.15667724609375,314.1697950662835,308.6660906271661,312.0829793984425,7129236
2013-11-06,306.78558349609375,311.50958955041637,305.1115293343765,311.3720025766556,2305326
2013-11-07,305.1803894042969,310.7299462507226,301.2819325140664,307.29013134757804,3894570
2013-11-08,299.2638854980469,306.21232254255665,295.6635572299818,304.2630941695808,6740380
2013-11-11,300.0665283203125,303.02477481719825,282.8445268292827,295.3654478231276,5608152
2013-11-12,296.25982666015625,304.10259422304165,295.06734057900667,299.2868528790588,4490160
2013-11-13,290.64141845703125,296.9477454679239,288.1876671513681,293.0722152698458,5280542
2013-11-14,294.53985595703125,298.0714044516072,292.6135542333279,292.6135542333279,6313430
2013-11-18,306.73974609375,307.2901220602761,297.68156712257024,298.75939255561804,7436960
2013-11-19,302.72662353515625,306.5563007405916,301.53416562293586,306.5563007405916,3394518
2013-11-20,297.910888671875,302.2450609256878,296.4661832494604,301.1901899839364,4185048
2013-11-21,292.4530944824219,296.0992761372182,291.30648943543247,295.61770761614014,6393828
2013-11-22,294.5169982910156,296.69554798920933,291.28354950222354,294.6775118083039,3746192
2013-11-25,302.58905029296875,303.5063342650581,297.2229334575891,297.2229334575891,8075270
2013-11-26,299.4702453613281,302.6578122837466,297.3834302372335,301.6487944674966,7239258
2013-11-27,299.7454528808594,302.1303967154484,295.4112806803642,298.6217744595037,4296506
2013-11-28,299.67669677734375,304.0796488208744,297.22294525860923,300.685686792075,7386866
2013-11-29,303.2999572753906,306.7856533664524,300.4105181952237,300.4105181952237,4785540
2013-12-02,303.2999572753906,304.99693832034166,301.8093707347273,303.62101228280625,3429306
2013-12-03,300.75445556640625,303.7127017116176,299.3326767335923,302.70368383351604,5144140
2013-12-04,301.6029968261719,302.4973544103007,299.6996491402451,300.3646857024583,5238304
2013-12-05,315.591552734375,316.4171307387659,308.0010331432787,308.0010331432787,16009996
2013-12-06,313.1148681640625,316.2794808564494,311.073905866393,314.12388606335475,8034616
2013-12-09,319.5129699707031,329.0297917528718,317.63252091897715,325.63582965492816,12632814
2013-12-10,319.53582763671875,321.89781670194725,316.46292120893236,317.5407185113895,12532440
2013-12-11,319.0083923339844,321.87490442812424,315.04115639166406,316.5087881892379,6144888
2013-12-12,318.847900390625,321.30162371163277,316.69227755157374,317.93061645854226,6433848
2013-12-13,316.4400329589844,321.96666310160145,314.169749607688,315.4539415256757,12658040
2013-12-16,313.87164306640625,316.87577057600186,312.42693755518036,315.54569757206093,10716122
2013-12-17,301.6029968261719,309.88150811195857,299.9748231692284,309.88150811195857,8971322
2013-12-18,305.5702209472656,312.1746766948845,297.91089423818556,298.34660972036966,7043658
2013-12-19,299.28680419921875,313.6881728827835,298.30074078514303,311.41788959123045,5009758
2013-12-20,304.81341552734375,306.64798324762455,298.1631075413258,301.69465600152273,2861234
2013-12-23,304.7446594238281,307.97807968034095,301.32777118389276,301.78641314916507,2765616
2013-12-24,301.4653625488281,305.68487428921156,300.43341811199286,305.2491588172242,1777348
2013-12-26,306.85443115234375,308.29916468097247,301.2819475275331,302.6349190622295,4023380
2013-12-27,307.1296081542969,309.7897259967667,304.5841228116946,304.5841228116946,2732006
2013-12-30,307.0608215332031,310.5006365615811,305.06574001405846,310.40890256216704,2113802
2013-12-31,305.38671875,308.3449648054562,302.7495276451009,308.25323082054246,2630656
2014-01-01,305.06573486328125,307.19840334889545,304.079643374481,306.37285335468073,2246218
2014-01-02,301.3278503417969,309.4687473639687,299.74552954727983,304.99698702784616,3614496
2014-01-03,304.12548828125,305.45556123167495,298.1172894903735,299.03457345803616,3256592
2014-01-06,303.4833984375,304.0796274023772,301.32777557068147,304.0796274023772,2981710
2014-01-07,304.7217712402344,307.72587089184947,299.6308279896014,305.9600823075488,3948460
2014-01-08,304.8593444824219,305.8912889874444,302.7037214732731,305.08866548353797,2324740
2014-01-09,304.05670166015625,305.4784805794284,301.37362932159596,304.1713621534293,1888736
2014-01-10,303.6438903808594,309.4457221115775,301.00669922931155,304.056679323632,3075254
2014-01-13,308.5972595214844,310.47770852366415,301.2819419919626,302.7495740021789,2376290
2014-01-14,308.3450012207031,310.0419821655325,306.5104332788952,306.8544147679842,1788560
2014-01-15,312.1287841796875,313.1148756033231,307.1066490562744,308.666042937074,2313920
2014-01-16,308.6889953613281,314.16977291076444,307.4506563511978,313.8945989055294,2250588
2014-01-17,304.9969482421875,309.5833685165061,302.26802258031034,309.5833685165061,21687428
2014-01-20,307.31304931640625,310.3630296431659,305.6390229059894,306.4186918677615,2800184
2014-01-21,310.0877990722656,311.32613788749927,307.290094483978,308.64309378222805,3125962
2014-01-22,310.54644775390625,314.0321433093342,309.422797390549,309.8126318439649,3516668
2014-01-23,311.6472473144531,312.3810633367162,308.5514137318592,309.58335825939054,2741370
2014-01-24,308.8494873046875,309.56037669855624,304.4006549786157,307.29009354312603,4421450
2014-01-27,297.75042724609375,304.9511130971619,296.09929905466294,304.9511130971619,8530224
2014-01-28,295.5718688964844,300.86917887093534,292.88879616088474,297.200042543241,9197712
2014-01-29,296.03045654296875,298.53006080557543,293.78309975788386,296.9706669555226,5485462
2014-01-30,289.77001953125,293.4850366494005,287.8666719646247,292.3842846158847,5712730
2014-01-31,288.2564697265625,291.8338713894288,286.6970758767904,288.9444326614708,4810492
2014-02-03,287.3392028808594,290.77901775972043,286.69709290615793,288.9215233237925,2388410
2014-02-04,289.2196350097656,291.4669920149055,282.890380986384,285.1148114901013,3704652
2014-02-05,292.3612976074219,293.4390949224956,286.6970530974234,289.40305162370555,3452692
2014-02-06,296.7413635253906,297.93382148598386,288.71512880870694,292.957567158954,6733472
2014-02-07,297.0852966308594,300.1811295174025,294.4939586470333,299.217992705568,2014734
2014-02-10,295.319580078125,298.18609243331224,291.69629726385443,297.0394874912373,3140410
2014-02-11,295.7322998046875,296.81012509584497,293.2097692840324,296.2826756987593,2232428
2014-02-12,296.03045654296875,299.40146372731266,295.20490661958695,296.55787799718996,3218480
2014-02-13,290.0910339355469,297.1999841742836,289.51773149693906,296.2827002725111,1577600
2014-02-14,294.3564147949219,295.2966252476935,288.64631659124774,290.7790129783873,2124556
2014-02-17,298.3007507324219,299.034566692636,294.0353579846631,294.4481469580864,1825060
2014-02-18,302.8871765136719,304.7217444441162,296.92483073972784,297.42932572328596,2509836
2014-02-19,307.31304931640625,308.3220672586392,300.4104932010542,300.96086916893444,2030474
2014-02-20,303.9649658203125,306.12058867940766,303.09353487941735,305.363818231089,1724218
2014-02-21,304.7217712402344,307.10668736490476,302.5661481337477,302.6349276412165,1521936
2014-02-24,307.7488098144531,308.6660938973576,300.75451868230647,303.6668844482127,2509492
2014-02-25,307.7945861816406,310.0419428224891,305.4555235499671,309.1246589679847,2010280
2014-02-26,310.68408203125,311.50963197953894,306.6250837961292,307.290120252048,2275670
2014-02-28,307.1066589355469,313.2066196706274,305.0657245170159,312.7938306908768,2451792
2014-03-03,305.5472717285156,308.20738943149996,304.1713458828393,305.0886297799569,1839216
2014-03-04,308.06982421875,309.05588768187266,304.6529358618383,305.4555593285424,3221934
2014-03-05,307.17547607421875,309.58334654736495,303.8503216113026,308.8953835550374,2003492
2014-03-06,309.85845947265625,310.8216242680426,306.4186451890198,308.6660017183077,2474340
2014-03-07,326.3008728027344,327.8831933804545,310.1337414949212,311.6931075768654,11383784
2014-03-10,336.849609375,337.97328782987876,321.0493874919193,324.0305603757728,13061926
2014-03-11,332.584228515625,339.39505042480937,330.01581674346704,336.872519644625,6500236
2014-03-12,332.7677001953125,336.18458872163166,328.6169956603671,330.79554517800386,3555108
2014-03-13,340.47283935546875,343.7521404853641,333.6620176158805,333.6620176158805,5724226
2014-03-14,335.79473876953125,339.3492141348043,332.05679541389776,337.1018572226725,6104240
2014-03-18,336.6432800292969,341.59660879619247,334.02901462659656,337.2853901258515,4051362
2014-03-19,338.6842041015625,340.9086066935889,337.44586505316863,339.3950936314574,3027568
2014-03-20,334.900390625,338.6841870868835,333.89137263650724,338.6841870868835,2597542
2014-03-21,336.57440185546875,338.24845626003565,335.3590174187763,337.17065881706327,3762796
2014-03-24,344.2796325683594,345.31157708056196,336.64323198074584,336.8725529834575,5856930
2014-03-25,344.0503234863281,348.82018371202565,342.94957143785854,343.981515985816,4015546
2014-03-26,342.1698303222656,346.87091043511253,341.2754728972624,345.26566356731115,4704656
2014-03-27,342.49090576171875,348.91189361664215,340.31235631094114,343.9814922280403,12277466
2014-03-28,341.6653137207031,345.86187061332606,337.1247473849135,343.95852338660046,6080450
2014-03-31,343.43109130859375,345.35739312387767,340.81682655880013,343.0412568430183,4131214
2014-04-01,338.5236511230469,345.6096756660878,335.9781936057605,344.669465158856,4025916
2014-04-02,335.6800842285156,342.14692510080096,331.0936643209982,341.6653566091688,5199376
2014-04-03,334.25830078125,338.4778129917285,333.08876922119623,337.56052894568046,2779852
2014-04-04,332.7218322753906,336.184573649522,330.2451543690624,332.76768527639166,3711204
2014-04-07,332.6759033203125,335.7258832658737,331.64395900699526,332.5153898466645,5866578
2014-04-09,340.2435607910156,341.64244130327563,331.0248676721404,333.9143067099008,5260192
2014-04-10,339.119873046875,343.3623111346603,337.5604792010784,341.5277433129153,3747396
2014-04-11,338.5466003417969,341.59655281739725,336.5973718599652,336.66615136335247,2603976
2014-04-15,332.0338134765625,338.84463458394947,329.3507415302583,336.7807460067679,4185934
2014-04-16,332.95111083984375,335.63415490206825,330.72668070904496,331.689845546899,1786196
2014-04-17,329.6259765625,330.818434440609,324.3974471114121,328.5022981812339,6151164
2014-04-21,328.5940246582031,333.2033705726298,327.0117043610255,331.4605367932051,3493876
2014-04-22,333.68499755859375,334.6252081051804,329.02979783055264,331.09368692986897,5697912
2014-04-23,336.1845397949219,339.14278588699887,331.414652453179,332.46955130282294,10512672
2014-04-24,336.1845397949219,336.1845397949219,336.1845397949219,336.1845397949219,0
2014-04-25,333.15753173828125,338.47776728969467,332.51542179543173,336.25336497568696,3106222
2014-04-28,332.6071472167969,334.46464151272585,330.4744509553298,331.2541478677631,2441430
2014-04-29,328.2959289550781,333.66204580587083,326.7824159954405,333.15755081708676,3320618
2014-04-30,330.8184509277344,334.762788708215,326.3925726655051,328.3876540591933,4393460
2014-05-02,328.89215087890625,333.68496514259806,328.1812614124145,331.8274707323181,2957646
2014-05-05,328.7087097167969,331.6440015665022,327.4703707832453,330.1534151448698,2596162
2014-05-06,330.31396484375,332.33197279184765,327.51623192531963,330.31396484375,3092280
2014-05-07,328.2041931152344,333.4327229391039,326.3008456743454,329.5342660684266,3299312
2014-05-08,329.4425048828125,331.5981276320509,328.15831303005865,328.9150834398101,3760214
2014-05-09,347.1002502441406,348.567910201541,330.2222307172494,330.2222307172494,8188222
2014-05-12,363.3132019042969,364.5515126724682,346.0453227146624,346.32049666463814,8780680
2014-05-13,361.4786682128906,366.9135641850686,358.8873299685202,366.9135641850686,6332608
2014-05-14,355.6539001464844,364.5286105424404,355.10352421646235,360.0339251016118,4250750
2014-05-15,361.57037353515625,362.85459340203624,351.3426635512239,352.6956629152903,4733094
2014-05-16,369.06915283203125,391.6801935346121,361.2493138173793,366.9135302431963,16434184
2014-05-19,372.3714294433594,382.9660478327972,370.582714549581,374.20599733716915,5261402
2014-05-20,374.2747802734375,376.8202376508116,368.90866353612057,374.25185377321134,3178516
2014-05-21,371.2706604003906,373.56387016197425,369.20677161496536,372.57777876718,1821194
2014-05-22,368.1060791015625,373.7932514248508,365.99633697795207,372.4173253459863,3903228
2014-05-23,362.16668701171875,368.2895468612248,358.9791193325064,366.4549787573083,4909468
2014-05-26,365.6064147949219,368.77102722158827,362.32711389589343,366.4548911428087,8697616
2014-05-27,369.1609802246094,371.7981718905392,361.57043225238965,366.9136230858931,3809762
2014-05-28,377.66876220703125,379.1822752152204,366.6842806586861,366.86774865683043,7177782
2014-05-29,371.61468505859375,381.01684617392993,370.3075665398738,377.27890263076216,6842004
2014-05-30,363.5884094238281,377.37059455766723,334.80862677943173,373.7931929112834,16403772
2014-06-02,375.81121826171875,377.16418959523526,363.932380773256,363.932380773256,4041566
2014-06-03,378.08148193359375,379.6867287655925,373.33454892771067,377.4623264957075,1812074
2014-06-04,374.57293701171875,380.5352831711038,373.83909299613,377.18720208026036,1432170
2014-06-05,372.5378112792969,377.13990416356256,370.47958571265866,375.47481043580575,3837236
2014-06-06,377.07049560546875,379.7299931212387,370.4795669794302,376.0298226645153,5282638
2014-06-09,379.0130920410156,383.8926862015412,376.95486657139287,380.14627489328524,4669960
2014-06-10,377.7181091308594,380.93261024726587,374.6423305570989,379.79945541173214,2499672
2014-06-11,379.49871826171875,383.8232810291065,374.6422447190642,377.8798937475006,3871886
2014-06-12,388.44854736328125,390.8074232036731,375.9604708214068,381.34885588057415,6366024
2014-06-13,386.39031982421875,395.91824767004834,384.6558648840754,390.36799186158976,6106442
2014-06-16,388.055419921875,389.8129954387981,384.0314784554567,384.35524905253646,2654940
2014-06-17,391.5474548339844,392.58812790241507,382.66703900402985,386.6678600924666,3494060
2014-06-18,386.13592529296875,393.79067597246257,383.31455644105336,391.80181164760273,2687314
2014-06-19,381.9270324707031,388.4948417631999,380.2850872050951,387.1766388820286,2360498
2014-06-20,380.16943359375,384.7021372291874,378.9668611320621,382.0426394364998,1484884
2014-06-23,379.93817138671875,382.2970189969732,377.09365377135634,381.11759519184596,2920422
2014-06-24,383.43017578125,385.16463073804096,381.58009049400636,381.7419616646157,2533112
2014-06-25,381.163818359375,385.3727794180621,380.65505618626617,383.4301841779036,3165312
2014-06-26,375.7523498535156,382.3201303314711,374.01789481953534,379.26750076369075,10904132
2014-06-27,377.5099182128906,380.19253630234493,376.49236563273575,378.2730614754604,2571480
2014-06-30,379.9843444824219,385.14146794525885,379.2212013234304,379.2212013234304,3088050
2014-07-01,380.79376220703125,382.94449743992266,376.95484124891294,380.6550114697611,3820686
2014-07-02,388.47161865234375,389.4429020090369,381.8113011976959,384.2626582365394,3813362
2014-07-03,387.037841796875,390.9692730866271,384.5170949121393,388.98043702135305,3031370
2014-07-04,396.2189025878906,397.28269598463856,386.2515454945019,387.0378373895108,2815994
2014-07-07,388.72601318359375,398.0920690496608,386.5983983698101,397.7220576738032,4065984
2014-07-08,383.5458068847656,392.3799528571355,379.26748464939135,390.36799639522724,3366136
2014-07-09,384.03143310546875,386.1358993928775,378.342426711684,382.9676397521692,2897776
2014-07-10,380.8169250488281,392.2180871039572,375.6829495874873,384.031453932308,4928772
2014-07-11,375.4748229980469,384.5633787380342,374.08725896019007,379.77626586939056,4599390
2014-07-14,378.0881042480469,379.2675281101815,373.32413972389526,376.9549212314609,2460804
2014-07-15,382.41259765625,383.33764023801643,377.64863400616446,379.6143494924182,3046018
2014-07-16,386.55218505859375,387.8241186618377,378.29619096228896,383.66142686940293,4794650
2014-07-17,384.7252197265625,388.055378802104,383.6614263603638,387.916628055219,2519550
2014-07-18,385.02593994140625,387.03789671254896,380.19258572984944,383.38399463931603,3644216
2014-07-21,382.71331787109375,391.732484694937,381.6957651988011,389.30424747313305,4906828
2014-07-22,388.44854736328125,389.7436297368594,382.50515926408104,383.84648248097426,3485176
2014-07-23,386.80657958984375,390.8305207751983,386.2053075115865,389.9517189630875,3924926
2014-07-24,389.55859375,390.36800608489165,385.28027140842977,386.6678354111012,2139300
2014-07-25,386.43658447265625,393.0506340725551,385.8121919477596,388.9804518749299,5332976
2014-07-28,383.6845397949219,388.4253831325984,382.9676374240169,387.8241110870026,1942476
2014-07-30,387.9628601074219,389.39669307292036,382.43572493619115,384.3551996198182,2342690
2014-07-31,385.7427673339844,388.4716543181792,383.22202058249246,387.5466117106637,5950672
2014-08-01,377.16302490234375,382.87515204653914,375.5673206648367,382.0657397175201,3414230
2014-08-04,376.02984619140625,380.51630879689793,373.3009590168116,378.804974207579,3681522
2014-08-05,379.3599853515625,380.6550393777956,374.5960214889582,377.8799115086987,3038552
2014-08-06,374.64227294921875,379.05934595341023,373.41658014692825,376.97799999258126,1690700
2014-08-07,375.3360595703125,378.57370888268736,374.64227757480364,375.98360072481216,1966870
2014-08-08,368.2363586425781,373.62471505960525,367.70444783481787,372.32966101513006,3725340
2014-08-11,366.75634765625,371.3352925517452,366.0394451364067,370.47963925871704,2813112
2014-08-12,373.3471984863281,373.9484705294792,366.3168690901021,370.4795607843078,3301536
2014-08-13,375.7523498535156,377.3017850585131,371.2427667651669,374.6422873397433,3919910
2014-08-14,382.3664245605469,384.6559110020441,376.16862687266445,376.5386383249117,5936612
2014-08-18,384.9796142578125,385.97404640035927,380.9325526568501,383.89270043415,3351084
2014-08-19,381.04815673828125,387.36158369288154,380.30813395996637,385.2802378700541,3946428
2014-08-20,379.5218811035156,386.02030030526487,378.80497867023763,383.43019208501465,4717426
2014-08-21,385.0490417480469,386.29785509702634,379.7300459761519,380.19256734762104,3195240
2014-08-22,391.63995361328125,392.56499631446405,382.9907987112092,385.9046775739225,5007644
2014-08-25,390.1136474609375,394.438210892926,387.2228889555806,389.90550720253907,3328032
2014-08-26,389.6741943359375,392.44932212942786,387.6390893286873,390.5992369337676,2082628
2014-08-27,386.94537353515625,391.2930857802965,385.74282924440575,391.2930857802965,2426484
2014-08-28,390.15985107421875,391.0617732878374,385.74277814554273,387.36160275406723,3995726
2014-09-01,389.0729675292969,392.6806284342705,387.8703950742636,391.24682353295503,2077328
2014-09-02,397.3983154296875,398.27708898116356,387.89350814965843,389.95170539631,5721126
2014-09-03,396.2189025878906,400.0809443424085,393.8831473229987,400.0809443424085,4617390
2014-09-04,393.9987487792969,397.3057872879783,392.44931375302633,396.8663864173756,3203484
2014-09-05,392.4261779785156,395.7100677101954,390.4141935118741,394.0681228443555,1917604
2014-09-08,399.9653015136719,401.3759858585435,392.888731139841,393.60563352198295,4894172
2014-09-09,400.3584289550781,402.34729314386567,396.75076843435335,397.8145617862252,3830522
2014-09-10,396.51953125,400.08095114318286,395.0394573454233,400.08095114318286,2157126
2014-09-11,395.1550598144531,399.2021211735936,394.5306673539239,396.5657723579727,3266432
2014-09-12,395.7795104980469,396.84330391848266,392.6574914986882,393.1893740938752,3043278
2014-09-15,397.93023681640625,400.0809724109877,393.1431520801613,393.1431520801613,2904544
2014-09-16,393.60565185546875,398.7165069062871,392.21808786537895,398.230865155768,2538134
2014-09-17,391.47802734375,395.8719795560508,389.48916323202985,395.45569910707246,3952948
2014-09-18,396.91265869140625,398.23083308380626,389.55855884417633,390.71486207612696,3326284
2014-09-19,397.8839416503906,400.08091778853577,393.79063950608077,397.76831132733037,3271054
2014-09-22,396.3113708496094,397.0745422986431,393.6056324940539,396.35763991837337,3267158
2014-09-23,392.6112060546875,396.7738978802402,391.10801178434906,395.9413651611418,2358488
2014-09-24,395.6638488769531,396.51950198375704,390.85361609962706,391.80177911177566,3332748
2014-09-25,393.1199645996094,400.3584056386598,389.48915564111934,394.5306488468955,8297980
2014-09-26,403.15673828125,406.5562588464737,390.8305332483166,393.12001953288427,4941126
2014-09-29,400.127197265625,405.7930836427273,398.32338098972764,403.78112711920966,4341134
2014-09-30,403.6192626953125,406.9262733714771,398.3002672319104,399.7109516870611,6017716
2014-10-01,401.4685363769531,402.92548993808833,397.99962621240576,400.5434936664072,2935094
2014-10-07,398.9015197753906,401.00598614432266,395.03944979893976,400.08094350039113,2513144
2014-10-08,401.28350830078125,402.3935708226619,396.98206543110325,398.02273845909286,1570192
2014-10-09,410.5339050292969,413.0084109852682,401.58412893869655,404.24362648133695,3825210
2014-10-10,401.144775390625,409.4007987180372,400.0347410494198,408.4294869106608,2133490
2014-10-13,405.5386962890625,406.0937275307889,395.7563871026391,399.6184289141248,2688256
2014-10-14,401.63037109375,409.7707631454959,400.15032547530586,409.33136225186877,3633120
2014-10-15,401.63037109375,401.63037109375,401.63037109375,401.63037109375,0
2014-10-16,397.2364807128906,404.2436909964454,395.4789050937017,401.65358252922647,2766542
2014-10-17,409.447021484375,410.76519602824993,396.42703430442543,397.88398783612945,4988960
2014-10-20,413.4015808105469,420.7094125621776,411.7133948054583,413.4940907274157,4766002
2014-10-21,414.2109680175781,418.92869119066165,410.5570664787657,416.2691935651068,8018576
2014-10-22,413.33221435546875,419.2062128970334,412.222151827107,418.6049407900303,2285772
2014-10-27,414.9972229003906,419.64555616789113,413.56341820914173,415.8297555672467,3362384
2014-10-28,414.0953674316406,416.3617333847634,413.4940953104234,415.80670210746155,2901746
2014-10-29,412.3608093261719,417.4254225925583,411.64390704418486,416.3616293776688,3948094
2014-10-30,414.71978759765625,416.24610243545396,410.30268603773004,411.5977684262259,5369090
2014-10-31,421.7500915527344,423.0220252949322,415.0435318211458,416.31546556334365,5052994
2014-11-03,421.2181701660156,425.19584221084426,418.7668128253626,423.29951609808984,3619824
2014-11-05,422.1894226074219,425.658332239215,421.00999897862397,423.2300954969598,3762090
2014-11-07,416.0148010253906,419.3218114784961,413.33218305341353,418.5817886690061,4514246
2014-11-10,418.419921875,420.13122816859124,413.0315372250011,416.0379257938281,3194878
2014-11-11,419.923095703125,424.27077894513593,417.379228576502,418.9980531116257,2956704
2014-11-12,421.703857421875,425.4734178644224,418.18870631586793,421.3569663957533,4529332
2014-11-13,423.64642333984375,425.5196291045634,418.07304688725833,423.4382830926389,3694476
2014-11-14,430.1911315917969,431.5324549087268,421.70387541589673,424.68714401385114,4219028
2014-11-17,425.0339660644531,431.994906176423,419.9693520430322,430.1448209251321,6732042
2014-11-18,431.162353515625,432.45740748561286,421.8194177827582,425.9821094056144,4594556
2014-11-19,428.5491027832031,433.70622654512687,426.5140260111439,432.4805338140685,1727424
2014-11-20,424.6871032714844,429.1966863708618,421.86570613793896,429.1966863708618,2385186
2014-11-21,431.4630126953125,432.4574448498261,422.7676173111893,426.0746561226539,4411904
2014-11-24,437.1752014160156,439.3952983299859,429.2660691080375,431.2317849163559,3658430
2014-11-25,441.0372009277344,443.4654378681278,434.3075213389419,436.15760662686074,6078254
2014-11-26,439.9964904785156,443.9741904467947,431.6711073919588,434.67749572877096,4488214
2014-11-27,438.5396423339844,441.1528711011479,436.1576460186334,439.6727970911271,6605724
2014-11-28,442.7023620605469,446.74942424434727,438.00775863531226,438.4702800277466,4625930
2014-12-01,439.395263671875,445.1536598786398,438.5627309235617,443.2341850663643,3694564
2014-12-02,436.2962951660156,439.21017343298604,434.3999693083201,435.57939286518234,2258778
2014-12-03,431.57867431640625,436.64328890831155,431.0699121070179,435.69512575623486,3330592
2014-12-04,435.4176025390625,436.7357770713992,431.0698906333535,434.77006136840373,3419552
2014-12-05,436.0419921875,436.805163688604,432.7812223947197,435.23257984453727,2037090
2014-12-08,428.8266906738281,437.0826856666166,427.8322584567411,437.0826856666166,2028564
2014-12-09,428.6416320800781,432.4574329591292,427.85534019232205,427.85534019232205,2436672
2014-12-10,430.7923278808594,432.4573931829093,427.9709311584225,428.340942533316,2782716
2014-12-11,431.80987548828125,432.80430757783915,427.83220359016957,430.0985692579685,2409422
2014-12-12,430.838623046875,433.0124789648362,429.682319710732,431.53240504856075,2308414
2014-12-15,435.4638977050781,436.75895197789043,429.2198588107408,430.1449016099019,3319314
2014-12-16,428.1791076660156,435.6950790401153,424.13204615688505,433.6368535408881,2494978
2014-12-17,426.37530517578125,431.30116896049213,423.6695665070357,428.29478011519114,3532008
2014-12-18,432.0180358886719,433.1512187754742,426.4677800154143,431.347374324641,3246914
2014-12-19,435.44073486328125,438.93276544393,431.3011630942727,437.1058004475449,3057054
2014-12-22,445.7318115234375,446.84184577779007,435.926353677984,441.2453489748507,4147806
2014-12-23,443.9048767089844,450.47268568843555,441.86977142631605,443.8817562869216,3772040
2014-12-24,437.1983337402344,446.2406210586452,435.27885872430267,443.04924047982854,8332406
2014-12-26,438.7709045410156,440.7597407660519,435.9495072742799,439.58031693039607,1683240
2014-12-29,440.1815185546875,442.17035446116836,438.60893487232073,439.44146755060814,1807400
2014-12-30,442.3785095214844,443.83543469982413,436.04196197250405,439.3952414467026,2840600
2014-12-31,440.1352844238281,442.7716616393868,439.27963125907013,442.17038955901137,2496264
2015-01-01,440.34344482421875,441.4303869327885,437.1057953800807,439.8578030536106,1772470
2015-01-02,446.4718322753906,448.32191758740305,439.58028142618116,439.58028142618116,2950192
2015-01-05,442.7023620605469,448.90013178112764,441.75417062200415,448.64575066130186,2398000
2015-01-06,435.8106994628906,442.4247484757476,433.63684368424333,441.2453247944788,4109840
2015-01-07,437.08270263671875,440.01970209786026,433.0356405752676,434.6313449769384,2873056
2015-01-08,446.263671875,448.1600261721954,438.56270904962116,441.36095731163675,4762912
2015-01-09,451.2590026855469,453.2709594277153,447.073161547596,449.98706887082625,4492592
2015-01-12,447.2812805175781,450.68082948943305,446.1018566824708,448.3682226637074,2063206
2015-01-13,445.5699157714844,449.5476161815163,442.0316445047819,448.1600521796576,2914174
2015-01-14,445.8243103027344,450.7964144778201,443.88171511854915,444.0435862880392,1842616
2015-01-15,459.35302734375,461.6887541964154,448.9925392259109,457.8960739980961,5699238
2015-01-16,463.1457214355469,469.41290802664525,461.85066736054534,463.5388815031773,3910654
2015-01-19,464.62579345703125,471.7717536061962,463.885770625752,468.6497346485081,2119746
2015-01-20,472.21112060546875,475.0093687872689,463.4463364409381,467.14650679176395,4252902
2015-01-21,471.74859619140625,477.7613447416697,471.0085451881002,475.1943854538338,3370306
2015-01-22,472.3498840332031,477.5532487287953,471.10107086024897,474.0843389317339,3235340
2015-01-23,482.3172912597656,484.72237972012795,473.80688704135645,476.3969953356219,4993956
2015-01-27,496.77105712890625,498.48236346605796,481.43846374558046,482.4097472466699,4981200
2015-01-28,489.5093994140625,505.6282551916349,487.95996437371474,494.89778377239315,5682470
2015-01-29,506.4609069824219,509.0510153973381,490.7351801902736,497.21047945762876,10283808
2015-01-30,498.29742431640625,506.252826357395,492.2384052037634,506.252826357395,5285208
2015-02-02,500.26312255859375,505.5358776800365,486.7343719436431,494.20410366067614,2855176
2015-02-03,492.1689453125,500.54057025254156,488.0987914072384,498.829263883075,5100344
2015-02-04,493.833984375,499.8930587565124,489.0006592277363,491.66015678324305,3098756
2015-02-05,497.9041748046875,505.4432945083974,495.05965754420214,497.2103928611603,4029574
2015-02-06,487.26617431640625,499.0373184493525,485.67049846534036,498.13542452659664,3451560
2015-02-09,481.06842041015625,486.4568051560126,478.4783122737295,484.25982885509404,2615948
2015-02-10,487.70556640625,491.336403810653,476.39694310778793,476.39694310778793,4637876
2015-02-11,489.5325927734375,492.49274061259104,487.03496626977284,489.34757294721715,2080794
2015-02-12,497.67291259765625,500.4017995256709,486.89614385791594,492.6314191984629,2762870
2015-02-13,492.9552917480469,500.44811525187055,491.9377108723825,500.0780755770603,3857250
2015-02-16,493.7647705078125,501.83574680087867,491.42901472436273,497.5805722692017,3694358
2015-02-18,497.1180114746094,500.88751562680466,488.9082568199691,493.7647314044042,2690846
2015-02-19,499.4305725097656,501.7894200847726,492.03023096613583,496.7479261161497,2253502
2015-02-20,496.3086242675781,504.1020987761827,494.20412925664806,500.91068973790345,3103012
2015-02-23,493.74151611328125,500.23996333563633,491.19764881714724,498.1817095563269,2790782
2015-02-24,493.8109130859375,495.36034826139706,488.93129043264645,495.0366059119424,2923144
2015-02-25,486.7806091308594,497.11800725523517,485.64745432149454,494.8978820228563,2324262
2015-02-26,480.1664733886719,488.4224668632287,478.75576091453735,487.33555315797116,6213472
2015-02-27,487.4974365234375,489.60193096344454,483.54285693533393,483.54285693533393,5130892
2015-03-02,500.7025146484375,508.31096834211934,493.9728063597666,499.68493379296893,7192616
2015-03-03,501.07244873046875,505.0732693446829,498.15859836032183,502.50625349610806,3014674
2015-03-04,492.72406005859375,513.0750012478172,490.27267410402135,511.08613668390905,6138812
2015-03-05,501.8818054199219,504.148170874592,491.4288362883064,492.5851394325142,4851226
2015-03-09,489.8100891113281,500.3555980331851,488.42252511951136,498.1586217128085,2877904
2015-03-10,486.8268737792969,491.3133083294385,483.3348149722412,491.1976779909284,2567418
2015-03-11,488.63067626953125,491.15145159929915,485.6474360322415,486.06371655515187,2732768
2015-03-12,487.77496337890625,492.0764341560512,486.15613879010647,490.31883058987734,3765418
2015-03-13,482.24786376953125,492.12268262222926,478.52454457353804,490.27259734921336,2713390
2015-03-16,486.3643798828125,489.30137935475136,482.1785388083858,483.3348422587656,2674386
2015-03-17,489.3707580566406,493.0015395187002,482.34039935736695,490.27265214398636,2684652
2015-03-18,491.91461181640625,495.7766538552917,487.1274706034036,490.3420279105969,2574166
2015-03-19,486.66485595703125,496.65536052113913,485.0460315178621,495.3602783857575,2686786
2015-03-20,488.376220703125,490.0412859845273,483.77410018661556,486.10985518616155,3241618
2015-03-23,484.606689453125,489.99507386099606,483.7972771825042,488.3993415085577,2723370
2015-03-24,480.07403564453125,488.8850903681409,478.91773221414303,482.5485701536648,4486782
2015-03-25,478.3626708984375,484.1210386964875,476.90571746154484,481.0453171143072,5304450
2015-03-26,465.73590087890625,477.4145372842565,463.49265528812475,474.9632078903257,17900310
2015-03-27,469.29730224609375,473.41372535091915,466.2677647990372,469.4360530060203,5420448
2015-03-30,479.58831787109375,480.559601249546,468.44153828617334,471.77169708810095,3477572
2015-03-31,473.02056884765625,480.9759413530294,469.3897594767134,480.9759413530294,2981128
2015-04-01,477.900146484375,479.5652119185484,468.53408989951305,474.593107805597,1922098
2015-04-06,477.2988586425781,479.565224426594,471.6792414831262,478.7095712675606,3575586
2015-04-07,477.66888427734375,480.1896028400506,473.4599516362536,477.90014493300936,3098536
2015-04-08,478.96392822265625,482.1552798474812,476.4200612138084,481.0452739571681,2053072
2015-04-09,488.4687805175781,489.8101037083323,476.39698472104084,480.21278581225306,3501392
2015-04-10,482.24786376953125,487.03494812143555,478.6401749031015,487.03494812143555,3059662
2015-04-13,480.4671936035156,483.93610367537354,478.6171082318581,481.022196630963,2281618
2015-04-15,477.1601257324219,485.04608027413485,474.17682937572033,481.02216741919597,2446998
2015-04-16,476.23504638671875,478.03889066749497,470.84666219239534,475.47187498406913,2805060
2015-04-17,470.96234130859375,475.40253475662564,469.94478874298517,474.1306011071303,2024506
2015-04-20,464.8801574707031,474.0843428333454,463.7238541954998,471.77173628293883,2594440
2015-04-21,463.908935546875,469.18169047323204,460.48626610624825,464.8339782897402,3255372
2015-04-22,468.580322265625,472.234251862955,459.5149159900546,465.52769294815295,3382968
2015-04-23,468.76531982421875,473.71427496303227,465.3426510416188,471.7948285786497,4813914
2015-04-24,465.5046081542969,471.3092453236046,462.683211043076,471.2630044816429,3602622
2015-04-27,465.04205322265625,468.3028227871622,460.6712212306307,465.7358351823409,3685352
2015-04-28,464.62579345703125,467.8172019058036,457.9423546349312,462.3131868217067,3971054
2015-04-29,459.35302734375,466.915239091998,456.9710314243626,464.3713720142308,3931782
2015-04-30,457.341064453125,460.2087022134318,452.83148169274216,458.35861697840295,7571842
2015-05-04,462.96075439453125,466.91530632062495,458.8211826350272,459.7693457636132,1570724
2015-05-05,456.80926513671875,464.3252377737625,455.97670404517845,462.0819920794363,2569002
2015-05-06,448.9231872558594,456.73980894914007,446.5643397877415,456.73980894914007,5503848
2015-05-07,439.9964904785156,448.6456441088947,436.71260066417506,447.7206015437217,5868332
2015-05-08,454.1958923339844,456.87851008465003,441.89283770331525,444.714206190556,5785966
2015-05-11,458.03485107421875,459.1680339382099,450.51887973048076,456.0691354920104,3365672
2015-05-12,449.5475769042969,457.89608060672066,447.25809085525134,457.89608060672066,5553784
2015-05-13,458.01171875,459.4686721415569,449.3856851861381,451.35140071725397,3895924
2015-05-14,458.3818054199219,460.13938100800465,450.4958215813738,457.43364224227787,2227594
2015-05-15,457.9423522949219,461.38814180996025,455.21349341721987,460.1624772375381,4076812
2015-05-18,467.07708740234375,468.0715194124862,458.8210941276545,460.6711791846208,2856652
2015-05-19,466.01336669921875,470.8467203091115,461.6425344255825,465.45833544969855,2393174
2015-05-20,473.6449890136719,474.916922666991,466.9384015206549,466.9846705915398,2004420
2015-05-21,473.945556640625,476.39694213078286,469.50536342346885,473.62181431254527,1967190
2015-05-22,473.7606201171875,475.93444778053225,471.0085843321785,473.94558348078203,2344768
2015-05-25,473.4137268066406,476.85951654407256,470.66171910103805,475.6569723142602,2184530
2015-05-26,475.1943664550781,476.4893921414539,470.8697756210197,473.82989482571753,2453172
2015-05-27,480.1664733886719,481.0221264562101,472.4192420250743,473.5292761480921,1609296
2015-05-28,476.11944580078125,482.7334666298529,472.78928673679457,480.58278771550744,4780580
2015-05-29,485.9018249511719,487.4975010184629,475.07881411091904,476.3738400098453,2529340
2015-06-01,479.2646179199219,488.4225635709279,476.8595293954798,485.1617653494004,1920660
2015-06-02,466.59149169921875,481.16094118857217,464.7876755289616,480.2821394078922,2363004
2015-06-03,465.0882873535156,470.38416188207407,461.59625718614546,466.6839914837883,2912416
2015-06-04,469.4360046386719,470.7772994865156,460.2086989484177,466.6146077372334,2778794
2015-06-05,467.9559326171875,471.0779514411717,463.67761052506097,467.26215065630214,3376930
2015-06-08,464.1170349121094,468.1872169760394,460.4631051077501,464.4870463306372,1905998
2015-06-09,463.3769226074219,465.2963971680808,461.17994657705566,464.83387589853,3020130
2015-06-10,469.73663330078125,471.30921705402596,461.1337481873051,461.5962694994288,3993124
2015-06-11,462.6138610839844,471.1011165858872,460.06999365256183,470.66171565626524,4547088
2015-06-12,466.75341796875,467.53968165666237,457.9655125762338,462.9838577846722,3264172
2015-06-15,464.92645263671875,468.8810044138764,462.5213360432813,463.4463787153678,2999914
2015-06-16,466.406494140625,467.35465716759956,461.1568604033708,462.52130389587563,3005262
2015-06-17,464.6951904296875,468.7653725273761,462.29007384421544,466.6840265220744,4843134
2015-06-18,471.58673095703125,473.52932616507377,463.5619972725737,465.25021139826737,4215858
2015-06-19,476.62823486328125,478.6864322162929,468.603501007438,473.9918858425557,1871162
2015-06-22,484.3291931152344,488.83877581377453,475.7031595331824,477.3682249298501,2724826
2015-06-23,486.6186828613281,490.82761569704365,482.17848935925326,486.572442020081,2827590
2015-06-24,483.704833984375,489.2550899958532,482.2709726799774,487.4974863415022,3133698
2015-06-25,492.58514404296875,495.290882133717,482.2478051290196,484.8379129042648,8286784
2015-06-26,491.59075927734375,495.33717056763317,486.3411537410644,493.5102339911704,2823752
2015-06-29,488.72308349609375,491.0819305471751,476.62814168011676,483.2884588820798,3243918
2015-06-30,493.5796203613281,495.8228373914576,484.72232610657426,486.68804164660565,3645068
2015-07-01,495.9846496582031,498.13538475627655,490.29567217633036,490.89691592345935,2485594
2015-07-02,493.1188049316406,497.54578363416533,491.9305447790265,496.28761244092874,2241722
2015-07-03,500.5979919433594,501.4833988843164,491.18486185818875,491.18486185818875,2019644
2015-07-06,504.9086608886719,505.60765765040054,494.0742110818776,495.84502563205774,1633890
2015-07-07,506.46966552734375,508.63656653722285,502.57859552028845,502.57859552028845,2070736
2015-07-08,498.081787109375,503.5572618085505,496.75370462307126,502.858265038443,2700338
2015-07-09,500.5049133300781,501.83299555975526,494.0042104935136,495.2157932840174,1398982
2015-07-10,508.28717041015625,510.26766133313873,497.91871793101257,498.52453790831504,2450044
2015-07-13,510.8034362792969,515.3469142638778,505.60755007900633,505.60755007900633,3538042
2015-07-14,508.7996520996094,513.4829524262774,506.0735765311057,510.5005553313317,2837058
2015-07-15,511.0597229003906,513.2732122701885,508.31038161181453,509.33555393455555,1924702
2015-07-16,519.4476928710938,521.4515060413145,511.71214124505605,512.038373815635,3655212
2015-07-17,517.5138549804688,522.7330073389476,515.207131849257,521.6379239378241,1755494
2015-07-20,519.7039794921875,521.4514710170436,515.8594981375043,520.0301551563648,2275634
2015-07-21,511.68890380859375,525.6455150765529,509.38218058248003,520.3098630540869,5514068
2015-07-22,519.3079223632812,520.5428278214019,507.3084798759344,510.9199625663009,3643200
2015-07-23,516.2789916992188,520.379738349128,512.6441859807886,518.6089807791101,2541586
2015-07-24,516.255615234375,519.5875106481654,512.8305430209023,514.0654484814041,2380504
2015-07-27,510.6637268066406,514.6946195407412,498.6176938964174,514.4150322107838,1664286
2015-07-28,516.5585327148438,519.0749320724914,509.0792456849314,509.80156498875874,3172836
2015-07-29,516.4885864257812,520.9388876196148,514.9508280065147,514.9740937629413,1971516
2015-07-30,517.5138549804688,520.5195178940088,513.1101418487888,515.8595401151905,4731094
2015-07-31,518.0264282226562,522.3834959601443,513.9955361677423,519.8670966455251,2824750
2015-08-03,510.4539489746094,520.7524879180593,509.5452192274133,518.5389985958126,2172864
2015-08-04,506.2833251953125,513.5296142849855,504.18633493734296,511.7122113511784,2695464
2015-08-05,508.9627380371094,511.5257257539652,505.7007536702019,508.9394722794701,2061390
2015-08-06,510.7101745605469,513.2265736061312,505.81719853810006,508.82291793972377,1871856
2015-08-07,509.17254638671875,511.43262451221875,507.28523239895515,509.7783094422283,1613570
2015-08-10,510.1045227050781,515.3702639162764,507.0056258393623,510.2676105644318,1977188
2015-08-11,510.12774658203125,512.0616487442994,505.2580925389355,510.2908913124894,1363844
2015-08-12,498.8273010253906,510.22098088115735,497.5458071299328,507.19199531007536,3002870
2015-08-13,502.1359558105469,504.53579899047355,497.0332457325871,501.8796342648763,1732526
2015-08-14,513.4364013671875,514.2984859246089,503.2310381191379,504.72220833281295,1800830
2015-08-17,508.63653564453125,513.4363351433009,501.32039384530924,512.1548413521671,1250106
2015-08-18,506.2366638183594,510.78014205571725,502.555270074781,508.6831521000136,928658
2015-08-19,504.1396484375,506.5395481982259,500.9475752650348,505.53764167079777,1502288
2015-08-20,500.8077697753906,505.49107001585196,497.6856075380778,497.6856075380778,1522426
2015-08-21,494.5634765625,499.9923053005185,489.76367657867286,495.8216478398743,3879486
2015-08-24,474.87506103515625,486.827887757119,471.2402838175228,486.827887757119,7343164
2015-08-25,474.59539794921875,481.0494836313966,468.6539268398615,477.5078553448944,6173960
2015-08-26,472.2887268066406,479.51169204147334,470.1917368997537,474.10612943617434,2786500
2015-08-27,476.2963562011719,482.0514178499928,470.23838459515,477.6477612440304,6936716
2015-08-28,479.0223693847656,485.91915891092543,475.0381227111562,480.467007932516,2776568
2015-08-31,478.7893981933594,481.3291202350612,473.24404165486226,475.83032365560126,1720730
2015-09-01,466.0443115234375,475.9234689422003,462.7357390661261,475.9234689422003,5234572
2015-09-02,463.7377014160156,472.4984539778153,459.0078125795407,468.37435656594005,4340844
2015-09-03,470.79754638671875,472.9877416176341,465.5317772177502,467.0695641867768,3253684
2015-09-04,464.1571044921875,468.79378830552787,456.6778454666176,467.0230023482907,5702296
2015-09-07,458.7515563964844,470.56458967441586,456.6778604234585,466.4638145753898,2690870
2015-09-08,467.8850402832031,470.657732614281,455.27980669718073,459.7999906097472,3722244
2015-09-09,473.5935363769531,477.64772273643376,468.32776717084477,472.75474606449956,3276560
2015-09-10,471.123779296875,473.8964719159048,464.2736058975805,467.3957968692044,2231870
2015-09-11,470.8907775878906,475.3177566943577,469.16658003692214,472.7547687906136,2150880
2015-09-14,475.1779479980469,476.38953086455757,467.62877817758255,470.12185495539205,2530172
2015-09-15,472.1256408691406,475.15462630239296,469.7723294325863,474.36242442370855,2166364
2015-09-16,476.8788757324219,479.0923654610282,471.3801069371763,474.80520810889664,2127026
2015-09-18,489.1811828613281,494.8896558216056,480.5136352944591,482.30771541936133,3920584
2015-09-21,490.67236328125,491.627681529965,482.9368111383415,483.68239624527894,2138344
2015-09-22,480.2806396484375,493.95766357913016,477.7875628176497,489.32100826442655,3012606
2015-09-23,488.92486572265625,490.9053563593556,474.68866715896263,474.94496025879175,2580576
2015-09-24,489.9500427246094,491.1616254902869,482.77366604168617,487.89964126027553,4126418
2015-09-28,487.62005615234375,493.95761416472885,486.08224082614777,491.62762541866886,2888554
2015-09-29,496.1945495605469,500.43511875646834,477.6944001835744,480.9097968299781,5209420
2015-09-30,498.0584716796875,500.01563968701214,494.5867539369965,497.68565068567466,4513898
2015-10-01,497.52252197265625,501.8330012711255,493.6547177942868,501.0407709450357,2517394
2015-10-05,511.8285827636719,514.8343021788423,501.97271963999697,501.97271963999697,4026686
2015-10-06,506.0503234863281,516.2790100411466,504.67565263415366,515.859600614966,2379482
2015-10-07,506.88909912109375,511.8286643479027,504.8386974558628,507.0055985692944,2193134
2015-10-08,504.72222900390625,508.26380106980395,501.1340685327664,507.05221811100995,1940954
2015-10-09,506.1434631347656,510.2675318094783,503.3707424157002,510.2675318094783,1721614
2015-10-12,503.53387451171875,510.5005178851555,502.2523807424954,506.86571280410817,1108670
2015-10-13,501.57672119140625,504.2795311881058,500.1088167429314,501.20395708170446,911826
2015-10-14,505.4910583496094,506.306554410556,497.2429209441173,498.0584170050639,1374574
2015-10-15,505.2115478515625,510.9666095507702,503.7436433418902,505.9338103417508,1962976
2015-10-16,512.620849609375,513.2965235956727,505.60756069115286,507.9375494500983,2421844
2015-10-19,511.5723571777344,513.5761133895636,509.9413650384706,512.5975294829036,1327110
2015-10-20,510.2210998535156,513.9490829641311,508.4968735341512,511.66568193197753,1925678
2015-10-21,510.2676696777344,514.4616505244007,505.60769095921626,512.0850727548576,3636602
2015-10-23,516.5585327148438,518.9816983869525,510.73356053718425,512.3412301044207,2233524
2015-10-26,513.2965698242188,519.2147190511444,511.19957975230864,519.0982196027048,2443992
2015-10-27,517.6768798828125,519.1214614417044,510.52382623894687,510.52382623894687,4492016
2015-10-28,517.95654296875,523.7815153368197,514.9508799806244,514.9508799806244,3847380
2015-10-29,514.2517700195312,519.354421936174,512.5974554776056,517.2574323455839,3351184
2015-10-30,512.4111328125,518.189516495645,508.1472418709115,513.5295388293172,4048730
2015-11-02,504.72222900390625,510.6870238718916,501.6466547594293,510.2909371005839,1578276
2015-11-03,505.56097412109375,508.8695467938625,502.90475279559575,508.380226398918,1274296
2015-11-04,504.0697937011719,511.71216894038196,502.4621240571064,507.96092080939695,1348222
2015-11-05,503.2076721191406,504.6755764469235,498.38460665741894,502.5785865170887,1798476
2015-11-06,503.6970520019531,507.47162294447503,501.0641529578023,503.6038183078111,2940502
2015-11-09,496.1945495605469,498.4546278296007,489.7637562677394,493.0257413237567,5714716
2015-11-10,491.4411926269531,496.2875803755937,490.4392861347432,493.9809143755306,2201290
2015-11-13,490.2530517578125,491.6277226360271,485.1037528569708,489.018146101305,1970014
2015-11-16,494.4002990722656,496.2876127477793,487.0841570184191,488.71514917298924,2367366
2015-11-17,494.3304443359375,495.72843760964264,489.8568203524875,495.4954387306918,1283702
2015-11-18,488.645263671875,496.68372542525225,487.57350290212173,494.74982324971467,1223360
2015-11-19,498.1050720214844,499.06033340423033,489.11129150695854,491.62769106561586,1638840
2015-11-20,499.013671875,503.3940620375056,493.95760773872337,496.2410080570551,2324080
2015-11-23,496.7769775390625,501.18063399610816,493.514992938437,500.4816372959741,1704140
2015-11-24,495.98468017578125,500.24857084774845,494.93618526715767,496.4040895161286,2001126
2015-11-26,495.79833984375,497.21965589697334,489.81027945094365,493.49167347225375,4395742
2015-11-27,502.9980773925781,504.3028372074431,494.4003831562728,496.21778610021147,3462536
2015-11-30,502.22906494140625,503.7435575983857,498.4777603757074,502.90473891149344,2623888
2015-12-01,504.6756591796875,505.5610664498856,500.248679713199,501.9029947939507,947666
2015-12-02,502.25238037109375,509.1957010988873,499.4796597235856,507.9375299711031,1281142
2015-12-03,501.7630920410156,503.74358253665,497.3594359280492,499.7826015453813,1903856
2015-12-04,493.445068359375,500.29521307903264,492.09366339927715,500.29521307903264,2929914
2015-12-07,494.8663635253906,499.13025496675175,494.47027675422584,497.7788499082193,2907404
2015-12-08,488.9481506347656,494.84303368717497,487.8996556727182,494.4236243254575,2451330
2015-12-09,488.1093444824219,492.55964596752483,486.8977616497505,487.9462566388016,1945308
2015-12-10,494.23724365234375,495.4488265268834,485.7095182440678,486.96768952060984,3257170
2015-12-11,487.5968017578125,494.2372706135201,485.5697226419173,493.9576833017585,1516960
2015-12-14,491.6510314941406,493.88778693924587,484.6843298304627,485.1037392528263,2939008
2015-12-15,493.7013244628906,495.0993178006131,487.1075013942286,490.69566154058515,2278708
2015-12-16,497.3594665527344,500.178719065889,493.65474997267705,495.3556532917351,3421384
2015-12-17,503.39410400390625,505.1415956864007,496.28763782842873,500.4350294651146,2439006
2015-12-18,500.0156555175781,505.6076292978306,497.9186653499834,505.6076292978306,1586064
2015-12-21,501.134033203125,503.23102325168185,498.17495862261615,499.433129897952,1548750
2015-12-22,496.9632263183594,501.646525975126,495.821554702772,500.71453057154935,1214768
2015-12-23,500.5281677246094,502.32224767025184,498.2215016351392,499.82917110543775,1506984
2015-12-24,500.4815979003906,501.6000039094688,497.825433402761,501.5067702260916,1073176
2015-12-28,501.99603271484375,503.2309380222996,497.5690544732183,500.4815401584982,3877714
2015-12-29,502.32232666015625,503.20773389390155,499.2234866687968,502.7883244795485,2115806
2015-12-30,500.6215515136719,504.18638983275576,499.80605521344864,503.27771670916724,1056280
2015-12-31,504.27947998046875,505.5609738017133,500.94758466833457,500.94758466833457,4645004
2016-01-01,507.35504150390625,508.0540381167704,501.48348133274527,504.3959672196793,1597538
2016-01-04,498.8505554199219,505.1415245914949,497.7321495236337,505.1415245914949,2593768
2016-01-05,495.0760803222656,500.8544644918257,494.5867598723138,498.71082907727276,1580436
2016-01-06,497.2662048339844,501.76309465379836,492.39655093198195,492.39655093198195,2082768
2016-01-07,492.18682861328125,496.2410433981091,489.1578430670911,494.00423131789415,3027714
2016-01-08,495.0527038574219,496.05461040799537,492.67612668281174,494.8662933784445,1744178
2016-01-11,493.3052062988281,494.4236122746511,487.10747036048133,490.2529551699572,1644456
2016-01-12,487.8763732910156,495.7750701209445,486.2687036370064,495.7750701209445,2129368
2016-01-13,494.0276184082031,495.2392014078357,483.2397571017884,490.2297246587092,2257574
2016-01-14,489.1811828613281,492.74607735219655,484.40470548640207,489.36759335529763,3139592
2016-01-15,485.63958740234375,491.83732361290225,483.7522736799689,488.36566298005704,2708630
2016-01-18,478.0438232421875,485.31337741586367,475.78374532932446,482.6106243546807,3247694
2016-01-19,482.6805419921875,483.4960381388057,478.25356291054555,478.6729154212089,3202606
2016-01-20,474.52557373046875,516.325583812395,469.67921347483576,477.64776480839794,4781794
2016-01-21,476.7156982421875,481.4921751796092,472.24213121915903,475.78370274220276,3150402
2016-01-22,480.1175231933594,486.61816930409856,476.27301316455896,477.973887952656,2118142
2016-01-25,485.17352294921875,487.7597760866697,481.398952907746,484.6142915713615,5071942
2016-01-27,482.6105651855469,488.6918014910074,481.3756598120354,488.5753020573646,2019734
2016-01-28,480.7698974609375,487.8530980036385,479.97772397128807,484.1717040836586,4975986
2016-01-29,489.22772216796875,491.60429929521774,482.4008438134716,482.4008438134716,2680092
2016-02-01,493.8411865234375,497.21967069639805,491.0218769770294,493.0256903437574,2304742
2016-02-02,491.0685119628906,496.4041641013329,489.3908743494346,496.28766464953725,3264314
2016-02-03,486.4317932128906,489.9500993643548,485.5697086579118,486.73470316044995,2425122
2016-02-04,488.92486572265625,491.5810872955157,487.2240192716766,488.36569112021044,2837996
2016-02-05,491.744140625,495.72844426232587,487.2472508240017,490.60246885661627,3761952
2016-02-08,482.7037658691406,493.0256275776505,480.1175124449624,491.627634304746,1740962
2016-02-09,478.1370849609375,480.7000729655564,475.62068536132085,478.439938035702,2767730
2016-02-10,472.03240966796875,480.04757636974284,470.7042990626234,477.13509053641246,3841140
2016-02-11,454.4876403808594,472.0557628096073,451.17906743796766,470.6577694350478,4401800
2016-02-12,452.67022705078125,459.6834875203432,450.1538278165236,456.2117985842408,6271072
2016-02-15,453.6954345703125,460.5223135346465,452.5304401014669,456.6778317874562,5456480
2016-02-16,453.6255187988281,457.6097939025036,448.2898388332062,457.37679502577123,3568048
2016-02-17,454.30120849609375,456.6311971981103,446.891833046783,455.23320397690037,3751962
2016-02-18,461.0815124511719,461.92030277280156,455.2798343596743,459.4738144100705,3399928
2016-02-19,461.0115966796875,462.5493836606152,453.6488374662704,460.7553035899074,1664330
2016-02-22,460.7553405761719,464.1338247422171,458.07585313413597,458.07585313413597,2001198
2016-02-23,452.0411376953125,459.2408090353048,450.15385238772643,458.9612217461243,3039160
2016-02-24,442.511474609375,448.7092677545136,441.0203044870604,447.3578628336382,3231734
2016-02-25,439.2727966308594,446.07635250024316,437.199100925564,444.5618597913105,4231598
2016-02-26,447.8238525390625,452.48383019295494,440.3678882928346,442.69787711978086,3104694
2016-02-29,452.87994384765625,457.8894201234848,432.445951997106,447.8704675718277,4406376
2016-03-01,458.61175537109375,459.82333829829906,452.87995956325943,454.32456983734943,2161280
2016-03-02,469.3529968261719,471.0771944002547,463.6678178932024,465.065811313986,3179488
2016-03-03,473.3838195800781,475.3177216873714,470.65774402376974,471.0072423485399,2305200
2016-03-04,475.57403564453125,477.6011430825206,462.7823907080387,473.1974583086792,2852312
2016-03-08,472.5916442871094,477.181710890949,470.42474330509083,477.181710890949,956844
2016-03-09,477.5545654296875,479.9311428190323,469.1432824345736,472.055768667716,3264086
2016-03-10,475.9002380371094,477.99722807007583,470.7043513563046,477.5545529280255,1335696
2016-03-11,479.37188720703125,480.3505280397141,472.05574491136343,475.27114092783614,2365428
2016-03-14,478.8360290527344,483.68236033021986,477.764211433006,479.0457052944454,1504328
2016-03-15,478.43988037109375,481.5620995129286,476.08662579936333,478.9991118172172,3845018
2016-03-16,480.1873779296875,481.958192204274,474.8284320327036,478.57970838171565,2401774
2016-03-17,474.5721130371094,484.17165516983465,471.19362939901384,482.28434155613695,2556742
2016-03-18,479.23211669921875,480.9096972896094,473.1508230639976,476.69242317140083,2067534
2016-03-21,487.247314453125,488.06281064689176,481.02625486614704,481.3757532349042,2659398
2016-03-22,491.0917663574219,492.37326029751716,484.9638839578853,487.6666939307939,2060132
2016-03-23,488.9947509765625,490.71897686473505,484.8940047110987,490.71897686473505,4232150
2016-03-28,488.1327209472656,490.695708980879,485.40664505204967,486.9677263865323,5635434
2016-03-29,491.0685119628906,493.7246767100326,486.61821015049696,488.13270302384063,3366976
2016-03-30,496.2643127441406,498.5710358843822,491.1150714090857,493.0256509289815,3907190
2016-03-31,499.15350341796875,502.7649859958694,496.3109285077452,497.1496903306274,10040196
2016-04-01,496.0312805175781,501.5999877415066,492.4664432500042,498.0584162306576,2579324
2016-04-04,498.1750183105469,499.9225102270501,495.8217064425215,496.3808811020015,3089980
2016-04-05,492.7693176269531,501.8330083564534,491.93055577421217,498.1516146078039,3331514
2016-04-06,494.6565856933594,497.1962505439248,492.44309649689825,494.423586830574,2147688
2016-04-07,491.8607177734375,496.17119777287314,487.92305879802404,495.82169939454053,1955846
2016-04-08,493.6547546386719,495.5187458257793,491.2781772520092,491.62767559959184,1481398
2016-04-11,499.0603332519531,500.52823773443026,485.96580613147984,494.0975020692664,2024810
2016-04-12,495.35565185546875,499.0836341836378,493.60816013913944,498.431225899309,2470740
2016-04-13,504.0931091308594,505.58427930446453,498.3846362056428,499.5496306801768,2487302
2016-04-18,506.9123840332031,508.8695518634967,499.3631862210165,504.9085709195043,2058534
2016-04-20,511.59564208984375,512.5975486755174,504.9319080877582,508.8229781030782,1910676
2016-04-21,508.4735107421875,514.997479940844,507.4716040954944,510.2675908949186,4095864
2016-04-22,508.9395446777344,512.9937030709533,505.7008256077481,507.7046390434087,3904660
2016-04-25,509.4521179199219,512.5976032123614,505.37463698527813,512.5976032123614,2780980
2016-04-26,519.0516357421875,519.5875445865977,509.10259413529866,510.2675886298874,3526898
2016-04-27,523.8745727539062,524.247393654298,516.7914307223258,517.1875173761903,2881818
2016-04-28,519.09814453125,529.6995928060691,517.4205640932312,523.8746212264981,4044792
2016-04-29,527.672607421875,529.3735108009078,515.4867533447608,519.0283821992667,2805970
2016-05-02,520.8224487304688,526.577510141398,520.0535409892036,525.529015099081,1931358
2016-05-03,520.9855346679688,528.9074971808091,518.7254567397341,522.8029374448726,2347648
2016-05-04,525.342529296875,528.6744244417396,519.2379704135816,520.7524630353847,2646164
2016-05-05,527.6492309570312,528.7909025952689,523.1756074235207,525.6454180457927,2607124
2016-05-06,521.7544555664062,527.6260165530023,520.6360494536028,527.5095171013456,1366576
2016-05-09,531.8898315429688,533.5440893884354,521.4514707953682,521.9174685351317,3476590
2016-05-10,533.5208740234375,534.7324568843593,529.4200707724,532.8684657492504,2726500
2016-05-11,530.6781616210938,533.567324379224,526.4375373782684,528.767525694335,3073686
2016-05-12,535.4780883789062,536.8294934459045,527.7425358745545,533.1015108525302,2110844
2016-05-13,531.6567993164062,534.9653716842461,526.5774128947718,534.9653716842461,2522658
2016-05-16,541.8622436523438,543.3068253996153,527.7658107471314,533.567460379115,2259384
2016-05-17,537.5050659179688,544.8678529016954,536.5032162930063,542.9106851639905,2147712
2016-05-18,531.5403442382812,536.3634095677481,527.2764534543068,536.3634095677481,2081322
2016-05-19,530.9111328125,532.4954792773569,527.509327294355,531.2838967929756,1927898
2016-05-20,531.6567993164062,535.1983705395093,528.2549932757695,531.2140673607145,1008316
2016-05-23,529.7229614257812,535.8741091939285,528.0686465997944,532.1461270594167,1731766
2016-05-24,531.2141723632812,532.9383983637399,529.1638275392723,530.491909899891,1629734
2016-05-25,546.7552490234375,547.9900977028456,534.1733082501653,534.1733082501653,2883674
2016-05-26,551.391845703125,554.0247444057978,543.4698838379628,548.0599503652908,6852780
2016-05-27,553.0462036132812,554.5373737974254,548.3395803953027,551.3918886939526,2887592
2016-05-30,549.7608032226562,556.8672683628516,548.9918956174755,553.1392866499623,1907266
2016-05-31,550.7628173828125,552.626808603748,548.66582725926,552.626808603748,2757820
2016-06-01,547.6173706054688,551.2521196105231,545.6834682012114,551.2521196105231,2837816
2016-06-02,547.5240478515625,550.1569465844508,545.6833794449772,547.4075484110319,3955308
2016-06-03,546.0328369140625,552.2073068002254,544.7746658042623,549.9239065597657,2262210
2016-06-06,545.7299194335938,550.9957164322512,545.2406559574626,548.0133196423343,2773654
2016-06-07,546.941650390625,549.8774595811731,544.1223975463554,548.4561433937088,2814252
2016-06-08,541.7689208984375,548.9452969381938,541.0233359467259,547.920124740151,2371406
2016-06-09,540.27783203125,542.5145872218757,537.0624360049507,541.7224137577051,2324092
2016-06-10,541.1865844726562,546.4756486224209,538.7866842003967,539.811913587368,3161156
2016-06-13,537.2488403320312,542.8640793290214,536.3867558345548,538.1109248295077,1661618
2016-06-14,536.7595825195312,539.1594826914711,533.2180104319065,538.2274870429119,1914384
2016-06-15,545.0077514648438,545.6368371199309,537.3886419031862,538.2274606996339,1522912
2016-06-16,541.559326171875,544.6814885139138,538.3905185446911,543.6097277609649,2363884
2016-06-17,545.2173461914062,548.9453280457064,543.1436790387473,543.8193529960437,1880826
2016-06-20,546.1727905273438,549.5279522178666,539.9983191541093,540.0914959682065,1371382
2016-06-21,543.6563110351562,547.7570572901736,541.1165890519444,547.5473810469744,1335484
2016-06-22,545.9163818359375,547.5473740138511,543.3533941277875,543.3533941277875,1901920
2016-06-23,554.5839233398438,555.3994194206389,544.0523853304735,545.1242029333155,1963366
2016-06-24,541.4428100585938,546.1027876701067,534.4994320405409,540.4874918944366,5586982
2016-06-27,540.5341186523438,544.7514214438384,537.3187793798189,541.4894368842945,2081894
2016-06-28,543.7960815429688,546.6619792401256,535.8974419994698,541.1399169755516,2017490
2016-06-29,548.893798828125,549.4575630407512,544.853278349189,547.3433612163105,2710334
2016-06-30,552.7227783203125,554.3906715014032,546.0043495087154,550.1622680746975,8139446
2016-07-01,551.8064575195312,556.7395931550826,550.5379598680812,554.3904809476772,2152438
2016-07-04,551.0078735351562,554.1556614736826,550.3501105379081,553.5448692580846,3624926
2016-07-05,547.6251831054688,551.7126739274285,545.9338333021769,551.0079400634411,1068164
2016-07-07,557.0450439453125,558.5014821867331,545.416937376125,548.7056947896325,2416308
2016-07-08,551.9710083007812,557.0216006849485,550.2796586005464,556.7866894112663,1559434
2016-07-11,563.6695556640625,564.679685529569,554.8838976786568,557.2094961596817,2551266
2016-07-12,564.7971801757812,568.4383048752511,561.6963628697355,568.4383048752511,3523016
2016-07-13,562.7299194335938,564.7031510633782,560.6392321746226,563.6930785334774,3343536
2016-07-14,563.951416015625,564.7971194405973,560.1223512408881,564.2568121052749,1729834
2016-07-15,574.9218139648438,576.0024287374496,561.4849009148178,565.5723913860198,2887108
2016-07-18,576.68359375,581.875155217115,574.4284802035867,575.5325515873766,2219242
2016-07-19,572.4083251953125,578.2341366201626,570.2941235988951,577.4119471104448,1293002
2016-07-20,578.915283203125,581.8751880043375,574.0056608351226,574.592938982079,2345166
2016-07-21,577.2239379882812,582.5329554175869,574.3580320796734,578.2105538123749,4556452
2016-07-22,578.257568359375,580.0663735529455,573.8881960749853,579.4555813492763,2810136
2016-07-25,585.8451538085938,587.0197100793928,576.4722177081695,579.2911527580873,4936442
2016-07-26,582.0161743164062,585.2344471833306,580.301310608059,583.7075239576513,2832996
2016-07-27,581.14697265625,586.1271375020096,577.8817289171501,583.0497768993359,5367368
2016-07-28,586.5499877929688,587.8655139815955,580.4893222811837,581.6403646826896,5323264
2016-07-29,585.4928588867188,587.2782075783118,580.2308690873721,586.3385624461865,1697838
2016-08-01,583.6605224609375,591.4830213089765,576.7776112740281,586.8083103122929,2780432
2016-08-02,584.13037109375,590.3084914462274,582.7678742943942,585.8686915040912,2664698
2016-08-03,582.7913818359375,587.2546962342419,578.3515815066004,583.0967779755728,2366938
2016-08-04,583.0497436523438,585.7277090589454,579.5730455559375,585.6807382775172,2331440
2016-08-05,586.9258422851562,589.9327181865924,583.4021730298921,586.0566820058019,2892456
2016-08-08,587.0902099609375,589.6272630411119,584.7176406439917,588.6406472186502,2364388
2016-08-09,585.9627685546875,588.6407919901586,581.4994535136317,588.6407919901586,2105428
2016-08-10,576.4252319335938,587.7244285539367,573.0659896162133,584.9290076427019,1809860
2016-08-11,577.0595092773438,580.2308112823281,574.1231185319879,576.3782895649739,1428036
2016-08-12,577.2709350585938,580.2308400170483,572.9016198239519,578.3750639146326,2320748
2016-08-16,576.6131591796875,581.851634009957,570.2705556278027,579.2911244054878,1734284
2016-08-17,580.183837890625,581.4053649649214,576.0024060177727,579.4791041149099,2755518
2016-08-18,588.4526977539062,589.5802832558068,580.0194065829356,581.6402713128431,3055828
2016-08-19,585.9156494140625,587.2781461834844,583.2611407230369,587.2781461834844,2055318
2016-08-22,587.4190673828125,589.3687847860712,583.0496953953826,584.9524993724775,2750646
2016-08-23,587.95947265625,589.1575432325668,585.4224764851658,587.7480754257903,2657262
2016-08-24,592.8220825195312,593.949610693735,585.8922003046082,588.2413129198363,2785468
2016-08-25,591.295166015625,595.1712018746448,589.2984202700694,593.8556758546667,4364944
2016-08-26,590.6138916015625,592.8690626884405,589.110482444566,591.9763884102437,1260568
2016-08-29,581.6873168945312,589.8622411453175,580.7946425344279,589.8622411453175,1472092
2016-08-30,596.0403442382812,596.9095044194619,584.4356937242171,584.9760010859395,4933804
2016-08-31,606.634765625,608.4201139965834,594.5603507819893,596.2047294684667,5580682
2016-09-01,603.1111450195312,606.0710498313533,599.2116525205927,605.1314047928552,2612338
2016-09-02,603.7689208984375,605.6012402328788,601.9131448483624,603.9568613804233,1977594
2016-09-06,610.957275390625,612.6016543691863,606.0946233100138,606.0946233100138,2754442
2016-09-07,604.5441284179688,613.1183894194281,602.8292647474004,611.2390993369165,2008222
2016-09-08,605.7892456054688,608.5376962258462,603.0642517032378,606.0711276829504,1452690
2016-09-09,606.2589721679688,608.1852329689734,600.5741313254409,606.0710316956166,2006884
2016-09-12,601.3258056640625,603.4400068312412,597.3792853483868,598.8826943489408,1992864
2016-09-14,596.416259765625,599.9634432358841,594.5135127002607,599.0237980624529,1924754
2016-09-15,601.1849975585938,603.2052577129865,596.6042271318732,597.6143572090697,1750906
2016-09-16,609.7591552734375,612.8834865486574,603.1581831790861,603.1581831790861,3262908
2016-09-19,606.1415405273438,611.9438372257723,605.1314106309364,609.3598133449725,2947416
2016-09-20,605.3428955078125,608.4202564248807,603.2757219848559,607.3161848043492,1889124
2016-09-21,607.4805297851562,609.829642429337,605.0844463583684,607.0107072563201,2128200
2016-09-22,614.0110473632812,618.7327291592973,611.0276859068448,613.1183731275322,3277900
2016-09-23,616.7359619140625,619.4374412413376,611.4739729475737,613.6116882253601,2438404
2016-09-26,608.9605102539062,614.9507477723195,607.8094105944386,613.6352216904667,2788386
2016-09-27,609.8530883789062,613.6586389671423,608.3496220437302,610.299396790897,2028406
2016-09-28,608.53759765625,610.7692545478673,605.6012070093852,610.7222837677933,2494826
2016-09-29,600.1982421875,613.5881834026419,595.7114143836288,609.806089346936,8225006
2016-09-30,598.0136108398438,601.8426760256625,595.4531009276733,600.0103566424269,2069214
2016-10-03,604.7555541992188,606.0241094757093,599.68150514741,601.8426773741833,1950274
2016-10-04,605.8597412109375,608.4202513746221,602.4535274484155,605.413375341566,1387756
2016-10-05,604.2387084960938,610.7927668113854,599.6814531661582,609.8296077415037,1823510
2016-10-06,602.2889404296875,608.7020291260674,600.9265010393118,604.7085378131089,1447856
2016-10-07,601.6547241210938,605.01396670138,599.6110075733925,603.2521322031232,1668732
2016-10-10,603.4166259765625,605.0845190949799,600.7856309690873,603.7220221272939,2359656
2016-10-13,593.2683715820312,600.9029873319485,590.3084668430497,600.9029873319485,2259678
2016-10-14,592.8220825195312,595.7349592218613,589.1574438992225,594.6778585450086,2033558
2016-10-17,581.499267578125,594.9832073277946,579.1736692145898,594.5603556204125,2567680
2016-10-18,590.96630859375,591.9764385901934,582.1101646136901,584.0833964684356,1305484
2016-10-19,591.2011108398438,593.3857968591255,586.3384596042665,592.4931226699013,1522452
2016-10-20,589.862060546875,595.4764156417987,587.7478596130152,592.0937170881714,1600178
2016-10-21,597.0034790039062,598.0605797195551,587.2781753604903,590.0971106022206,1978204
2016-10-24,593.6444091796875,599.8930157699823,592.4698526005274,597.4969318187747,1627832
2016-10-25,587.4190673828125,595.734902305677,584.4826768943184,595.734902305677,2750898
2016-10-26,582.2510986328125,594.3255150090432,580.2543528313987,584.1538455150937,2683270
2016-10-27,588.2647094726562,590.5668510704136,575.1331942370588,582.1100465204793,5811930
2016-10-28,591.5300903320312,592.8690730971427,582.6269188122151,589.3923748402435,2660268
2016-11-01,591.8824462890625,593.7851931249079,585.8922090310108,590.0970977343449,1701208
2016-11-02,585.4692993164062,589.9560696232546,583.284613297734,587.7948976693098,3237216
2016-11-03,589.603759765625,591.9763864773772,578.7039000345312,584.9290485431227,3157906
2016-11-04,584.3182983398438,588.5937295418922,583.4021672830545,588.5937295418922,2867460
2016-11-07,587.0198364257812,589.5568899870424,582.5800357071188,588.2179070204135,2835696
2016-11-08,589.2984619140625,591.0367824513056,582.6269471289787,587.7949953062159,2674082
2016-11-09,587.865478515625,590.7548987314537,561.602385927247,563.7870723026973,6822734
2016-11-10,600.6915283203125,602.782215323793,589.2043347788044,593.7381329816394,5350368
2016-11-11,599.399658203125,602.3125351987885,594.607433574642,598.5539546359256,3569660
2016-11-15,589.5098266601562,605.6012485076242,587.5835657340938,600.1982893471605,6256262
2016-11-16,584.6237182617188,595.7350337928813,582.6035155705734,595.7350337928813,4323872
2016-11-17,577.9755859375,586.7613006328484,575.6030168490297,581.7811938669772,2407812
2016-11-18,569.14306640625,580.7006900287784,568.1094223529716,580.7006900287784,3439950
2016-11-21,563.17626953125,572.9486015428091,558.3136175935992,572.9486015428091,2776260
2016-11-22,562.8709106445312,566.9818578232048,558.7834201817628,566.9818578232048,5008892
2016-11-23,556.6221923828125,565.1964527845735,554.9073288321847,565.1964527845735,1766346
2016-11-24,547.5781860351562,557.3505180872776,545.4170137596061,556.2699032738095,7642998
2016-11-25,558.7599487304688,560.5922106863937,544.0544808414384,549.2225285869097,2984980
2016-11-28,556.4812622070312,563.2702320481299,553.4979006681581,554.5080305588552,2065090
2016-11-29,553.80322265625,560.4746786227787,552.7461221251988,556.5986433422578,1966322
2016-11-30,563.5991821289062,564.7267678444648,554.9074639882053,556.7397836070638,3221420
2016-12-01,562.4951171875,567.4987394308391,560.4983711043537,564.8677442974426,2238492
2016-12-02,558.666015625,564.7032242776507,552.8402041917406,558.6190448375118,2031336
2016-12-05,562.0721435546875,563.2936705999504,552.7461782813303,557.9611966273933,2275968
2016-12-06,561.1795043945312,565.1260251616515,559.1827586193425,561.4379297295209,1351482
2016-12-07,555.1422119140625,566.5589207282071,548.282815410902,564.6561168087246,2814096
2016-12-08,563.5521850585938,566.3946346099076,557.679402804961,557.679402804961,2154848
2016-12-09,562.98828125,564.8675711049927,558.1490869328437,563.3641048101736,2193976
2016-12-12,556.4812622070312,560.0989300305299,554.9073682315359,560.0284451820846,1712636
2016-12-13,557.326904296875,559.25316495104,553.7092942232326,554.507969480621,1263434
2016-12-14,552.3703002929688,558.1491400879671,551.2897429342664,557.6793175794755,2157072
2016-12-15,552.793212890625,561.2030481889324,546.6855196076982,546.9674016735559,2470744
2016-12-16,555.47119140625,556.7396892767074,550.420599288339,552.7931686166214,1627914
2016-12-19,552.8636474609375,554.1556593840457,549.9272567266007,552.8871615273648,1580218
2016-12-20,555.2833251953125,556.7397637398815,550.4911004130466,552.511360470971,2094996
2016-12-21,554.390625,556.7397378177966,552.0415121822034,556.2699152542373,1329438
2016-12-22,551.1488037109375,554.155679401792,548.9406607395042,552.6992410152263,1402858
2016-12-23,557.326904296875,558.7363717050019,549.3634363815079,550.1621116388962,2376258
2016-12-26,552.04150390625,557.2565228132999,549.7393619090445,553.7093969224362,2091932
2016-12-27,556.8336181640625,557.6323508451221,551.524658190414,554.0617112249536,2449648
2016-12-28,557.5618286132812,561.4143500120007,554.8603493509881,559.041780896813,3253920
2016-12-29,566.2300415039062,567.5220533502572,555.0717573763292,556.7396501548973,4050408
2016-12-30,566.699951171875,569.4249449712029,563.763560160266,563.7870742289138,2033270
2017-01-02,562.4246215820312,568.5323153667443,560.0520518688045,568.2269192072304,1854328
2017-01-03,559.0419311523438,564.7032591519368,557.0921558643658,564.163009035375,1923750
2017-01-04,556.974609375,560.028455820329,556.1759340144672,559.0183259104435,3483560
2017-01-05,557.3034057617188,561.2029553067451,555.8469675363467,558.618931653177,3388192
2017-01-06,560.8036499023438,563.0353068223391,558.2430828148894,559.1357570531635,2762630
2017-01-09,561.5319213867188,565.7368678639251,560.0989969369444,563.2467852639531,2286898
2017-01-10,570.5288696289062,571.679969019919,561.5787865407059,562.0015808564124,2773058
2017-01-11,579.760986328125,581.687247178712,571.069269758376,572.0089147929434,4671702
2017-01-12,580.2308349609375,584.3182681047241,575.7675208458534,580.2308349609375,1458158
2017-01-13,579.0563354492188,582.4390351173722,577.2240158992232,582.1101822487481,1925206
2017-01-16,586.1740112304688,587.0196572585234,579.1971590799857,579.5260118656665,1882932
2017-01-17,581.875244140625,588.4057892350886,580.81814337412,585.8687359251993,1779806
2017-01-18,583.801513671875,590.0971475764877,582.9793241748536,583.0028382438951,2306444
2017-01-19,580.841552734375,584.882014576586,580.2307605721694,584.882014576586,1756206
2017-01-20,580.8650512695312,584.9290274688076,577.8816897884606,580.7006248605993,6971034
2017-01-23,584.7645874023438,587.2781263126861,580.6066697383258,580.700611297984,2396924
2017-01-24,595.5236206054688,597.3793968134887,586.9258446474643,587.2782115744089,5130932
2017-01-25,606.3529663085938,608.70207903825,596.7216041170032,597.8961604818312,7818492
2017-01-27,606.9638671875,610.7694190203478,605.1315474601599,610.2995963903321,3426118
2017-01-30,603.6984252929688,607.4570054601879,601.6312520821039,607.4570054601879,2659814
2017-01-31,604.4971313476562,607.3395230630153,599.9633327504874,602.5003857218226,3050520
2017-02-01,613.447265625,615.4675254812555,601.6077605944638,604.2857261235615,5455332
2017-02-02,610.1585083007812,613.4472660729299,607.2926022839001,613.4472660729299,2985818
2017-02-03,615.9608154296875,618.286413878725,609.1248750712515,610.2994313286199,4002552
2017-02-06,617.393798828125,620.1657633314745,616.1487576057052,616.548152652595,2155110
2017-02-07,614.1286010742188,619.2261646314456,612.1553118140284,618.2865194650852,1705960
2017-02-08,613.423828125,619.5549780341196,609.9001589756028,614.3165024464578,2470480
2017-02-09,609.665283203125,620.1188356217709,607.269199512275,615.1856985253313,2232688
2017-02-10,612.4606323242188,614.8802297990532,609.8296376536167,609.9940640671451,1648368
2017-02-13,615.5615234375,617.8166947696102,610.3934750401877,614.3165394774409,1397896
2017-02-14,615.9844360351562,617.3469331264907,612.6487068469893,617.3469331264907,1223030
2017-02-15,621.1993408203125,622.0450443347353,614.2694583399973,616.4071738422754,3063470
2017-02-16,623.8773803710938,626.273463924082,620.2832263659184,621.5752383882674,2521850
2017-02-17,646.9691162109375,683.1219357431755,639.1700165930123,678.893533114779,201129980
2017-02-20,662.02685546875,665.0102167932107,638.5592451656673,639.5223468539288,5283358
2017-02-21,665.0573120117188,667.9937028539318,656.5300215356551,660.5939979315548,3130014
2017-02-22,657.3521118164062,666.5841347020416,655.3318522811463,664.7987863987247,2648388
2017-02-23,655.0735473632812,667.7822118233091,651.6673341723863,659.5368611996263,17247490
2017-02-27,654.7447509765625,656.9764082825488,647.6974121155532,653.4762529221371,2340688
2017-02-28,653.100341796875,655.9897620669461,650.4693468803487,654.4158679308321,1464004
2017-03-01,653.82861328125,656.1072413530862,651.3620447047347,656.0837272832301,1740868
2017-03-02,648.4020385742188,655.8722279995036,646.5932333698545,655.1910082963602,2300994
2017-03-03,646.9456787109375,650.4693479849622,643.1870981519778,650.4693479849622,1246412
2017-03-06,648.7073974609375,653.0062846775593,645.1132439732249,646.8516215820276,1839562
2017-03-07,651.2680053710938,651.8787976355591,646.5697798025492,649.4122292120732,1556438
2017-03-08,654.0869140625,657.375671826486,648.8484386481151,652.0667115611675,1891072
2017-03-09,655.0264892578125,657.1406904519688,649.1302514493813,649.1302514493813,1754658
2017-03-10,657.7985229492188,661.5101324638596,654.5332792558065,655.4024394794632,2930352
2017-03-14,662.7786254882812,669.0977729786945,660.8758786372294,668.1346138438552,3577510
2017-03-15,665.5504760742188,667.1478838861929,662.7080846417251,662.8959677420025,2135930
2017-03-16,665.9028930664062,668.486916754946,664.1645727983035,666.2552599330253,2490054
2017-03-17,669.8963623046875,670.6715808561624,663.7886701497802,666.466692659296,1695232
2017-03-20,674.7120971679688,676.4739315857623,669.9433872068645,670.2722973756811,4071172
2017-03-21,676.99072265625,678.8935267617748,673.7254791532075,673.7254791532075,2778640
2017-03-22,672.2691040039062,675.1350101130931,669.8730204487299,670.7656374202411,2818272
2017-03-23,672.2691040039062,674.1953650050721,668.5105235718222,673.913482942943,2461236
2017-03-24,669.191650390625,673.9368460567941,668.0875790123218,673.2556263886478,1905182
2017-03-27,662.3793334960938,669.0273342781946,659.654397022928,669.0273342781946,2932042
2017-03-28,667.2418823242188,669.3560835449563,663.9061540906641,666.3492654676769,4030700
2017-03-29,671.1884765625,674.1014107533977,667.1480141442975,667.5238951209891,4287886
2017-03-30,688.853759765625,695.313819452032,669.5206088397745,670.9065623410326,17160546
2017-03-31,677.7424926757812,683.1219375377093,674.9235575827782,683.0279959751617,4825696
2017-04-03,673.3495483398438,681.2895596389208,669.9668494598398,679.3632989613802,2074526
2017-04-05,672.9503173828125,679.598317929273,670.6952035557865,674.312814246795,2872040
2017-04-06,675.8397827148438,677.9539843291759,669.5206919414511,672.5510246481049,3062208
2017-04-07,676.0040893554688,678.8935091866427,671.1884087539718,672.3395082841814,2324180
2017-04-10,673.7960205078125,677.953938598587,673.0912866839054,677.953938598587,1696938
2017-04-11,676.3096313476562,677.1083068255026,672.5510505551719,673.7256070528232,2178130
2017-04-12,678.28271484375,681.2191054450882,674.430193315346,676.0745720520953,1782546
2017-04-13,676.6854248046875,680.7258871634959,675.1585015553239,677.9539227174514,2402118
2017-04-17,675.0410766601562,678.3298345777769,671.0240708345079,676.6854556189666,3568528
2017-04-18,679.9741821289062,683.5917927306385,675.6048095853321,676.5444546612505,1819430
2017-04-19,680.7728881835938,684.4140130168738,675.6048400331317,679.8332430653279,2169072
2017-04-20,686.9510498046875,688.7833692115677,682.6286479536644,682.6521620216109,2890686
2017-04-21,703.1364135742188,704.263999159227,682.7931316651069,688.7598550816723,8629016
2017-04-24,720.261474609375,723.0568958079095,703.324348943756,703.8411422723021,10103476
2017-04-25,722.1408081054688,726.1107859031091,718.6405955290078,721.2011629603337,4528890
2017-04-26,728.5303344726562,729.6344059734274,689.910887202189,724.9126664971152,3897926
2017-04-27,736.9636840820312,739.4772234030354,726.3926760813127,726.3926760813127,8090210
2017-04-28,726.5806274414062,732.8762615484219,722.1642836737153,732.8762615484219,2718864
2017-05-02,723.80859375,728.6477888531974,718.9929127143595,726.8154694766768,2003520
2017-05-03,725.546875,730.2215857109364,723.2212193253688,730.2215857109364,1253982
2017-05-04,721.0836791992188,724.8892304183441,715.3518096265708,723.1743666250645,2565514
2017-05-05,719.862060546875,724.8891960498049,717.0901534893471,724.513315083674,1378948
2017-05-08,721.0836791992188,723.52673354075,718.1472882351735,722.5870884322554,1873626
2017-05-09,721.5299072265625,726.1576473995759,720.0734689410824,721.0835987903504,1672918
2017-05-10,729.0706787109375,730.5740879771523,722.1407958828584,723.5267495079192,1171122
2017-05-11,726.5336303710938,732.923205823379,723.9965770345045,728.6948027128595,1937872
2017-05-12,729.0001831054688,731.466751533326,721.7413901783711,726.298703398768,3073802
2017-05-15,729.822265625,731.6075566717424,724.5837334042254,728.2248576926888,1402390
2017-05-16,732.7586669921875,733.8627383869625,727.402679070176,730.5739809165984,1795188
2017-05-17,731.5841674804688,735.4602033710921,728.9296587032804,732.3593861288701,1736236
2017-05-18,731.5606689453125,733.627899601145,727.332266065767,727.7551178239985,1553640
2017-05-19,733.5104370117188,737.5744134332534,725.9932764082359,732.6882475707127,1427068
2017-05-22,740.4403076171875,742.3195977380434,734.379585507151,735.3192305675789,1430026
2017-05-23,737.1985473632812,743.9875175813553,735.2722863899806,742.3196245981914,1540086
2017-05-24,736.094482421875,740.1819156785892,733.8628253026768,737.1750972306727,1733694
2017-05-25,759.7734985351562,765.5288243964213,736.2588585042921,736.2588585042921,10045402
2017-05-26,763.931396484375,766.7503315267528,752.2328045882311,754.8403424429828,2721578
2017-05-29,766.7034912109375,774.267623391511,760.0085193460534,761.0186493784016,2958170
2017-05-30,765.3644409179688,767.4551283055198,759.3037186089155,765.8107493957743,2217092
2017-05-31,768.7236328125,771.9184490907395,762.5924829502734,763.4616431968666,2659456
2017-06-01,765.1530151367188,770.4385189739585,761.3709779129039,770.0391812654223,1679770
2017-06-02,767.8074340820312,773.3748193343325,764.0253399501923,767.6899784549727,1606772
2017-06-05,768.4183349609375,770.0156858337439,763.461683857492,767.5491173166658,1449950
2017-06-06,770.015625,772.2943101882927,765.8107362293556,768.1598489171756,2501316
2017-06-07,770.8848266601562,772.811087554123,765.9751468331455,770.696886178734,1277138
2017-06-08,772.7405395507812,779.6234504917478,771.2841013037092,772.3412019050099,2124384
2017-06-09,783.1002807617188,784.6036900416026,770.5559837615982,770.5559837615982,2652636
2017-06-12,784.016357421875,787.4225708099251,779.9054102294008,781.7847003745319,1985706
2017-06-13,787.7514038085938,794.892740591098,780.3752131152459,780.727580008585,2525810
2017-06-14,785.16748046875,789.278428084135,783.1942485539212,786.9528292308446,1929180
2017-06-15,781.9490966796875,787.234600009328,776.8985046091422,783.6639603413583,1763346
2017-06-16,784.2513427734375,786.8118528975008,779.0128095287557,782.2545968056154,1877552
2017-06-19,795.3624877929688,796.8189260105664,783.8518370339717,785.0733640115899,1912766
2017-06-20,792.3792724609375,795.8794276407625,789.2314268545955,794.0001373747866,1830132
2017-06-21,798.0875854492188,799.2856559563803,789.1139857343286,790.5234534597475,1705466
2017-06-22,797.758544921875,806.2153492850044,794.5637292219205,796.3255634642392,3337730
2017-06-23,788.6676025390625,799.9903140573527,787.0466803975042,799.6379471593683,2608734
2017-06-27,783.4996337890625,796.3492698290049,778.1436449287843,793.5303343605837,3000216
2017-06-28,782.9356689453125,786.9526741929383,778.8717502701353,782.2544492723835,2224518
2017-06-29,786.5301513671875,795.4451411243042,780.8784315511484,788.398258520846,4593854
2017-06-30,781.3276977539062,785.0875820569171,777.0475285057317,782.1553503253518,2165216
2017-07-03,784.4254760742188,788.6346922751335,779.0575693254655,781.5878100150579,1752166
2017-07-04,781.942626953125,788.2564232658075,781.3041635475678,785.2059549212164,1883040
2017-07-05,779.7669677734375,784.8511193449701,777.993426527554,781.8242640721699,2007100
2017-07-06,784.2127075195312,786.5064761349469,780.9966627562395,781.5642306316554,2285838
2017-07-07,788.4928588867188,789.6279369619741,784.1417936194537,785.4896735758642,2758698
2017-07-10,792.8203735351562,826.7068530573722,785.5843584882687,788.871299141703,654626
2017-07-11,794.7357788085938,799.6544120996284,788.4455952153759,793.3878988193244,2205140
2017-07-12,795.1376953125,796.9112366403346,784.4018815676608,794.5465148698885,2869446
2017-07-13,796.2255249023438,800.8367325544131,794.3810302950225,798.3301042761985,2240502
2017-07-14,794.5228881835938,797.4078950879153,790.7630034551287,796.3910531242994,1221626
2017-07-17,795.6580200195312,798.1646484962392,793.1277789617054,795.752643541419,1199670
2017-07-18,796.2255249023438,798.2591510735194,793.2932351405217,794.4046428742705,1161094
2017-07-19,800.36376953125,802.2082063631279,795.4214662926566,796.9112525843373,1993622
2017-07-20,809.1605834960938,811.0996439847819,798.4010984228262,801.1205287160697,1849238
2017-07-21,805.4479370117188,811.2178352656144,804.0054335820112,810.6739376905214,1936754
2017-07-24,820.6057739257812,822.9232129109321,801.6407160253045,808.734881653847,9839088
2017-07-25,822.7576293945312,831.9090907910786,819.6362083092894,831.9090907910786,5580234
2017-07-26,826.4939575195312,830.0173699857431,819.3761216525926,823.8690931710339,1947672
2017-07-27,846.4049682617188,850.7324211257579,828.3857979285997,830.4903774435974,8980856
2017-07-28,841.1315307617188,844.9150855810012,832.9022874832866,838.0573924710518,4627698
2017-07-31,843.9219360351562,847.0433572961193,835.4798906705743,840.6822786830016,3684570
2017-08-01,849.9755859375,855.6273057138117,838.1519768646299,842.715901513251,4258430
2017-08-02,847.3507080078125,854.610391820727,842.8104540526562,854.610391820727,3698958
2017-08-03,841.8173828125,847.5163860685053,839.1925759661126,845.624608421031,2128392
2017-08-04,846.6886596679688,849.7627980775997,835.2907118802921,840.4221467560287,1772534
2017-08-07,845.8847045898438,849.6209190529,844.2057289267218,844.6786733126751,959330
2017-08-08,840.8478393554688,849.9993017209517,835.2670724815339,847.5636265751463,2017686
2017-08-09,834.4867553710938,840.4459012247574,831.6018059673597,837.5845644024431,1635028
2017-08-10,832.594970703125,835.2198352943493,829.0006047024864,832.3821688097705,3894222
2017-08-11,827.203369140625,831.4361981371305,818.7376534151472,825.2879213590971,3179918
2017-08-14,831.057861328125,839.4526242739905,826.7067960210023,829.0715179775841,1788542
2017-08-16,842.4321899414062,846.4758875461126,826.9669315685221,833.493529474271,2213416
2017-08-17,834.93603515625,842.290285759281,829.426221482729,840.0674702259145,2727434
2017-08-18,828.6695556640625,832.8551021265517,824.3421027862463,832.382157718757,1853732
2017-08-21,824.4365844726562,831.9091284465152,822.0718626749117,829.5444066487706,2004862
2017-08-22,826.2338256835938,829.5444363188458,821.4098161366423,828.2675095953786,3304778
2017-08-23,838.2702026367188,840.8713966007309,827.6526249129644,827.6526249129644,1680262
2017-08-24,833.5645141601562,839.4526489118736,831.9801619492397,839.4290363310964,3939138
2017-08-28,833.4461669921875,837.6553831840089,831.6016725112249,833.517120190006,753892
2017-08-29,825.831787109375,831.9091104516276,821.9772791159346,831.9091104516276,2459298
2017-08-30,836.4258422851562,837.1115885726371,827.676370879171,828.5749190538091,1347160
2017-08-31,840.1619262695312,841.7699485271793,830.6794271564577,838.0573471082092,3651718
2017-09-01,835.976318359375,842.5265852521211,832.902180463704,842.3137834138653,1147586
2017-09-04,828.0783081054688,834.7468121689369,825.8081520388781,834.7468121689369,1821262
2017-09-05,830.182861328125,834.6995030076907,828.1255649320399,830.9632310597339,1841218
2017-09-06,832.3348999023438,833.706450272767,821.9774055130778,824.6968359398328,2875816
2017-09-07,835.4799194335938,840.3039290272975,832.4293935363521,832.4293935363521,3473210
2017-09-08,845.4590454101562,846.5704531736949,837.5845098159853,838.719587891874,4155832
2017-09-11,862.3430786132812,865.0152257669823,846.6649616899837,847.9892289776923,5738838
2017-09-12,867.947509765625,870.1703830082206,859.9547958680611,864.4004268883148,3343840
2017-09-13,871.092529296875,874.4740929062557,862.6504842947595,867.8528720838178,2497688
2017-09-14,869.9337768554688,876.1293357806238,866.1975052535561,870.2884850885783,4077008
2017-09-15,874.450439453125,875.7983770467913,867.1198019726821,868.3258331672894,1883666
2017-09-18,879.889404296875,881.7811819364565,876.1295193311954,876.6261340545744,2042464
2017-09-19,874.80517578125,883.4600808223357,873.7883915744142,881.9939648257085,2120734
2017-09-20,874.4032592773438,880.3623472859135,872.7006709509627,874.0012680760759,1723064
2017-09-21,869.7919921875,874.2376808777593,865.8192478742371,874.0012086892611,3856248
2017-09-22,862.6978759765625,869.7210888309878,860.7588154662373,867.7584157399401,4121762
2017-09-25,851.1817016601562,861.9175166711739,847.8001375831047,861.9175166711739,5074614
2017-09-26,847.658203125,849.6918292421669,844.2056861893345,846.1211339484648,5719366
2017-09-27,840.1856689453125,853.9483384944052,837.111530556264,849.4080841124578,3668610
2017-09-28,849.0771484375,850.8270197152423,833.942926852793,839.00340910219,13823232
2017-09-29,853.9956665039062,861.7046831951826,849.5263650874571,851.3471894522153,3106816
2017-10-03,855.4854736328125,861.231759687933,849.9283768857872,855.0834824359049,2197212
2017-10-04,849.8810424804688,856.9279252194825,848.1547839639953,855.0361477181348,3312552
2017-10-05,850.6377563476562,853.6646119475929,848.0365622392287,848.9351681140882,1668098
2017-10-06,851.3471069335938,853.4044032952106,848.462157965266,850.3539353520335,1515330
2017-10-09,849.171630859375,852.7187136950449,846.8069089689285,850.732370400057,1531246
2017-10-10,852.5767822265625,858.3703506878508,847.8237260059649,850.8269111720579,1899090
2017-10-11,846.6414184570312,858.5123111998172,845.4353871593555,852.8369784718747,2633720
2017-10-12,860.1912231445312,861.4444795097664,845.6245137959987,848.9824071980244,2690780
2017-10-13,875.3255004882812,878.044930731972,861.7046789573291,863.9274944983147,3216732
2017-10-16,878.3286743164062,885.9430673525233,871.1635553521141,879.6765542643499,1637272
2017-10-17,875.5382080078125,876.6968985459516,869.791922739621,874.9470275837693,1306644
2017-10-18,883.6965942382812,886.7707327785804,869.7447347092316,870.6906234908621,1963360
2017-10-19,874.1903686523438,882.0412335005472,870.525049853615,880.5278346379293,285004
2017-10-23,881.2373046875,884.2641025965198,868.3495700642775,879.6292822155398,2081446
2017-10-24,883.0344848632812,888.946289911282,876.3659803156306,881.0954243540313,5664436
2017-10-25,848.9824829101562,881.0954192929306,844.2057560053039,879.6765860895604,10683604
2017-10-26,849.1006469726562,856.0292934077814,831.3652334352022,836.165630245833,14285732
2017-10-27,847.0670776367188,854.846989803631,841.3680746117066,853.3808737327578,3736044
2017-10-30,858.3939819335938,858.8669262762569,847.7054513358996,850.4721641939863,2711176
2017-10-31,855.3198852539062,856.7387183508162,850.9451498717671,856.7387183508162,2341230
2017-11-01,861.3262329101562,863.1234445452089,856.975167953928,858.441283902279,2095306
2017-11-02,861.7518920898438,865.393598239119,859.3162171309546,862.1775535530662,2368972
2017-11-03,865.8192749023438,870.2176808387012,861.5154924838203,863.4545529435429,1905244
2017-11-06,864.8260498046875,870.2176270842024,861.9883836294129,863.1234616460159,3074122
2017-11-07,862.5086059570312,872.5586736037455,861.1134431884736,869.2717333958065,3723188
2017-11-08,863.57275390625,867.1907899025061,860.2858136102368,863.2180456268615,1641572
2017-11-09,864.4713745117188,867.8529383794183,861.2789999427481,864.0693833347124,1556654
2017-11-10,861.7046508789062,867.7583619692863,857.1407261156282,861.5627444734804,3872180
2017-11-13,857.7083129882812,862.2485675403206,848.9351715486489,861.7046699507733,1667936
2017-11-14,852.4112548828125,860.2857900157611,851.2998471843706,858.819674047659,2356234
2017-11-15,851.4181518554688,853.0261743539465,845.6245829843512,850.3540269607737,3074184
2017-11-16,854.9414672851562,858.8669284320991,849.0296629870279,853.1915963058958,2006486
2017-11-17,863.3836059570312,869.4136465921914,857.5190843026176,864.8733345162154,3179386
2017-11-20,869.3426513671875,870.0756804557632,865.0151991034741,865.0151991034741,1196212
2017-11-21,873.1735229492188,874.9470642957642,868.3731261580758,869.0115894963391,1137766
2017-11-22,877.4300537109375,879.6765394972881,872.3695719799348,874.8051893307407,2830398
2017-11-23,871.5655517578125,879.6765595387632,869.2717830280897,879.2036151519144,1616290
2017-11-24,875.6092529296875,878.6361085643591,870.6906197399046,871.6365085174602,2601842
2017-11-27,878.517822265625,880.6224015824355,872.8661025032076,874.474124879658,1935236
2017-11-28,882.206787109375,884.8789344011205,877.7138155023143,877.7847687057615,2545270
2017-11-29,885.9667358398438,887.007190389542,877.6902091366621,882.041274367633,1637292
2017-11-30,876.6969604492188,886.2740839949541,870.2176456371897,883.7911260386524,2898156
2017-12-01,874.0957641601562,879.6765308358653,872.1567037838395,877.2645260881313,1929074
2017-12-04,867.4273071289062,877.2645736810559,865.5355295406059,877.2645736810559,1820966
2017-12-05,860.9715576171875,864.8024532105893,854.6104789163586,863.5964219708195,1946680
2017-12-06,852.860595703125,861.3972068439441,850.8269118425326,860.7350731870675,3197560
2017-12-07,855.86376953125,859.1507097283995,852.7659608914453,854.4449364563714,2115652
2017-12-08,870.4067993164062,876.3658866211961,857.9210568434158,857.9210568434158,4478200
2017-12-11,873.2445068359375,875.7747476994301,870.2176512849744,874.0012062905613,1599116
2017-12-12,860.7114868164062,874.8998181852163,858.843321880032,874.5214395890607,1205294
2017-12-13,861.3972778320312,872.5824245221289,858.4413753099373,860.7824847469184,1453730
2017-12-14,869.2954711914062,870.2176896717116,856.9752465680116,862.6505793267402,1841546
2017-12-15,886.0376586914062,892.9190227702563,877.5483298465099,877.7848020453367,6225062
2017-12-18,888.6388549804688,898.1214132688441,855.6983237919454,877.3118597228572,6148994
2017-12-19,891.263671875,895.5911244390877,887.3145979027054,889.0408564125014,2476056
2017-12-20,883.5310668945312,900.0604501042569,881.4028171559844,898.0741067746009,4671752
2017-12-21,883.6019897460938,891.5001376337347,882.1358160128179,889.088132892731,3427272
2017-12-22,887.5510864257812,889.1354385596998,880.5042035843197,888.6624941774871,2235452
2017-12-26,883.6256713867188,890.4597527082393,878.1158574979588,889.6084296825401,3392848
2017-12-27,878.1394653320312,884.5478846847458,875.4909883874197,884.453261170583,1744692
2017-12-28,888.2132568359375,889.561136834486,878.7306984874734,879.15635999556,4350260
2017-12-29,885.5411376953125,888.7571250905501,883.5311239236117,887.6221046760385,3172936
2018-01-01,877.0753173828125,889.4901068577648,875.1835399390103,885.6828816591263,3290258
2018-01-02,885.5174560546875,886.7707702898582,878.9908578248373,878.9908578248373,2388158
2018-01-03,876.2003784179688,888.3077424642264,875.5145744578061,886.770673297178,2265644
2018-01-04,879.6293334960938,882.2778106871215,876.3660054694378,876.3660054694378,1186888
2018-01-05,881.379150390625,883.4837875578057,877.5719827047182,881.0953953041707,1435434
2018-01-08,879.9603271484375,884.7370539771015,878.6124471732285,882.0412940266834,2285154
2018-01-09,881.4263916015625,884.3350109982309,877.3117987113744,880.6224092725495,2652764
2018-01-10,881.6629028320312,883.4128317027768,878.3996327488924,882.1358472188593,2307944
2018-01-11,885.6119995117188,887.2436344885538,877.9029832192846,881.6628678524087,2029548
2018-01-12,882.1832275390625,888.2605516367713,879.6765990830951,885.8248763885146,2168354
2018-01-15,897.5301513671875,900.6752428802682,879.605548732924,884.3822751807971,6288222
2018-01-16,898.665283203125,903.3237738410998,891.6184003319022,900.2259650315367,3222692
2018-01-17,894.101318359375,899.8003210271991,892.4460130886753,897.1754567192459,1452748
2018-01-18,914.8162841796875,924.1332648314195,907.1309384511765,909.9449342557068,8324770
2018-01-19,923.2820434570312,926.9237500114998,907.6985484203082,915.2183759990456,5727994
2018-01-22,928.5553588867188,940.2134496759247,923.7313491896189,926.9710067227427,4424884
2018-01-23,922.8563842773438,930.1396814841021,919.072829268132,929.3356991376317,2523898
2018-01-24,925.8595581054688,931.2274651621191,922.5252772017186,923.4475533633249,2395284
2018-01-25,934.04150390625,936.4298961788861,922.4780366146047,924.0860590939311,4361834
2018-01-29,945.7232666015625,949.1757260294934,935.4840089510292,935.4840089510292,4117946
2018-01-30,943.760498046875,946.7873535861022,938.392590950005,944.8482931997507,3198780
2018-01-31,948.58447265625,952.273461729614,939.7404362834583,940.8755142854523,3471674
2018-02-01,941.7031860351562,952.9828976192932,938.9364730401742,948.7263983247158,3260710
2018-02-02,921.2955932617188,941.1119730616336,918.2214549885149,939.2674785512185,3673062
2018-02-05,905.1446533203125,915.2656753055298,901.3610980161171,907.1073841808584,3963392
2018-02-06,897.0808715820312,904.2696026523906,868.4677382345053,879.6764963041039,5374902
2018-02-07,885.730224609375,901.9048987034137,880.8115916960672,901.9048987034137,4182486
2018-02-08,889.584716796875,897.9321967285231,882.7506935348778,891.0272202623679,2585722
2018-02-09,874.7105712890625,881.8993022829077,872.1566602643535,873.9538718790469,3204476
2018-02-12,887.5510864257812,891.9731048529754,877.3827822082102,879.6765509154476,2190554
2018-02-14,890.625244140625,897.6011739288859,886.6052168050171,893.7703358967417,1788594
2018-02-15,890.0339965820312,896.111320020238,886.7706689737149,893.7229279254826,2457612
2018-02-16,888.4733276367188,896.1586740445368,887.0781647664413,890.9799560196412,1791760
2018-02-19,888.2839965820312,892.7296847257683,879.2271590619108,890.364963131489,1827276
2018-02-20,881.18994140625,891.9021431072669,879.1090323304186,891.381915838309,2042034
2018-02-21,878.4469604492188,883.7203021778308,875.9876148727839,883.4364893452819,1376536
2018-02-22,876.46044921875,879.6764939023467,870.9506937090432,874.9470503867426,6626798
2018-02-23,889.3955688476562,891.4291950237589,875.1362843732941,878.2104228154549,2038374
2018-02-26,904.056884765625,905.5939540551733,890.8144416556704,892.9663040215559,2394442
2018-02-27,899.80029296875,908.8808013633019,898.5942617875756,905.5701909251371,2393664
2018-02-28,891.1217651367188,896.4423893366892,888.1895331150554,893.652063720012,2033182
2018-03-01,886.4632568359375,895.4255871703766,883.4600716719826,888.8043660764752,1954920
2018-03-05,884.3822631835938,888.1894882897492,878.8488373878735,886.3686640908131,1890732
2018-03-06,873.1735229492188,889.0881121787132,869.9811485254369,884.4059514773401,2288414
2018-03-07,866.7178344726562,876.5551003885165,864.7787741165639,870.2176343311335,2814082
2018-03-08,876.2950439453125,878.9671914248446,866.4341644822789,870.1231539960985,2759362
2018-03-09,875.4437866210938,882.159574252882,872.1095053865778,877.2882236623431,2054054
2018-03-12,883.1053466796875,884.1458011674729,876.5550789108701,879.7710658846842,3278558
2018-03-13,879.7947998046875,891.3819373373927,877.311841761965,883.1999763131479,2562100
2018-03-14,881.8047485351562,883.412770886165,874.0011666897125,877.784721523867,1840196
2018-03-15,889.5138549804688,892.6825593830387,882.1358761182665,882.1358761182665,2935462
2018-03-16,876.3659057617188,889.6556308325511,873.3154377094472,889.1354035790779,3948168
2018-03-19,873.6465454101562,879.6765865274817,871.7074849110791,876.3659757179696,3919370
2018-03-20,869.9811401367188,877.7374390973146,867.9711266300152,872.6296169755291,1828686
2018-03-21,879.1563110351562,881.1899372100289,871.7783903249265,874.001205796465,2960570
2018-03-22,883.3418579101562,889.13542651377,877.359100009727,879.1563117307738,3336612
2018-03-23,870.9508056640625,876.4132789872715,868.9171215979502,873.362810620575,3595076
2018-03-26,895.4964599609375,898.5942685586915,867.1434691591373,870.1703245576175,5250884
2018-03-27,895.094482421875,898.1213378663907,887.243617607872,895.6620502922336,3068418
2018-03-28,892.0203247070312,898.4523563040874,887.2672686411667,890.5305384618487,4418754
2018-04-02,913.3502197265625,915.5021398808752,894.1014053699056,894.1014053699056,2298184
2018-04-03,906.1141357421875,910.748955957928,903.7966967680835,909.92130330521,2039942
2018-04-04,890.6725463867188,910.3943048863633,888.4023901607653,904.718972053951,1857054
2018-04-05,902.8035888671875,905.215593793183,893.9594938285759,899.2092229252659,2429446
2018-04-06,909.6612548828125,911.1037006385557,901.3374451322703,904.3642430543076,1860004
2018-04-09,917.0628051757812,918.4579679764764,906.3506036320338,907.4856816683025,2001768
2018-04-10,908.4552001953125,918.9309297521041,904.9790705510301,918.9309297521041,3033618
2018-04-11,907.5093383789062,908.0532359781997,901.1482593761094,906.1141755103652,1435406
2018-04-12,912.2151489257812,914.15420934938,901.3847110097464,906.1614377310416,2356258
2018-04-13,910.41796875,917.5121347402597,907.627585247337,911.836801948052,1648586
2018-04-16,918.5051879882812,922.2414598078416,907.9821764597045,908.0531296569517,1423872
2018-04-17,921.5321044921875,922.7144654166065,914.7216940210404,919.1673826433494,1333916
2018-04-18,914.0122680664062,923.8968168393869,912.8062945753817,922.7144559271277,1356360
2018-04-19,917.0390625,919.7821627268169,914.2013964994842,917.5120068334193,1584516
2018-04-20,925.031982421875,927.4439873647024,913.7995526921903,917.9850991712838,4680690
2018-04-23,915.5021362304688,935.9569818417139,879.8185038004875,935.9569818417139,7652310
2018-04-24,915.1472778320312,921.3192244266739,910.8907788653706,915.1472778320312,2518708
2018-04-25,908.4078369140625,916.5661267418733,904.2695739579266,911.7894004761405,2010296
2018-04-26,912.90087890625,917.133707965166,903.914935790478,906.5398001620194,3923740
2018-04-27,909.6612548828125,915.3838704780309,904.5061494648587,914.2015094983382,2888504
2018-04-30,919.5458374023438,924.5117536962532,912.2151990637154,912.7827092614592,2304776
2018-05-02,931.4639282226562,935.4839553310048,920.3497356289865,922.2415130917389,3550024
2018-05-03,930.7071533203125,934.0177636116977,920.3496610050582,930.778106515906,2076386
2018-05-04,940.4498291015625,941.1592456183603,929.9504877459412,931.7003587277235,3440718
2018-05-07,935.2001953125,939.8823560545447,934.065117294358,937.2102088560448,2632064
2018-05-08,930.3052368164062,936.382560363757,924.4170448291942,936.0751349798319,3550282
2018-05-09,935.673095703125,936.6662672726497,925.1500841167496,925.1500841167496,2163666
2018-05-10,942.4362182617188,945.4157908707061,937.3757366211804,940.4971579009734,3585836
2018-05-11,951.44580078125,953.9287586309339,939.267483708991,942.436187776554,3028534
2018-05-14,956.17529296875,958.8474402418534,951.7532745959867,954.0233729631833,2371458
2018-05-15,963.7660522460938,976.6301159098863,958.5163235968761,958.6819003109696,4913342
2018-05-16,956.9320068359375,969.0630418195574,953.99977475114,960.3372410367173,3420802
2018-05-17,959.0130004882812,966.9111488208408,951.8005984380057,957.1685057945036,3307738
2018-05-18,951.635009765625,957.5704268706227,947.5440294868824,957.5704268706227,2608730
2018-05-21,942.6018676757812,955.8206406772656,939.2912568471119,953.5032015507028,2424054
2018-05-22,941.112060546875,952.486338575597,939.0310936681524,945.2739365718502,1980186
2018-05-23,930.5180053710938,943.0510306022672,928.5789450893673,940.1187987355067,2863146
2018-05-24,939.2675170898438,941.2775306586412,925.2447049986807,930.3288569668156,2260372
2018-05-25,950.0033569335938,953.4558740148292,941.112037192381,941.1593200840824,2379794
2018-05-28,965.846923828125,970.481801528802,948.7263615335169,949.577684452405,2551970
2018-05-29,961.3067626953125,970.8129334583041,959.5096086394689,963.8606739667429,1675622
2018-05-30,968.7556762695312,970.9548214716923,953.5977856518639,955.2057503733432,2433498
2018-05-31,1018.3036499023438,1028.0847572920675,990.0075440590279,999.5268473672877,19819596
2018-06-01,1004.572021484375,1017.6134191970451,1000.0027098844677,1007.1421866328099,10575678
2018-06-04,973.9197998046875,1026.6567580434148,969.993087586858,1023.3250022222262,44398162
2018-06-05,982.20166015625,983.7960735738808,962.877429959825,975.7284880957199,8552730
2018-06-06,979.2269287109375,982.7728457687062,973.3487127422568,980.5833596404913,4891000
2018-06-07,981.5352172851562,989.9122496226124,977.2515313358153,986.7708334454617,5281948
2018-06-08,975.419189453125,981.0831280412593,968.5890433300001,980.0122064945799,3090444
2018-06-11,972.0635375976562,981.8921703369198,970.3976597637189,976.6327327921489,3545594
2018-06-12,972.80126953125,977.0135490958753,970.2072829460245,976.6327537708838,2617128
2018-06-13,966.8992919921875,978.0131237057143,963.4009600809812,976.680398167536,3948980
2018-06-14,969.7313232421875,973.3486464449194,963.829344279199,966.2091698206291,8463788
2018-06-15,966.0188598632812,970.4453590127131,962.5443491180632,964.3053969381257,5440408
2018-06-18,961.0449829101562,970.3977091310209,956.2615102174451,966.2567777295608,3743702
2018-06-19,963.1154174804688,971.301994279848,961.1163872228468,963.8055436619496,5490576
2018-06-20,978.6557006835938,979.5362826956574,963.8294326815872,964.3053978335287,4525856
2018-06-21,979.3458862304688,985.6286026306789,974.3244309286714,980.4881560478077,6755352
2018-06-22,991.6019897460938,994.1959764371112,975.6571580570441,979.0364407234187,3924490
2018-06-25,997.1231079101562,998.4796549872154,986.6995182316946,991.4591694460464,3496168
2018-06-26,996.5280151367188,1000.9545134007983,989.935968828395,992.8869289369793,4580966
2018-06-27,1005.5239868164062,1008.8080997543108,994.7671283257889,996.1950237252996,9563402
2018-06-28,1014.2103271484375,1018.5653615357171,1004.8575427754996,1006.6662334803933,18766770
2018-06-29,1003.5486450195312,1018.5653679605558,1001.9542315715141,1009.8551829286328,9729060
2018-07-02,986.794677734375,1003.5248050975466,982.0350265696126,1003.5010998036596,4932438
2018-07-03,985.343017578125,992.387324947736,983.1536476378265,986.794734507383,3431550
2018-07-04,1001.2163696289062,1003.358212493943,984.7717528357533,988.222499673868,3048996
2018-07-05,1010.8309936523438,1013.3298107055161,995.9809041196912,1001.9066470338711,4867984
2018-07-06,1006.7377319335938,1016.4474915965072,1004.9291571613539,1005.8572660476223,4060672
2018-07-09,1011.7352905273438,1013.8057854433766,1003.2155606893319,1009.926715890845,3091148
2018-07-10,1021.6113891601562,1023.1345703600887,1011.4257830494694,1013.7579654329486,5475368
2018-07-11,1022.4920654296875,1026.0379823206829,1016.0903578287756,1020.9690002915496,2928960
2018-07-12,1030.916748046875,1037.53273370402,1024.277057092917,1024.7053792696488,4010334
2018-07-13,1038.0322265625,1042.744350712456,1029.560140854996,1032.082662890143,3580594
2018-07-16,1032.2969970703125,1042.387434374584,1029.8695284771618,1037.318336124751,4508668
2018-07-17,1036.05712890625,1038.0799807715775,1029.6315994516804,1029.6315994516804,3180962
2018-07-18,1035.7952880859375,1056.64258392825,1034.581553769319,1040.9357347076948,8730136
2018-07-19,1040.50732421875,1044.029419385129,1033.320204916852,1039.0317859665995,2652388
2018-07-20,1041.91162109375,1048.47996394794,1033.3680691845307,1040.5075470255115,5003482
2018-07-23,1026.3948974609375,1036.6519684146137,1017.6371862656734,1023.3249458638289,8440066
2018-07-24,1027.965576171875,1032.3682531389268,1021.8970214335066,1021.8970214335066,2604396
2018-07-25,1033.0111083984375,1036.0810606685204,1028.0848221446847,1030.2980138224923,3519308
2018-07-26,1043.6011962890625,1048.7653482566607,1030.4645121474598,1030.4645121474598,10640546
2018-07-27,1048.146484375,1052.810965532695,1039.840916732284,1048.0513145967643,5277298
2018-07-30,1032.796630859375,1046.6472618422104,1027.7989972762266,1046.6472618422104,3584560
2018-07-31,1037.365966796875,1040.4120970479553,1023.3488174187916,1028.0846470664142,4430472
2018-08-01,1027.4659423828125,1035.2241975404984,1024.1341863447512,1029.4174459717915,3035780
2018-08-02,1013.9010009765625,1025.0861826820833,1009.688778864243,1024.991012886779,4452852
2018-08-03,1009.8314208984375,1021.9210055122844,1006.1903339570955,1015.4954759434951,6802004
2018-08-06,1006.3330078125,1017.3277316130749,1002.4301173352084,1009.5219506584915,2872316
2018-08-07,1014.2340087890625,1015.947529670036,1003.3344542255497,1011.4258611144654,3714228
2018-08-08,1016.828125,1024.1817628230676,1015.2574168721552,1016.590142441309,4972690
2018-08-09,1008.3321533203125,1019.5173341572383,996.9803382027169,1019.5173341572383,4472204
2018-08-10,1006.4044799804688,1010.8548005776953,998.5748765672218,1010.7119877933726,2721470
2018-08-13,995.5524291992188,1001.4068236064222,990.0074818515494,991.9113423935715,5027126
2018-08-14,994.3388671875,1001.9066667882053,993.4344636575382,998.5749106516174,2467982
2018-08-16,987.9608154296875,993.1964319568214,983.5343163980798,991.4353841836344,5312580
2018-08-17,988.7461547851562,996.2187836737678,986.033060731767,991.3876681491122,3032664
2018-08-20,997.7181396484375,1003.1442121639681,987.6277015525793,987.6277015525793,3905568
2018-08-21,997.646728515625,1005.2383490570817,996.0283773610296,998.5748372735594,3888160
2018-08-23,989.959716796875,1002.8584168596605,988.5081162745031,1001.9064867060206,6287276
2018-08-24,985.176513671875,996.4806860011665,983.3678228587025,985.7238271142163,4857314
2018-08-27,990.2214965820312,994.0530385970912,985.36667615783,988.5794403476938,6287394
2018-08-28,997.0755615234375,998.6937964235443,989.4362982340567,993.8151540247161,4986766
2018-08-29,989.2935791015625,996.6948605354714,986.556779448046,995.7904570154597,4936846
2018-08-30,983.3916625976562,993.7676101135891,981.3688106696296,991.7210528895308,10913730
2018-08-31,981.059326171875,989.4125376435785,979.6552522452895,984.8670473029146,7885750
2018-09-03,987.6514282226562,989.5076456772226,982.1540079423207,984.962155620238,3830804
2018-09-04,976.5852661132812,989.031707643387,975.2525405236184,988.5319210219606,3565268
2018-09-05,973.7532348632812,980.583322755241,968.8508289591522,977.5371924502803,2820754
2018-09-06,976.775634765625,980.0122209504829,967.4467296638524,975.2525695616996,5201206
2018-09-07,979.036376953125,980.4880937304421,971.3257656700969,976.2044078840469,2959650
2018-09-10,971.5162353515625,978.1083407725364,963.876971785336,978.1083407725364,4299296
2018-09-11,952.1206665039062,974.7765952818153,949.1458844138128,973.967477793795,9093268
2018-09-12,957.5704345703125,962.0921033024796,946.9564470386898,952.8346047702645,6123004
2018-09-14,966.0188598632812,969.7314112854638,960.9498193795679,961.3781996361604,5167336
2018-09-17,948.2177124023438,962.8536402062877,946.2186820891193,962.0683442197288,4669110
2018-09-18,946.789794921875,956.6184862852566,942.8630826758266,949.5028309707806,4662868
2018-09-19,933.5342407226562,950.9783751911249,931.2258213520699,949.4790733397247,8356132
2018-09-21,937.7703247070312,951.858881345298,909.1885945772387,939.5076091023943,11305074
2018-09-24,916.5659790039062,938.6983563754409,911.4731756234131,936.3423523473418,6695396
2018-09-25,929.2742919921875,933.8435454260178,911.4731852654558,916.5659886998233,8341276
2018-09-26,936.7946166992188,941.4590985675933,930.6547125373598,934.2957995771359,7363362
2018-09-27,940.5784912109375,945.2667360610889,930.5832236090831,937.3657266246272,9176104
2018-09-28,954.8099365234375,959.2839625655123,941.0545317206329,942.7204097877252,7230358
2018-10-01,968.8031616210938,971.920756337587,950.8831216788931,956.5947030089866,6224794
2018-10-03,966.756591796875,976.7756229887374,955.2620222113095,966.4233813429497,7666074
2018-10-04,931.8207397460938,960.4024692421033,924.8002540297077,955.7379876951379,8985292
2018-10-05,935.414306640625,947.1706222796917,923.4437718292596,930.0120558567025,7864590
2018-10-08,925.7521362304688,937.1752988369116,918.612659601442,935.2714384025045,10064010
2018-10-09,923.657958984375,935.2715202710884,918.612740011807,925.4666497958685,6229682
2018-10-10,936.2948608398438,943.4819230183532,921.2305521513546,925.7522210975897,7969966
2018-10-11,922.206298828125,927.3229241862149,912.7107592330806,916.2329129602876,7179952
2018-10-12,943.2914428710938,950.5499108081186,924.324244832946,925.7521401648197,4800160
2018-10-15,955.7618408203125,957.0707449802411,937.7941564431115,947.1706466392048,6292984
2018-10-16,948.4794921875,960.5927812421716,945.9806753093244,953.358134663938,4703002
2018-10-17,939.8406982421875,958.117770157536,934.5574971208753,954.833599265517,3970398
2018-10-19,936.5803833007812,942.8155148751724,931.9397232895082,932.3681035261758,4933674
2018-10-22,951.40673828125,961.4495912027788,946.5042740559186,958.5938003378201,10165580
2018-10-23,944.7194213867188,951.4067550203064,939.0792459494347,939.0792459494347,9714282
2018-10-24,948.2415161132812,956.1187621378916,938.8887898278986,953.8341063074491,9036168
2018-10-25,937.0802001953125,953.643752371372,934.0577750452723,939.3647980293135,14923528
2018-10-26,933.4628295898438,941.0782719951493,927.6560779962841,937.0802112133356,7577856
2018-10-29,916.8516235351562,935.2476287342945,902.049061989471,934.8430700071086,8522140
2018-10-30,910.4022216796875,919.5645496197393,904.000514489329,916.232794005175,6914352
2018-10-31,909.9263916015625,912.8535889460633,897.1943236139376,905.3095528054147,11724702
2018-11-01,910.1405029296875,918.6127055268449,902.4298910253357,918.6127055268449,9814526
2018-11-02,927.8701782226562,932.8916334698276,910.0453077521993,916.7088194198409,15046434
2018-11-05,930.98779296875,932.7250773110457,922.4204206408168,928.0844173000818,2852648
2018-11-06,926.489990234375,940.5071407258611,924.7764692055221,930.5118725298878,4242794
2018-11-07,931.9158935546875,935.2476494307651,928.1319940501983,933.3676104268917,479380
2018-11-09,925.9425659179688,932.8440602313835,921.6112949001371,932.0348846580494,5050810
2018-11-12,914.352783203125,933.8435309058601,912.4965076835291,928.8458973306758,3953882
2018-11-13,917.5418090820312,922.2776390384676,908.2366672485986,913.3771140596125,6675210
2018-11-14,931.8207397460938,932.891661296051,921.7540655562536,922.682232426944,13055318
2018-11-15,940.1024780273438,941.1258146116517,919.1837770407083,933.7959404580988,5196262
2018-11-16,953.9768676757812,958.1177407814473,942.4108925719154,942.886857669174,7906608
2018-11-19,958.5462036132812,961.9255444748652,952.834621953856,957.1658930920108,6143214
2018-11-20,957.8560180664062,961.2591804209997,951.4781317025794,958.1178221326107,2852584
2018-11-21,960.8546142578125,963.3296097141153,953.8341285313468,957.9988234538265,3272802
2018-11-22,954.548095703125,968.5890674424629,952.0016938045387,958.2368255668493,6487276
2018-11-26,975.6334228515625,976.6805229787919,957.6657377918893,958.5462617308617,9092218
2018-11-27,982.3920288085938,984.2482463355472,971.32583953059,971.4686523101458,6447720
2018-11-28,994.41015625,998.8604767340514,980.5358190743051,982.86800175003,6510554
2018-11-29,1014.3055419921875,1017.3278509310501,996.6710101903118,1000.0027661938133,15954318
2018-11-30,1013.0679321289062,1017.3992611835135,1004.2863989426174,1013.8057013022631,6520462
2018-12-03,1005.8569946289062,1019.5171687474592,1002.810748492903,1014.2815530349372,5399928
2018-12-04,992.6490478515625,1004.7623365318442,989.3411136127016,1002.0968854632035,4078710
2018-12-05,999.1460571289062,1002.049491133819,988.0798669761868,989.0556188107844,5899422
2018-12-06,998.1226196289062,1000.3119893311175,992.3872170286176,994.6242297210048,5865126
2018-12-07,1003.1442260742188,1008.0942172985834,990.1503538572208,1002.7157877051819,4951960
2018-12-10,994.1720581054688,1001.811320858862,983.296209576528,983.296209576528,5457528
2018-12-11,980.27392578125,985.8665155969155,967.1610642921214,978.5842264688,9452890
2018-12-12,992.530029296875,994.6718722102465,980.5357322224771,983.7960233802714,5685244
2018-12-13,1000.1456298828125,1011.4259811140447,995.3859782069817,997.1470260865524,3532118
2018-12-14,997.4801025390625,1008.0941482087519,993.8390157651708,1001.8589585070387,3079142
2018-12-17,1013.9010009765625,1015.0433871275243,999.0509106335496,1001.4307365283413,4218662
2018-12-18,1016.3997192382812,1018.0894186996095,1000.7643343527787,1010.9499417101312,3706984
2018-12-19,1010.6882934570312,1027.7992193725274,1005.97628439853,1015.2814274164733,4504948
2018-12-20,1017.3515625,1018.7794577757826,1000.7879540604392,1005.5000781919707,3990238
2018-12-21,1004.8338623046875,1022.8968341896974,1003.8344051292225,1015.7097133546195,5110154
2018-12-24,990.316650390625,1001.4304809640355,988.7460586628254,1001.4304809640355,2800744
2018-12-26,1010.1644897460938,1012.3776807901305,984.7717073600282,988.5794278331458,3800958
2018-12-27,1001.930419921875,1017.7086174968603,998.7890035836111,1015.2336220619012,5819934
2018-12-28,1010.4263305664062,1017.4944592458562,1006.9042350764162,1007.784817050126,4707806
2018-12-31,1009.8550415039062,1017.1373301403386,1007.4752162111117,1017.1373301403386,2933264
2019-01-01,1022.4208374023438,1023.8010899268498,1002.1923174944445,1012.6872566258888,3186720
2019-01-02,1013.091796875,1022.1351345027308,1008.9032804174605,1019.8981215931984,4067116
2019-01-03,1005.1431884765625,1012.972791653415,1000.9546720766507,1011.0451096293303,6385832
2019-01-04,1007.8323364257812,1013.0917743274445,1004.4530537405055,1006.7852363853075,3643560
2019-01-07,1009.3553466796875,1016.3521266382788,1008.0940856408488,1012.7109238879557,2693506
2019-01-08,1000.95458984375,1010.7118742430828,997.932165024454,1009.9979266041072,4171730
2019-01-09,1007.5230102539062,1009.6886748355245,1000.7643286495354,1008.0941451693246,4284314
2019-01-10,1003.5726318359375,1010.8549226918349,996.0285368775598,1007.6183360667202,3845770
2019-01-11,1005.1907958984375,1010.9500209355884,1003.3345782166763,1006.0951994427687,3204020
2019-01-14,1000.31201171875,1004.2387238164578,998.7889466304256,1004.2387238164578,2427580
2019-01-15,1009.950439453125,1012.139925698129,1000.4787791288347,1001.930496125907,2543778
2019-01-16,1009.1411743164062,1011.4258300199934,1003.4534146539535,1009.0698260329007,2626226
2019-01-17,1014.9005126953125,1016.6139175140404,1005.8809963423223,1011.5449351469636,4120114
2019-01-18,1013.924560546875,1018.0892547868867,1006.451932408135,1016.1853945628814,2603988
2019-01-21,1022.4445190429688,1031.178526270335,1012.1399197386878,1018.5416279444676,8780756
2019-01-22,1016.5902709960938,1021.8020664500094,1013.3536845481234,1021.4212710674655,4398488
2019-01-23,1002.0968627929688,1016.5900928724994,1000.2168239114645,1015.7095109673113,3812144
2019-01-24,1000.59765625,1009.8313329376609,998.5271615327674,1004.2863858663337,5055786
2019-01-25,997.6229248046875,1004.2864367070089,994.7671339894068,996.1950293970472,5631118
2019-01-28,991.9827270507812,1000.5025730101388,988.4606313998842,994.7671696765416,7680218
2019-01-29,979.3458862304688,991.435353906594,977.1564001777423,989.1745195661924,7381394
2019-01-30,968.4462280273438,979.1792649632578,965.2572848926901,979.1792649632578,9257080
2019-01-31,989.9837036132812,994.6481853855432,962.4015460459711,966.685232452704,8289702
2019-02-01,994.981201171875,1007.6180975775368,988.3891543834284,989.9835677167196,7827094
2019-02-04,1001.8590087890625,1005.7143730274994,991.2687840849159,997.1470002331336,3969144
2019-02-05,1006.2140502929688,1008.5700543148063,998.0988220378239,1003.3344381763151,4345144
2019-02-06,1010.307373046875,1012.3778679178052,1005.9999814274092,1007.2612425862978,5437842
2019-02-07,1007.7371215820312,1013.8056766889723,1002.3111658497338,1011.4496726526436,3608654
2019-02-08,1010.307373046875,1020.9214190680693,1002.6919306930034,1005.2383907110507,6117822
2019-02-11,1018.3987426757812,1019.945629346386,1005.857131237102,1005.857131237102,3518182
2019-02-12,1013.6629028320312,1022.3730878545166,1011.3307202019729,1017.6134366075216,4886194
2019-02-14,1004.3815307617188,1018.5653139819508,1002.1921610232077,1018.5653139819508,3720694
2019-02-15,999.836181640625,1003.3822150969453,989.1507868812879,1003.0252412216728,4208262
2019-02-18,994.7194213867188,1008.0940872499922,992.8632039676504,1002.7633013416561,3569372
2019-02-19,991.9351806640625,1003.4058709022557,989.1507380933009,994.6243372441711,2634318
2019-02-20,1003.5011596679688,1004.7624208209035,990.9117886242107,994.0532050613249,2446250
2019-02-21,1007.0946655273438,1009.0223477231848,996.4807351054903,1000.3359832947375,2630772
2019-02-22,995.4572143554688,1012.9014055036305,994.3387660591101,1008.7604160502242,4445354
2019-02-25,1011.6162109375,1013.7818754555103,997.2182661803208,997.2182661803208,4070298
2019-02-26,1004.595703125,1011.425848867733,1000.0503293308468,1004.881328669177,4803714
2019-02-27,995.8380737304688,1011.164128145197,993.886570156753,1007.1898889094787,3515046
2019-02-28,988.8414306640625,1002.3112677863262,986.7709357595662,996.2427120622037,5822688
2019-03-01,991.6019897460938,999.9550847287171,988.5795647210807,992.9822421277586,4676464
2019-03-05,1002.9061279296875,1004.8099883662092,985.247775899981,994.2434699815784,5918638
2019-03-06,1001.549560546875,1004.4291726391149,995.0288619247032,1004.2863598687923,4229022
2019-03-07,1012.1397094726562,1013.8055871980991,997.1468099436703,1004.0959463650524,5102426
2019-03-08,1012.9490356445312,1013.8057961775622,1004.0246888471936,1006.6901402383047,3526730
2019-03-11,1013.0679321289062,1020.326400178136,1010.093150141517,1014.7576315382277,4612054
2019-03-12,1033.3203125,1035.2241730481346,1017.1374978408568,1021.8971492111931,7548646
2019-03-13,1059.76025390625,1063.306171120036,1033.8439740950416,1035.224226582846,28583174
2019-03-14,1058.9034423828125,1069.731649288851,1052.1685821507965,1068.470388152195,7689932
2019-03-15,1072.349609375,1075.63372281621,1060.4743007229424,1061.8783748404903,6381544
2019-03-18,1076.3712158203125,1090.7453381146133,1069.49354359796,1076.5853768675997,7179360
2019-03-19,1079.369873046875,1083.2489421938787,1071.3974574924555,1080.2028119853965,5978996
2019-03-20,1094.243896484375,1094.7198616416106,1076.1810420077747,1079.9649417673106,5855996
2019-03-22,1083.367919921875,1098.051489792569,1080.8215763488347,1094.7197340801513,15201940
2019-03-25,1085.8193359375,1088.9369309564306,1072.3494987535055,1075.6812548526066,4599630
2019-03-26,1100.1219482421875,1101.8591743254933,1081.6783011557457,1083.2488929779504,5893424
2019-03-27,1094.4581298828125,1108.0707807601987,1084.7484865146,1103.5491114676845,6942650
2019-03-28,1096.052490234375,1106.618892548548,1088.936835004493,1094.1486297740764,9777164
2019-04-01,1100.336181640625,1109.9506537715756,1096.9092560358454,1106.7378892291406,4823538
2019-04-02,1092.2686767578125,1104.2391538628974,1087.7945346025997,1104.2391538628974,5455248
2019-04-03,1091.26904296875,1102.3352321516193,1089.1271999010978,1090.959712117725,3829726
2019-04-04,1087.08056640625,1100.9073770673172,1085.2005273296513,1091.2690829101132,4605776
2019-04-05,1097.38525390625,1101.2643232478495,1086.1524303194349,1088.9130513232208,4175590
2019-04-08,1089.674560546875,1105.643214461679,1085.2481776438055,1103.7631753724013,3199066
2019-04-09,1088.6512451171875,1096.1476959251866,1079.0129512211888,1093.10156556989,5388800
2019-04-10,1064.900634765625,1087.1043616967181,1061.8782096958748,1070.921547205611,54064350
2019-04-11,1074.4913330078125,1077.1091413495813,1064.7102258721723,1068.4941255984247,4396650
2019-04-12,1078.1800537109375,1081.4879882558137,1071.921158482915,1071.921158482915,4585222
2019-04-15,1089.3890380859375,1091.3404254428046,1077.7517136276413,1080.4408701936281,5109890
2019-04-16,1097.1234130859375,1099.431774175422,1085.3432764734237,1090.4122584742038,4136888
2019-04-18,1091.6971435546875,1101.8828649085747,1089.0079876186696,1100.9071133575098,5307428
2019-04-22,1079.8221435546875,1106.6190055092254,1076.157235034993,1106.6190055092254,10490210
2019-04-23,1068.6844482421875,1089.9600646924255,1066.9234006357876,1084.0343225156944,7641200
2019-04-24,1085.08154296875,1087.0567518461821,1069.5175059153096,1070.9215798573034,6177064
2019-04-25,1077.3232421875,1094.148655887926,1074.7054339921108,1088.4846011619024,9043318
2019-04-26,1085.652587890625,1087.580269815026,1074.205603823423,1078.4892897876834,5853784
2019-04-30,1103.025390625,1104.2391249726752,1084.438928664608,1087.58034507007,6268418
2019-05-02,1121.278564453125,1123.110960299072,1103.0490785551824,1105.9048690498237,8584650
2019-05-03,1127.0615234375,1131.8449958826175,1121.611746340365,1125.2766543312932,6175760
2019-05-06,1108.2608642578125,1119.422222112838,1102.8349088416007,1117.566004786874,6874046
2019-05-07,1105.3577880859375,1122.3259003614883,1103.2872930610388,1119.4224662671947,4962102
2019-05-08,1098.17041015625,1106.0476553224385,1089.0080825387367,1105.4526989836388,6032104
2019-05-09,1090.388427734375,1094.719756731105,1081.202394042002,1094.719756731105,4513862
2019-05-10,1093.0538330078125,1106.5711951301219,1090.6026592667056,1090.6026592667056,5297100
2019-05-13,1088.6273193359375,1101.0738760320155,1085.2003939639026,1092.839656819789,5535816
2019-05-14,1088.960693359375,1099.9555355439697,1083.0825930834474,1093.1492102012414,5247372
2019-05-15,1088.3895263671875,1098.146812310668,1086.2476831113015,1092.8160256698386,4478174
2019-05-16,1099.7886962890625,1103.7630512988537,1085.2004126612276,1085.4622167030104,4025068
2019-05-17,1124.2772216796875,1127.7041471972711,1100.2409838626877,1100.9072885291223,7379390
2019-05-20,1157.7139892578125,1160.7362985264742,1132.7971648031207,1146.1241902713928,8849816
2019-05-21,1144.077392578125,1165.8289764029598,1142.0545407175646,1160.4030202461922,5162588
2019-05-22,1145.0531005859375,1154.6913943765912,1139.579501643097,1147.9565343322395,5693330
2019-05-23,1109.998291015625,1161.3072374434385,1103.8107445214994,1146.599961872985,16540998
2019-05-24,1129.6319580078125,1135.7242190886943,1113.8298217472845,1123.13496385787,6846400
2019-05-27,1146.2906494140625,1152.7398838629008,1129.108262008442,1132.2733835925403,6024512
2019-05-28,1150.02685546875,1151.8355460956645,1136.1525192353827,1150.1696682397412,3682420
2019-05-29,1150.360107421875,1156.9760926298015,1147.1711642048533,1147.1711642048533,3737608
2019-05-30,1161.1407470703125,1165.1149861533424,1148.5276712237462,1149.9317451058039,4679600
2019-05-31,1154.3822021484375,1173.2541751583462,1121.7547656393479,1169.3512839013497,9892540
2019-06-03,1169.4940185546875,1170.7791012214088,1154.1916692344466,1155.1674210341084,4240430
2019-06-04,1167.209228515625,1173.6109358182853,1161.8546211839996,1168.494311034732,3221494
2019-06-06,1153.43017578125,1175.633903221445,1148.6705243512035,1167.6376655784818,7817462
2019-06-07,1164.9959716796875,1168.1373879316038,1146.599966395939,1154.5247391098617,3985466
2019-06-10,1161.4500732421875,1175.610035692134,1157.5948254562609,1175.610035692134,3538570
2019-06-11,1165.3529052734375,1170.8265039277323,1161.5214791773649,1166.828443565562,3551646
2019-06-12,1155.191162109375,1165.3529476504223,1153.572810987805,1163.7347127312737,3654310
2019-06-13,1163.592041015625,1167.0666100363999,1149.9080422233956,1159.4273457310335,5553974
2019-06-14,1159.022705078125,1170.374403418576,1154.215410906371,1162.7589615321835,5978460
2019-06-17,1152.78759765625,1161.3073273924736,1150.5505846832825,1158.975144629632,6405010
2019-06-18,1150.5267333984375,1157.5472192057089,1144.22019530038,1150.8837072530446,6209826
2019-06-19,1155.809814453125,1163.6869433331644,1150.2647517130144,1155.1672151330886,5372138
2019-06-20,1162.0360107421875,1167.1364989389565,1156.4086599573977,1162.9938576842794,5585746
2019-06-21,1156.2169189453125,1163.6402320950594,1152.1221002422933,1161.8682387926335,6625130
2019-06-24,1158.012939453125,1164.0713912865815,1154.205521387838,1155.1393987359768,3457500
2019-06-25,1163.161376953125,1169.2916205893573,1150.8530674897504,1158.9229745123043,4449900
2019-06-26,1181.93505859375,1182.9408445431861,1159.9525204387032,1161.245590284648,5266818
2019-06-27,1179.2532958984375,1194.6746084087767,1176.307846372329,1182.342328927307,9939618
2019-06-28,1170.3692626953125,1185.3356215533088,1167.1604987410938,1180.067463235294,6378422
2019-07-01,1190.3883056640625,1192.0405683219994,1173.3865217446446,1176.236093129301,4262080
2019-07-02,1194.9140625,1196.1113711798598,1181.5999665950249,1191.5615981963929,3623414
2019-07-03,1192.3516845703125,1198.889059620497,1189.1668904937098,1196.8296654626586,3731628
2019-07-04,1189.550048828125,1196.302799093145,1183.8987289216402,1194.8182066024526,3996982
2019-07-05,1184.09033203125,1194.890079587826,1178.1517278153838,1190.1727535967032,3791530
2019-07-08,1154.013916015625,1185.1439382188846,1148.0034037283708,1185.1199686630266,7303570
2019-07-09,1139.4306640625,1154.5886612071272,1136.4853316542496,1151.260166659066,8241344
2019-07-10,1144.0283203125,1148.4583619505495,1133.2525433550825,1139.2390861092033,5784574
2019-07-11,1152.8404541015625,1156.121126271161,1147.332834817338,1150.8529686949462,4548798
2019-07-12,1146.4947509765625,1158.0368523960335,1142.2563487807809,1158.0368523960335,4488136
2019-07-15,1146.9019775390625,1150.8530961588338,1138.568755947233,1147.5006318753915,4116592
2019-07-16,1145.20166015625,1158.036831215532,1140.7955880708837,1158.036831215532,6385284
2019-07-17,1148.195068359375,1154.971905724418,1145.2497357410512,1146.0399127094763,3879868
2019-07-18,1155.115478515625,1163.3051166791608,1150.3262437824872,1150.8531063730027,5401292
2019-07-19,1137.75439453125,1159.329918339484,1133.611753650471,1156.6000781858418,4469614
2019-07-22,1100.2069091796875,1125.398329732493,1092.5441338844976,1123.07550420127,11085648
2019-07-23,1084.043212890625,1098.8898396189702,1073.7703284264296,1098.8898396189702,13901432
2019-07-24,1092.3765869140625,1098.1716081534773,1078.0568207385422,1080.810630920349,8681870
2019-07-25,1094.8428955078125,1108.9231971294582,1092.0651163177522,1094.340002537469,9731004
2019-07-26,1090.6524658203125,1098.4827945737825,1088.521279716451,1091.083450183007,6414914
2019-07-29,1074.847900390625,1088.8564110186232,1064.6707772848142,1088.8564110186232,4988246
2019-07-30,1078.6552734375,1087.7308488678145,1072.7405224265633,1079.9723128434066,5197068
2019-07-31,1078.3680419921875,1085.7195644187996,1070.0348199394368,1072.7886300388668,6945920
2019-08-01,1066.440185546875,1075.1759668404777,1054.5364281913078,1069.9441306615008,9120838
2019-08-02,1062.8642578125,1067.4961072672945,1047.3365584789733,1061.2562469280522,13912768
2019-08-05,1046.0167236328125,1055.9765020039865,1037.9769025380094,1054.5605569496415,9911220
2019-08-06,1050.74462890625,1060.8963557794889,1040.136818447756,1040.136818447756,12445470
2019-08-07,1048.296630859375,1056.9364382565677,1039.1768341623383,1051.1765666584392,9375068
2019-08-08,1071.887939453125,1076.61588040733,1047.8165256037455,1055.0163643046417,9855800
2019-08-09,1095.335693359375,1098.6956187991277,1075.0801662881315,1078.5360661606117,15218056
2019-08-13,1065.744384765625,1091.1597970443495,1057.224573926083,1091.1597970443495,7720034
2019-08-14,1070.112060546875,1072.9679732823647,1057.4403906219875,1072.9679732823647,7127026
2019-08-16,1069.272216796875,1071.8161837061527,1057.9445388160682,1062.6963863526298,7623780
2019-08-19,1059.2642822265625,1076.1358568369217,1056.7922673738424,1074.4558945269623,4249100
2019-08-20,1065.8641357421875,1069.3200347765505,1059.2642838003978,1060.4162110835616,5135296
2019-08-21,1068.38427734375,1075.7520431123844,1062.7923314414793,1067.9281937407484,5236356
2019-08-22,1043.5447998046875,1065.984299919453,1040.1608517514721,1065.984299919453,6996022
2019-08-23,1038.0728759765625,1044.9367466700323,1026.985193027012,1037.2569175718602,10049808
2019-08-26,1082.927734375,1087.7276270295174,1040.1367382339288,1053.5283918660807,12640122
2019-08-27,1084.7518310546875,1090.9676692587486,1075.2241134448013,1082.85589669382,10330416
2019-08-28,1078.77587890625,1083.5038200659535,1068.6241527706948,1079.9758520752225,6831294
2019-08-29,1068.912109375,1081.75182268366,1065.7202275198847,1078.055928644873,7391858
2019-08-30,1069.39208984375,1084.7757696601998,1066.5361770729928,1072.056053777016,9616660
2019-09-03,1061.2322998046875,1066.056215617602,1054.1284348588674,1065.576226326464,5714338
2019-09-04,1078.89599609375,1091.4957157678512,1055.4965166989907,1059.3364312663357,7530352
2019-09-05,1072.8480224609375,1090.7276236432854,1067.9761780060105,1079.4959210496709,8648126
2019-09-06,1078.0079345703125,1083.1439138881306,1066.2002679635164,1069.4161728740503,6435002
2019-09-09,1079.783935546875,1085.2077206849942,1063.7042946015767,1078.0559272579046,5321702
2019-09-11,1080.5999755859375,1091.4957096729593,1075.7280136948877,1091.4957096729593,7604558
2019-09-12,1089.983642578125,1098.5994262366821,1079.0877927818347,1080.3117888145541,9066150
2019-09-13,1083.5517578125,1088.351650528837,1074.215989916201,1080.455850447439,7685670
2019-09-16,1077.1678466796875,1086.047647954443,1075.6559273906396,1080.8877634299229,5515092
2019-09-17,1061.42431640625,1079.255870867738,1055.0644585948214,1078.9678304325137,5328278
2019-09-18,1050.0966796875,1067.5682448078844,1046.3767622985945,1064.2803881363711,6479942
2019-09-19,1056.9844970703125,1062.7443687393359,1040.6168148702154,1055.880498230105,5311655
2019-09-20,1151.59033203125,1161.4781587162454,1061.160392672206,1063.6563136535485,23075017
2019-09-23,1206.93310546875,1231.3645141797456,1179.81370978015,1209.1411031421312,20960205
2019-09-24,1203.6212158203125,1211.4449476641337,1178.421777564736,1199.9732502655502,11689524
2019-09-25,1190.08544921875,1199.877301460914,1180.8696778969236,1199.877301460914,7804488
2019-09-26,1192.7734375,1223.9727427062373,1186.8695455393802,1190.1815420952842,15335780
2019-09-27,1194.4053955078125,1203.3332438720054,1188.0695598226891,1198.2933559339695,7436585
2019-09-30,1178.32568359375,1190.3734618762103,1167.8139648164595,1179.6217484493477,9109229
2019-10-01,1198.8212890625,1204.773109342269,1172.229812274453,1182.2136128725133,9384176
2019-10-03,1174.581787109375,1194.0213525049594,1167.6698713244614,1190.325341385549,8149438
2019-10-04,1142.0865478515625,1189.9895057062965,1137.862735558633,1187.157615575597,9201816
2019-10-07,1139.3985595703125,1171.0298057838934,1133.8786829313651,1153.1261824658095,11256610
2019-10-09,1178.9976806640625,1180.677643128051,1142.3744755121381,1149.1902997862007,8713635
2019-10-10,1152.5023193359375,1176.8856812712875,1149.286297377837,1172.9018639528358,5778429
2019-10-11,1150.822265625,1175.013676802874,1141.3663837100182,1164.837928202177,8593159
2019-10-14,1156.1982421875,1171.0779103962623,1149.4783920287043,1160.6141202834456,6133901
2019-10-15,1174.101806640625,1175.973717929908,1158.550083896664,1158.6941041154278,4200187
2019-10-16,1172.2298583984375,1185.57358452767,1161.670093677948,1182.3576796179534,5293408
2019-10-17,1171.173828125,1180.6295933823117,1164.5499527092838,1178.3736672323257,6121807
2019-10-18,1179.8135986328125,1184.4694710081797,1171.509761015061,1176.4056280199302,5616903
2019-10-22,1189.701416015625,1206.6929887929352,1183.2694896785154,1206.6929887929352,10003114
2019-10-23,1191.9095458984375,1199.7333958416064,1183.653752408642,1196.9494341386203,5095107
2019-10-24,1186.62939453125,1203.957053244312,1177.2696042026437,1198.053162061601,6553747
2019-10-25,1179.8135986328125,1196.949191742294,1171.1737919707334,1190.3733623309092,6496771
2019-10-27,1188.16552734375,1192.1975079816752,1185.5736318646432,1190.325479304637,875041
2019-10-29,1192.7734375,1207.029096595718,1188.165493241738,1188.4535337022132,7116284
2019-10-30,1198.38916015625,1212.1648284600226,1193.2532985191488,1196.9972381783487,6005683
2019-10-31,1181.1097412109375,1213.3170726819114,1177.9898105122697,1207.3651345765918,6608853
2019-11-01,1190.421630859375,1193.9735051666144,1178.4698257630487,1189.4136063529127,5756130
2019-11-04,1187.349365234375,1199.973105743774,1179.861603365458,1196.5651352495124,4967588
2019-11-05,1189.8934326171875,1194.9813658911983,1179.8617034759336,1191.3334004662604,6183905
2019-11-06,1206.357177734375,1208.6131040945547,1178.9018121506194,1192.7254107767815,6065168
2019-11-07,1213.1248779296875,1218.884749377675,1199.9732183307365,1210.532982652047,8481517
2019-11-08,1205.3489990234375,1216.2927775225735,1201.36506475243,1208.6129494087766,6625748
2019-11-11,1214.1329345703125,1217.7328543209658,1200.45323951783,1202.4212425221424,7143305
2019-11-13,1207.22119140625,1219.1728786577169,1203.4292054490952,1211.44500369463,4646748
2019-11-14,1222.9166259765625,1225.8925358686345,1206.8849148285146,1213.2208666318043,5527609
2019-11-15,1226.7567138671875,1233.5725386985046,1220.2288123137369,1232.4685398377883,4639506
2019-11-18,1211.541015625,1228.244549194764,1208.324993629149,1225.8926485441034,4565146
2019-11-19,1220.9967041015625,1223.9726140792109,1210.6288892024697,1214.6608693009516,5285289
2019-11-20,1222.3887939453125,1231.6045655740031,1216.2929529378123,1222.0528248538556,5527129
2019-11-21,1231.9886474609375,1235.4925931707016,1217.5889668878524,1219.41294986409,6009763
2019-11-22,1214.1329345703125,1232.2765535505823,1211.4929934198335,1232.2765535505823,3844005
2019-11-25,1220.228759765625,1228.2926033417746,1213.5569554530025,1213.5569554530025,3946778
2019-11-26,1224.0206298828125,1228.53248194627,1216.244710306614,1227.284463025803,4358001
2019-11-27,1227.236572265625,1234.2923910015925,1220.3246565607942,1224.9326003640147,4790333
2019-11-28,1214.660888671875,1231.7005076886403,1211.492912628609,1228.9644751126923,6183020
2019-11-29,1223.9246826171875,1228.6766470502284,1201.893220379553,1216.9648376908683,7783813
2019-12-02,1215.0928955078125,1222.964673040861,1208.2290251793631,1222.964673040861,4473102
2019-12-03,1205.1571044921875,1218.2127894368828,1203.6211622372025,1217.4447597169492,3495953
2019-12-04,1201.5572509765625,1206.5971386804597,1184.8055539164855,1202.373209358311,5697807
2019-12-05,1195.749267578125,1208.3730090440422,1191.093395012032,1205.349053151464,6386247
2019-12-06,1196.181396484375,1209.5730512492503,1188.6454706314585,1198.9652407115611,6887325
2019-12-09,1193.205322265625,1199.8291978664565,1188.0215317113855,1199.4932288023683,4132675
2019-12-10,1199.4932861328125,1203.4772208442612,1195.2693567662752,1200.933254063344,4894450
2019-12-11,1198.773193359375,1203.8130806587837,1192.7733275267456,1200.069140942247,5527321
2019-12-12,1213.0289306640625,1218.64478201459,1202.8531809818005,1202.8531809818005,6456574
2019-12-13,1213.2689208984375,1221.4287389360613,1208.8530428091713,1214.3729197169757,5887593
2019-12-16,1207.0291748046875,1219.1729285934045,1198.2453464097318,1218.4529445804558,5663788
2019-12-17,1220.228759765625,1223.7807508521446,1205.109097004677,1209.573020875839,6213677
2019-12-18,1240.6282958984375,1247.0121768999911,1222.6767433050861,1231.6525196017617,8723586
2019-12-19,1237.220458984375,1253.252054632335,1234.6284464693008,1252.772065335272,6509188
2019-12-20,1244.8043212890625,1247.588282928921,1228.8207698376955,1237.172537572372,7513022
2019-12-23,1250.276123046875,1251.8120653342344,1237.2204378269919,1247.0121724456828,5097891
2019-12-24,1237.5565185546875,1249.028216719442,1235.4444951822297,1246.6282700586235,3589604
2019-12-26,1219.604736328125,1240.1483013137852,1214.0369308922166,1238.0843239361693,7474879
2019-12-27,1223.9727783203125,1227.8126929189643,1219.1728850719976,1221.0928423713235,3546496
2019-12-30,1230.8365478515625,1237.1723829811624,1223.0607448659225,1230.6925276289817,4667095
2019-12-31,1221.188720703125,1230.644486221246,1217.8768414963592,1230.644486221246,4178528
2020-01-01,1227.4285888671875,1228.7725823160727,1219.748760227712,1225.0286424173514,1836849
2020-01-02,1235.25244140625,1236.4524146347387,1227.81260738962,1227.81260738962,3068583
2020-01-03,1217.6368408203125,1233.5724616348048,1213.0288968134041,1230.8844747666276,5427775
2020-01-06,1191.285400390625,1211.3010480089304,1186.5335531802418,1209.573039649761,5445093
2020-01-07,1210.1490478515625,1220.564792638827,1202.1332496597458,1208.5171310406151,7362247
2020-01-08,1206.9810791015625,1211.6369516371497,1190.4214490960537,1197.0452073503518,5666055
2020-01-09,1220.5169677734375,1224.7408975774783,1212.5490975252494,1214.373080529824,4773158
2020-01-10,1231.3643798828125,1235.396359909477,1224.0685666913078,1232.7083732250342,4607290
2020-01-13,1234.532470703125,1244.6122459304834,1224.9326847723075,1231.3644944720004,3725784
2020-01-14,1237.8924560546875,1240.8204377801117,1226.3727123767842,1237.4124667347749,3943145
2020-01-15,1232.8525390625,1236.4044130719633,1223.1087326615475,1234.9165165263296,5893724
2020-01-16,1236.1165771484375,1239.332482306133,1228.1487071891638,1230.7407199495424,3575200
2020-01-17,1226.99658203125,1233.4764371112574,1220.9967162164285,1230.4524813036114,8459407
2020-01-20,1204.6771240234375,1252.6280064460766,1202.3731520316696,1252.6280064460766,11089225
2020-01-21,1194.5494384765625,1199.9733414167456,1188.8376122453776,1199.9733414167456,7492402
2020-01-22,1191.189453125,1204.7731741026575,1184.997637869106,1198.101369534372,9184155
2020-01-23,1195.0294189453125,1196.949376277332,1181.733737858056,1190.3735458521442,5754460
2020-01-24,1194.741455078125,1203.8132062898453,1189.5095012151328,1196.1333772226055,5915878
2020-01-27,1164.64599609375,1185.5735765455952,1163.2540739911942,1185.5735765455952,9444276
2020-01-28,1174.2457275390625,1178.6617226622957,1164.6939877424716,1170.0219156236126,6706079
2020-01-29,1186.3895263671875,1192.293418179207,1173.333840877243,1176.2618224737796,6894175
2020-01-30,1176.9818115234375,1189.3654417378275,1168.485907150228,1189.3654417378275,6055992
2020-01-31,1177.2216796875,1188.2614324212159,1171.4137628971168,1182.1654752073073,5589134
2020-02-03,1145.0623779296875,1150.0061733542714,1130.5666091323744,1149.0942406721317,6538505
2020-02-04,1180.5816650390625,1184.6135280661454,1150.054300342984,1150.054300342984,10448852
2020-02-05,1194.8372802734375,1198.0531848567105,1178.1816765010667,1185.4774897667444,9010341
2020-02-06,1190.181396484375,1198.7251114245955,1187.6853586253376,1194.8372687931737,5913775
2020-02-07,1192.4853515625,1197.0932956450317,1182.3096019972018,1196.1333170599114,3407724
2020-02-10,1190.6614990234375,1193.205348553925,1176.9818040358296,1193.205348553925,4609917
2020-02-11,1190.9493408203125,1204.7730550885838,1188.5014658798648,1193.541353162108,5806760
2020-02-12,1199.0133056640625,1202.75724574803,1194.2614583322245,1195.36534000586,3148965
2020-02-13,1191.71728515625,1209.4768866882353,1184.2294062850322,1209.4768866882353,4556070
2020-02-14,1170.5499267578125,1198.4373530168177,1166.374043126806,1193.445393797027,7344429
2020-02-17,1168.43798828125,1183.6536258086412,1165.8459757240203,1175.9737969307262,5076345
2020-02-18,1164.694091796875,1169.7339796863732,1155.3343000020927,1168.198037290362,5264558
2020-02-19,1178.085693359375,1180.7736803186083,1165.3180482652365,1173.5738408044704,5006134
2020-02-20,1168.389892578125,1180.7736395518652,1165.509956871901,1180.7736395518652,5561707
2020-02-24,1161.5260009765625,1166.1339448955853,1151.9742612675054,1160.5660224255062,8284042
2020-02-25,1152.262451171875,1160.6142187754567,1150.0544533440836,1155.81432539756,6943340
2020-02-26,1151.2542724609375,1156.4861086680041,1138.1985876590406,1149.5743100037296,6907393
2020-02-27,1151.4461669921875,1154.374148296328,1133.734610509741,1147.174309533565,10327549
2020-02-28,1130.518798828125,1137.5746179582306,1123.270913670977,1128.4548214429537,12156528
2020-03-02,1132.3907470703125,1153.0783330290699,1119.4790816152388,1152.166283036904,7332449
2020-03-03,1134.502685546875,1137.91053905325,1121.2549348197444,1127.9747846003422,11184775
2020-03-04,1102.871337890625,1132.7746932728987,1087.7516756710927,1131.1907052224476,17144435
2020-03-05,1105.271240234375,1118.3749704061522,1097.0154484391678,1106.855228221711,9774854
2020-03-06,1089.479736328125,1095.2396079268094,1056.9364383585807,1079.9759247533182,11526783
2020-03-09,1062.9842529296875,1073.6399909730865,1022.3771150089042,1065.5761480374495,17210295
2020-03-11,1069.22412109375,1075.1759410362495,1048.2965425103432,1060.776263254514,17769120
2020-03-12,980.4260864257812,1036.7768393183305,963.2904926573575,1031.9769465437087,29500385
2020-03-13,1026.985107421875,1038.1687638659519,882.4123015442967,940.8269733160892,33171182
2020-03-16,959.4986572265625,995.4978564721814,955.1787533170883,993.5778991790818,15993161
2020-03-17,936.0750732421875,969.5783485242085,916.4915457145892,967.658391398418,21338419
2020-03-18,841.8052368164062,953.2587260642871,830.3814683238754,945.5788974555113,30590703
2020-03-19,859.7088012695312,883.1323019405071,763.1829672552908,813.101853163813,33610024
2020-03-20,847.51708984375,877.9964106192646,791.5503487681442,839.9812812149705,44318732
2020-03-23,740.6714477539062,805.1820188354235,734.3835998916231,762.7989418883617,25138477
2020-03-24,736.9755859375,777.5826691642557,709.1841936359184,763.422984756635,30528636
2020-03-25,822.461669921875,832.7334527149644,725.0238415039347,739.615528019987,23614021
2020-03-26,865.0366821289062,900.1719336018855,807.3419924324803,835.2773459036899,28521578
2020-03-27,868.2526245117188,949.0828313733216,837.1972827899858,907.1317563798439,27617968
2020-03-30,798.3662719726562,851.5010670969107,794.8623264444668,844.7812165110275,19634222
2020-03-31,827.4055786132812,838.637281357104,804.4620666408429,819.6297167993533,17605546
2020-04-01,796.4462890625,829.2775111385743,787.1824719013174,829.2775111385743,14551752
2020-04-03,781.278564453125,810.221942838664,777.5826702598553,809.2619642334049,17498140
2020-04-07,860.2367553710938,870.9885268514951,811.5178439499248,839.021252849295,30206319
2020-04-08,853.3250122070312,907.1797889388013,831.4374529650282,844.7331919054711,28109676
2020-04-09,888.0281372070312,893.644046824648,854.3809010796305,876.4604075120254,22228573
2020-04-13,859.5167846679688,908.8117191322951,850.7330159543767,896.6199796392685,17079028
2020-04-15,828.74951171875,893.2600852060125,809.2619579029216,893.2600852060125,28989376
2020-04-16,844.5411376953125,855.052914640017,821.9816415477253,830.3814539431036,26927198
2020-04-17,873.8685302734375,883.1803346507442,851.741034694427,878.3804415276423,27941731
2020-04-20,907.0357666015625,922.491457384505,897.5800007260784,912.9396584925139,33116493
2020-04-21,884.7642822265625,896.6199942597219,871.6605511646976,887.9801870345212,16589003
2020-04-22,891.4360961914062,895.6600254289058,870.9885639210034,882.3643453801485,19144677
2020-04-23,916.7315673828125,920.139479663076,876.0284516790492,897.579982769928,20450611
2020-04-24,900.5079345703125,920.043534681781,888.9402038947073,895.6600542481231,16642284
2020-04-27,892.4920654296875,919.0834828573294,889.2281149381581,907.3237456754833,13710536
2020-04-28,894.1240844726562,906.0277838639396,885.1002622663689,906.0277838639396,14720718
2020-04-29,937.9950561523438,952.9707573006389,896.7159768131351,897.5799809804679,27938889
2020-04-30,961.7064819335938,978.2181244075376,952.3946784518545,961.32252567614,21896567
2020-05-04,886.0602416992188,921.5794496546587,880.7803594355722,919.179503171183,13361162
2020-05-05,874.9724731445312,906.2197636581102,871.7085225926843,900.4598922789272,14836429
2020-05-06,908.5237426757812,911.9796420930518,869.4046159228425,882.2203064036996,16892923
2020-05-07,887.9801025390625,905.5476971735101,884.476157616393,902.8597691221495,10915865
2020-05-08,891.8681030273438,906.1718075468387,888.172208869174,904.2998375658728,10403742
2020-05-11,879.1484375,915.8196337130803,877.4204876454459,899.4999966343356,14275392
2020-05-12,865.4686279296875,873.0044945101838,836.2372701102769,864.9406514591603,24784209
2020-05-13,890.5241088867188,921.5793909683105,885.1961811587314,912.9395841779825,22173483
2020-05-14,857.932861328125,874.5404789016212,854.3809288940098,862.0607574683379,19777445
2020-05-15,852.60498046875,856.6848893438106,839.9812389830566,854.8609066450423,12174814
2020-05-18,803.1660766601562,852.4609517267481,798.030156266248,852.4609517267481,23324982
2020-05-19,797.4061889648438,832.5893669154973,793.0382397816743,826.3974936817445,23730346
2020-05-20,822.7976684570312,829.4215445063871,798.8942354895719,802.9741447073405,20007153
2020-05-21,825.1495971679688,848.6210857490879,818.1897522905017,826.9735799521446,24239454
2020-05-22,805.2779541015625,835.4692901254529,799.7100904314545,815.9817379838556,21023716
2020-05-26,818.2857666015625,836.861328723284,814.7818213408516,822.7016446410719,19002576
2020-05-27,867.4846801757812,873.3885133752575,822.8456755408514,825.4856166751752,28012877
2020-05-28,907.4197387695312,911.9796369543028,877.3724213967884,883.1802799978511,37744403
2020-05-29,913.5635986328125,916.7795032964051,886.4921921572998,906.2197393840904,26512583
2020-06-01,948.1228637695312,955.1786828642652,927.4352785883161,935.9791113494056,19595115
2020-06-02,960.9385375976562,964.7784518338107,936.1711024929482,947.2108559218923,20811797
2020-06-03,981.338134765625,1004.377621421898,974.8102919315033,979.1781828915995,25273044
2020-06-04,961.6105346679688,997.3696774131216,951.4347267828798,986.9060048635841,27137941
2020-06-05,991.9937744140625,1000.6816268432965,962.6664425177544,962.9544243535854,17597992
2020-06-08,975.2422485351562,1023.9611607545997,966.1224521591029,1017.5772798543857,24906332
2020-06-09,947.7868041992188,985.6579694555916,940.3469704877206,979.1781142875124,30922073
2020-06-10,952.15478515625,959.8346142319629,939.0511119512825,950.3788481194698,18248865
2020-06-11,929.835205078125,948.8428273439827,926.3793057165733,945.5788768195074,15448857
2020-06-12,943.4190063476562,947.162946472252,890.860175925337,890.860175925337,21322438
2020-06-15,911.8356323242188,935.0191385075589,905.2598024770308,929.2592670177792,16004968
2020-06-16,950.7628173828125,954.1707296531241,913.8996161514895,935.9791236845612,22699985
2020-06-17,940.0590209960938,958.9226234604623,934.2991495373482,949.4188121165552,18478919
2020-06-18,979.1301879882812,983.8820937922992,933.0992022493634,940.779031074461,20435063
2020-06-19,991.9937744140625,1001.2575905149587,971.6422767828195,977.2101404478283,23938876
2020-06-22,987.5780029296875,1004.0895882796835,982.826097053724,997.849727264818,14847237
2020-06-23,1000.5856323242188,1003.1775273870584,975.8661274827701,997.417656416415,14415256
2020-06-24,991.1779174804688,1015.1773827947658,988.8260167536233,1006.5375752816188,19714623
2020-06-25,987.5780029296875,1007.0175699375379,966.6984679953296,981.0021728356148,35323395
2020-06-26,1014.16943359375,1020.4573408463957,986.8580869144824,999.3378098034788,19984569
2020-06-29,1032.985107421875,1039.2728974767083,995.4978930237338,995.4978930237338,23002978
2020-06-30,1023.193115234375,1035.3849131440527,1014.0253903824655,1031.0169638626742,17873065
2020-07-01,1041.1927490234375,1052.1365283206846,1018.8253183217121,1023.1931505690462,17423359
2020-07-02,1045.8006591796875,1066.7761671278574,1041.7686789457555,1046.6646633144503,18477248
2020-07-03,1030.9691162109375,1051.9447453314622,1027.177247079326,1049.2567579978536,13798627
2020-07-06,1058.8563232421875,1075.0799839074434,1055.976387639534,1063.6081701126136,17779108
2020-07-07,1060.92041015625,1067.2081998941871,1049.3046921288994,1065.0003193482664,12174925
2020-07-08,1065.9122314453125,1079.8799671638103,1060.7763692934038,1062.6963265228942,15028175
2020-07-09,1079.9278564453125,1084.4877546992495,1062.9362824572274,1073.2560521898217,10057242
2020-07-10,1060.872314453125,1075.1760188552298,1055.5445035991938,1073.1600872568536,8781489
2020-07-13,1037.0167236328125,1068.4560179618795,1028.4249633542368,1065.480108195186,14961057
2020-07-14,1016.4733276367188,1026.1211595399898,1007.9775403762396,1020.0732474237767,13306337
2020-07-15,1011.0015258789062,1035.8169502301098,1008.0735441595351,1027.3690913431547,10487197
2020-07-16,1020.0253295898438,1022.8572196449846,992.7138675389756,1011.4814964345735,11831228
2020-07-17,1054.4884033203125,1059.8163312071276,1015.9453578490467,1016.6653417697037,14202869
2020-07-20,1087.703857421875,1106.7594102078133,1079.160023990742,1089.5757689174231,32562048
2020-07-21,1092.9837646484375,1111.6072571504214,1088.6158148138063,1105.9434767295543,23756211
2020-07-22,1081.2718505859375,1098.6954852570034,1072.8241093894317,1092.93561377466,12359006
2020-07-23,1085.159912109375,1098.1196241556218,1071.576190490589,1079.976003853897,10074561
2020-07-24,1074.3118896484375,1077.959854733203,1057.1762972793406,1077.959854733203,9799220
2020-07-27,1036.296875,1058.8563715840667,1032.3129404641347,1055.8324156262468,18985047
2020-07-28,1043.1607666015625,1050.6006007335511,1017.0973242376826,1035.816906892364,17798225
2020-07-29,1021.9931640625,1044.9366753646257,1013.3054282989704,1037.736836076399,16796043
2020-07-30,1008.6015014648438,1040.2807940693453,1004.8095158270113,1031.0169774919614,13478133
2020-07-31,991.4659423828125,1015.3693157129144,979.2261566721098,1015.3693157129144,18863348
2020-08-03,961.8985595703125,985.8499788253786,953.2587521490223,984.890000223013,15891771
2020-08-04,999.9617309570312,1018.5853392122193,962.8585346734641,967.6584276678483,30153084
2020-08-05,986.4259643554688,1013.5453572500752,979.178079734464,1006.0094322022567,16610680
2020-08-06,999.0496826171875,1012.7774234776165,985.1780387146008,995.4978086694675,16823444
2020-08-07,1002.0736083984375,1005.2895131759059,979.7541066116163,993.4338012551518,12418392
2020-08-10,1008.6015014648438,1021.4171918542337,1002.0256717399769,1002.2176205787781,11086427
2020-08-11,1023.9613037109375,1028.137187618627,1006.5376668703366,1006.5376668703366,10068074
2020-08-12,1021.1292724609375,1023.3372702933153,1006.0576540969929,1022.3772916157419,10333216
2020-08-13,1016.6653442382812,1028.473010254797,1014.2173520281502,1025.2090597029166,9946370
2020-08-14,993.0498046875,1023.2412016276626,986.1860515228814,1023.2412016276626,10462256
2020-08-17,991.4178466796875,1005.0975410056963,979.3701276057959,1005.0975410056963,9780506
2020-08-18,1014.2174682617188,1019.1613818658044,981.0982040354723,986.8580760748196,12020412
2020-08-19,1023.9131469726562,1026.9851487905366,1013.9773919418485,1022.3772046561596,8857812
2020-08-20,1016.617431640625,1026.169172722118,1009.8975808176936,1012.7294710762552,9608367
2020-08-21,1042.2008056640625,1045.2247617349606,1021.9932089666092,1022.7612387317192,14462151
2020-08-24,1072.3441162109375,1078.0078960667968,1042.2007654589959,1042.5367345239372,18389870
2020-08-25,1074.887939453125,1081.8958297674526,1061.928228981199,1074.2160013396447,13800869
2020-08-26,1073.68798828125,1086.4557501782842,1065.0962269253866,1076.135980516772,12595031
2020-08-27,1067.59228515625,1084.6799528313604,1061.976433217571,1080.7440636118954,10322998
2020-08-28,1069.896240234375,1079.9760163873234,1051.176655950328,1067.4482477232714,19348305
2020-08-31,1071.1920166015625,1102.8233793973845,1056.6483184712283,1084.2957469404748,19250583
2020-09-01,1082.183837890625,1097.8314175340772,1063.6562054878686,1082.8557759840396,14438942
2020-09-02,1088.7596435546875,1093.4155158612832,1075.8478623672613,1079.1118127172551,9880841
2020-09-03,1085.639892578125,1100.0875011340852,1082.8559310206142,1091.7357336464481,9916681
2020-09-04,1074.504150390625,1080.3599967217617,1060.2004450610364,1065.5763020669176,11830685
2020-09-07,1066.05615234375,1074.6959590714346,1055.0163993028198,1071.6240746644316,8807733
2020-09-08,1067.9281005859375,1074.0240581806415,1058.856350081585,1069.4161142256444,7312459
2020-09-09,1052.616455078125,1065.576165195366,1047.5765678103091,1056.9363584505386,7864436
2020-09-10,1046.9049072265625,1060.6325334935289,1040.6169993326457,1058.8565961844172,7594044
2020-09-11,1035.48095703125,1060.6323498830345,1028.137097185802,1052.568506075972,10397365
2020-09-14,1015.6093139648438,1050.216589401811,1010.2334572366932,1044.4567177963165,10825295
2020-09-15,1027.656982421875,1033.0808843742013,1015.7532256060758,1025.2570361761443,8252555
2020-09-16,1049.880615234375,1052.1365414986035,1025.5931098750964,1027.369046841196,9355056
2020-09-17,1040.232666015625,1050.216465726416,1034.856809920545,1040.6166808477465,9159343
2020-09-18,1014.9853515625,1048.4885086739837,1005.2894746146015,1048.2965598410049,11740889
2020-09-21,1007.3054809570312,1028.4729364457176,999.8176018274366,1012.7773115006679,9921439
2020-09-22,993.9617919921875,1015.8013035187773,988.297895236228,1011.8654149883238,9310339
2020-09-23,1005.3375854492188,1012.7774195740518,992.953838114132,1004.1376122032779,8039914
2020-09-24,989.1619262695312,1005.0975468416973,983.9780186368097,996.4577398487887,9904755
2020-09-25,1002.2175903320312,1009.8493728097457,984.6020076554125,1007.977461540836,10160772
2020-09-28,1012.0093994140625,1016.6173435961022,1000.9217168274176,1006.9695117333453,8076211
2020-09-29,1020.0253295898438,1027.081149010107,1008.9375296545085,1015.6573799947383,6322223
2020-09-30,1035.4329833984375,1043.4008533363071,1009.8975738836073,1017.5774033427981,9406921
2020-10-01,1062.648193359375,1065.5761747675983,1046.4725784676716,1046.4725784676716,10601540
2020-10-05,1069.7520751953125,1086.6957200625934,1066.5361704854606,1067.4961490367525,8470063
2020-10-06,1098.3115234375,1102.0554635188366,1081.1278825815434,1089.6237871762696,9685995
2020-10-07,1115.7352294921875,1118.2311506425856,1092.0717314094927,1099.0796227018586,10624389
2020-10-08,1144.1024169921875,1154.8541292601442,1116.7909585038303,1132.7746238794432,17530337
2020-10-09,1184.181640625,1187.4935198978906,1143.958514129234,1152.934290539504,22486194
2020-10-12,1165.0780029296875,1193.0133555922766,1157.350128646748,1182.2616425928575,9610273
2020-10-13,1150.4862060546875,1173.5256904472674,1147.1743270472052,1164.8379551851585,9176976
2020-10-14,1163.01416015625,1165.7021473095626,1128.4549279931257,1147.702547224602,11291459
2020-10-15,1122.4549560546875,1168.2939333064398,1117.4150685034476,1165.6059464051577,14123448
2020-10-16,1151.350341796875,1155.3342765322402,1126.0549284356607,1132.7747788184822,12911424
2020-10-19,1155.38232421875,1185.5736051853432,1144.8704879347144,1185.5736051853432,21179778
2020-10-20,1174.9656982421875,1178.277694547357,1157.6381557426696,1159.1740979841818,13705989
2020-10-21,1196.8052978515625,1200.933252788661,1172.805832368176,1181.3496655172396,17820376
2020-10-22,1183.941650390625,1199.973246084357,1174.053823968935,1190.3254143118838,10956530
2020-10-23,1186.3416748046875,1198.4853111047757,1181.9256792211336,1193.7334636121234,7933115
2020-10-26,1162.4381103515625,1192.2934213790688,1156.390198296699,1180.581729331265,9785988
2020-10-27,1183.7496337890625,1186.533595273203,1149.9103868364894,1176.9338089036787,12158890
2020-10-28,1161.1900634765625,1182.693607041568,1153.414260438672,1178.8536927329915,8285593
2020-10-29,1139.6865234375,1156.2461539444682,1131.3347566644616,1152.550259848006,11530012
2020-10-30,1136.1826171875,1151.302278783916,1129.270701575355,1135.222638673442,5761358
2020-11-02,1166.614013671875,1175.9738051825113,1130.374820899924,1146.5504371505588,10963040
2020-11-03,1198.0052490234375,1200.6932359819416,1176.453776290921,1177.3657090885092,14082115
2020-11-04,1207.0770263671875,1214.1808909220922,1180.7735912232865,1201.8931188711827,11702411
2020-11-05,1218.40478515625,1224.9326864722198,1202.2291692773522,1215.3329005280802,10716964
2020-11-06,1255.3160400390625,1257.5719663126458,1214.8529186020253,1215.5729025522044,17852862
2020-11-09,1286.8992919921875,1292.0830824139427,1262.5637420033756,1262.5637420033756,13144220
2020-11-10,1337.8741455078125,1339.1700931287023,1297.4590715105824,1302.690907796164,20758678
2020-11-11,1334.322265625,1358.1778286096487,1315.650727925336,1343.8741234170427,18058097
2020-11-12,1316.802490234375,1332.978222059317,1305.5707884138833,1322.2744381143893,13526974
2020-11-13,1304.4189453125,1314.018731141456,1293.0911511603776,1314.018731141456,11236240
2020-11-14,1314.882568359375,1319.9224557288537,1310.5626648998218,1313.058702868802,917533
2020-11-17,1352.081787109375,1356.0657216621396,1325.346407034381,1330.3383659723231,15529950
2020-11-18,1352.32177734375,1362.2096035812608,1343.0580778044423,1346.8499463174833,9431388
2020-11-19,1319.3465576171875,1343.4419968967377,1313.2507169804617,1334.082205602469,10133441
2020-11-20,1347.47412109375,1352.0340199031896,1310.41896683718,1317.7147814953032,10202681
2020-11-23,1338.7861328125,1366.673558030817,1320.306544752983,1358.3697196995631,12623318
2020-11-24,1380.6412353515625,1387.1691369878151,1345.9381012087435,1351.6499272517951,20077200
2020-11-25,1346.657958984375,1405.7926143227066,1341.0900365114485,1393.2169187344145,12076301
2020-11-26,1369.5533447265625,1374.6892062430795,1331.4901739239883,1358.369571811423,13971563
2020-11-27,1383.18505859375,1388.1289715212756,1358.8976717957653,1374.4973231008971,8997290
2020-12-01,1375.9373779296875,1391.0089951159953,1368.449497955729,1383.1851460681169,8573787
2020-12-02,1350.6417236328125,1374.4972834577554,1338.9780784335896,1373.7292537724713,8946075
2020-12-03,1322.08251953125,1374.6893952165667,1319.0586806011377,1371.809459332733,18966611
2020-12-04,1330.1461181640625,1345.3617531742425,1318.3384535286125,1325.7302407267834,13456161
2020-12-07,1317.3304443359375,1324.7222316185837,1303.7467256631437,1319.97038510615,12158159
2020-12-08,1321.218505859375,1333.2182375583634,1310.5147217469014,1319.9704868887284,9728948
2020-12-09,1350.8818359375,1353.6178686891142,1320.0186177664302,1321.8905291581675,11034537
2020-12-10,1330.3863525390625,1345.890030752541,1320.6905918743282,1342.0501162568132,9863983
2020-12-11,1327.4583740234375,1339.1700653554612,1318.0505374430454,1334.4182184491199,10678192
2020-12-14,1317.234619140625,1332.4502560482917,1313.2506846354922,1327.650363195092,8611025
2020-12-15,1335.6181640625,1339.1219919186642,1311.3306605904963,1325.5383895850473,10780718
2020-12-16,1354.2418212890625,1360.0977847440683,1338.6902141868086,1347.8100112716236,8416046
2020-12-17,1384.09716796875,1387.1690525606741,1348.2899199456517,1361.825594530201,10962239
2020-12-18,1354.86572265625,1382.0810915044917,1350.0179012197248,1377.5692391283383,11497959
2020-12-21,1317.714599609375,1366.8654552233295,1312.002656841354,1360.7696147775287,11880912
2020-12-22,1318.1466064453125,1329.378426497432,1291.171230931236,1329.378426497432,11425779
2020-12-23,1320.5946044921875,1325.6824208381743,1306.5789401572713,1312.7707553469263,7733697
2020-12-24,1341.18603515625,1347.809910718553,1321.890489358581,1333.7942470497671,7476094
2020-12-28,1356.3056640625,1364.1295126423581,1347.809877374997,1348.769855920136,5849597
2020-12-29,1370.08154296875,1377.3294289705912,1363.1697432571802,1364.1777677581963,7247673
2020-12-30,1375.16943359375,1382.273299130969,1356.4498496809554,1382.273299130969,8108363
2020-12-31,1378.8172607421875,1386.209048823874,1368.0175018784282,1377.5692417328664,11072875
2021-01-01,1368.017578125,1385.2491474651813,1363.7456029587506,1382.3692116076652,4405469
2021-01-04,1359.3297119140625,1380.4492413364562,1343.010075542213,1380.4492413364562,7870096
2021-01-05,1369.6014404296875,1373.489400686681,1352.6098658518492,1362.4016008314698,7193412
2021-01-06,1363.6976318359375,1382.369168522935,1356.545721035078,1377.569275576675,11067025
2021-01-07,1359.5697021484375,1375.2653289357331,1356.017828176533,1375.1693545120118,9947421
2021-01-08,1374.353271484375,1384.2890257285999,1366.1454082650844,1374.6892405293725,6884382
2021-01-11,1393.36083984375,1406.2726218404791,1378.8172583470578,1391.9689177999035,8665696
2021-01-12,1421.728271484375,1428.160081071559,1391.104931463771,1394.320836257363,10194078
2021-01-13,1411.79248046875,1436.991917450414,1403.5846169779124,1433.1520032436842,8467325
2021-01-14,1409.9686279296875,1428.4482167553192,1397.7289002659575,1412.2726001033682,6148583
2021-01-15,1407.95263671875,1412.7525297173584,1387.1690765977985,1410.304537414113,7082618
2021-01-18,1423.744140625,1442.7037166753162,1408.288509661465,1411.0724708476012,21412816
2021-01-19,1443.663818359375,1451.1516984387779,1408.288629793696,1432.0961463465092,8680127
2021-01-20,1432.2880859375,1440.9278934263991,1426.528214278234,1440.9278934263991,6673026
2021-01-21,1415.7764892578125,1434.5440006180245,1409.3926081168393,1432.2880743400563,13166527
2021-01-22,1385.777099609375,1409.152554149682,1382.513149062634,1409.152554149682,7696182
2021-01-25,1404.3046875,1421.7283227245885,1396.9128990701208,1406.4646393744972,10172359
2021-01-27,1353.185791015625,1412.9925037808941,1349.8739117687924,1409.248563859549,11778138
2021-01-28,1316.5626220703125,1345.2180774194392,1288.2912987882955,1334.2742977930525,21352223
2021-01-29,1334.85009765625,1352.3697051947086,1309.890656779542,1335.6660559402444,14352251
2021-02-01,1417.6484375,1423.1683146055527,1344.9300565007618,1353.8098588009987,13185272
2021-02-02,1498.094482421875,1515.3260494776841,1437.4718172208736,1440.9277163547695,21210103
2021-02-03,1511.7742919921875,1518.3980503469704,1480.2869481663176,1515.8061550937844,10118627
2021-02-04,1515.9022216796875,1524.4460548700304,1481.6789602980516,1503.326525142612,12242342
2021-02-05,1533.6617431640625,1553.485324112501,1486.0468294306515,1486.0468294306515,13527358
2021-02-08,1541.005615234375,1566.3490731782435,1531.837772923269,1555.1652992865208,8723790
2021-02-09,1547.3414306640625,1562.8451079669273,1523.1979462532722,1545.5654937510767,9210683
2021-02-10,1518.446044921875,1550.2213109345048,1504.2863615568692,1543.9814504685703,9894003
2021-02-11,1509.4222412109375,1533.8537654826823,1501.5983926352324,1518.6860576035867,6824309
2021-02-12,1518.6380615234375,1528.7658823748195,1510.0463001416585,1510.910304297089,4955053
2021-02-15,1551.9013671875,1559.9652107910279,1532.7977697845279,1536.0617204317757,5177622
2021-02-16,1561.5491943359375,1575.3248636431892,1544.077513715252,1556.317240717964,6948679
2021-02-17,1523.006103515625,1556.8933961847922,1519.6461782951367,1555.16538776887,6397213
2021-02-18,1492.0947265625,1541.6775255675457,1486.0468147448178,1541.6775255675457,7360280
2021-02-19,1477.5030517578125,1501.59849137547,1471.6472056874884,1483.1669489805413,8569754
2021-02-22,1486.0467529296875,1510.910220101081,1477.8388896878107,1483.214863162074,14725919
2021-02-23,1467.9512939453125,1495.3586125583006,1461.7114330694637,1491.566743976932,9119953
2021-02-24,1542.15771484375,1549.3575549961872,1455.567684151064,1465.4074656927282,7157166
2021-02-25,1542.1094970703125,1570.7648320670744,1537.8855682025687,1545.3254016317635,10054785
2021-02-26,1472.9912109375,1525.3100454778926,1460.1274740538934,1523.5341084763434,13956423
2021-03-01,1496.5106201171875,1509.6143510688767,1479.0389397866406,1501.4064873999932,6768009
2021-03-02,1505.4383544921875,1523.9659878642708,1488.9267698755805,1512.6381938049321,8055019
2021-03-03,1523.342041015625,1532.1258687754696,1502.3665317253196,1520.6061254012182,5611205
2021-03-04,1489.934814453125,1508.1263618226712,1477.5030214269777,1486.5748893949585,8145719
2021-03-05,1468.767333984375,1483.742977482139,1460.2235005653956,1469.727312634038,8722911
2021-03-08,1458.6875,1492.766740704179,1451.9676497203027,1480.2870187561698,7558525
2021-03-09,1499.966552734375,1503.0384373604204,1476.6870718359376,1483.16692734375,7533348
2021-03-10,1493.4866943359375,1511.966282229858,1490.0307948421037,1509.0863464541821,5527508
2021-03-12,1489.838623046875,1535.965637986612,1473.6150797435441,1535.965637986612,7815602
2021-03-15,1467.47119140625,1486.4307672198065,1454.6555015717836,1486.4307672198065,6115193
2021-03-16,1451.6314697265625,1478.7508615578497,1449.5674925749945,1469.631066074762,6861183
2021-03-17,1435.5040283203125,1477.407119172415,1430.560114913394,1463.2474343070523,10532214
2021-03-18,1431.328125,1461.1355080786846,1421.8723590129339,1451.2476814009053,9032770
2021-03-19,1437.5679931640625,1450.719653472976,1415.056541246902,1425.5682603329767,10617510
2021-03-22,1410.3525390625,1435.071987231412,1401.9527265779184,1435.071987231412,7007816
2021-03-23,1440.1119384765625,1447.1197120344348,1410.3045556948782,1411.1685598828046,9880714
2021-03-24,1419.6163330078125,1446.1596462869566,1412.128453410135,1431.2320500781527,8184450
2021-03-25,1404.7845458984375,1435.6959245994285,1392.2088507046728,1430.5599457618725,11982178
2021-03-26,1431.6160888671875,1439.0078769850852,1415.0084127258276,1434.2079841332336,6010629
2021-03-30,1491.5185546875,1500.014458195212,1441.4557694552698,1446.3516363883552,12803822
2021-03-31,1433.8720703125,1486.0468841852564,1428.4481677439676,1486.0468841852564,15387253
2021-04-01,1427.2481689453125,1439.391921548026,1406.3686346089678,1439.391921548026,17881881
2021-04-05,1391.5850830078125,1425.5683520078067,1373.7295028438864,1420.7684585667027,8003293
2021-04-06,1382.609130859375,1404.1126741930711,1375.3133171885363,1401.568707554027,7537867
2021-04-07,1389.281005859375,1398.4008027091309,1364.657648112946,1381.697268542753,12544090
2021-04-08,1375.457275390625,1402.4326484648989,1373.24927791255,1394.8487946920204,8806796
2021-04-09,1364.849609375,1375.45742004962,1358.4657280851336,1368.9295185291014,14078908
2021-04-12,1312.3387451171875,1343.0100134174204,1298.8509993951177,1337.250142023207,11274564
2021-04-13,1344.3060302734375,1350.1618763888098,1306.5308952046812,1313.2507455106568,9300341
2021-04-15,1372.865478515625,1379.2013143282695,1335.3303357919533,1348.7700372305496,17222492
2021-04-16,1371.473388671875,1387.1690146392946,1366.5294756671528,1377.5211832690613,7803263
2021-04-19,1355.8736572265625,1360.961472967099,1317.3785428024767,1334.3701153834088,12034621
2021-04-20,1335.714111328125,1369.313358903366,1328.5622011761839,1367.9693655633812,11593135
2021-04-22,1365.569580078125,1369.6975349973081,1316.1787272016277,1324.770488933436,19242656
2021-04-23,1357.5537109375,1377.185225714988,1344.161939646736,1352.6097978914806,11356764
2021-04-26,1348.5780029296875,1371.8094384991748,1346.6099998983327,1356.449780685328,15085476
2021-04-27,1381.1212158203125,1384.2891921909616,1348.5780338294787,1350.929934612157,10296453
2021-04-28,1417.6964111328125,1419.8083171308583,1373.7293453781328,1378.769232913587,12051970
2021-04-29,1413.5684814453125,1443.4718381230516,1402.5287276004085,1426.7201413257214,12039276
2021-04-30,1355.77783203125,1395.6169441774143,1351.1698878488226,1387.1690855712602,17616451
2021-05-03,1357.841796875,1364.993708351006,1322.1786826655677,1337.2503010656437,11236850
2021-05-04,1332.7862548828125,1366.0495365354998,1327.9384333037206,1353.521769034849,10743164
2021-05-05,1346.4659423828125,1353.1857924902833,1326.4023664821011,1344.9300000809392,7210806
2021-05-06,1344.833984375,1354.337795529363,1339.1700874498842,1351.2657938350358,5738522
2021-05-07,1358.129638671875,1367.9213729002047,1353.8097352443979,1356.4016304269321,6024167
2021-05-10,1363.025634765625,1372.7694412999422,1356.257855733088,1369.889505409103,5530025
2021-05-11,1347.3780517578125,1367.2015167009697,1339.2182334103986,1340.1301662340943,7259517
2021-05-12,1343.489990234375,1352.2257716642316,1333.2661951675336,1343.7299848735738,6887463
2021-05-14,1331.3463134765625,1342.9141026152247,1327.0264097262573,1338.5461530604048,5302071
2021-05-17,1382.609130859375,1384.8650570544203,1326.0184412194176,1339.3141209328678,7560346
2021-05-18,1417.600341796875,1423.4082591600682,1396.768853197032,1400.5607217664644,11082640
2021-05-19,1399.8406982421875,1419.6642790695416,1394.4169130915166,1411.3604410356272,5065458
2021-05-20,1375.457275390625,1407.232541082559,1371.329320865486,1399.9846563559408,5342092
2021-05-21,1437.3758544921875,1441.791732153886,1385.2489750838954,1385.2489750838954,9670823
2021-05-24,1449.51953125,1459.5993057924031,1438.527823980093,1443.0877219873705,11073051
2021-05-25,1419.7603759765625,1453.1676798336487,1411.648603266973,1450.047749224592,9618487
2021-05-26,1417.9364013671875,1427.4881413164337,1411.168505538102,1420.7682912900618,6141995
2021-05-27,1423.3123779296875,1429.4082189590551,1403.920738765176,1414.144534889807,10219748
2021-05-28,1443.2796630859375,1452.4475048517156,1419.5682404490908,1431.2320029369246,8875010
2021-05-31,1455.18359375,1458.687539212728,1427.968222822595,1439.9679557874906,7830527
2021-06-01,1451.1995849609375,1465.887304234888,1446.9277271172461,1459.4554945676678,5515081
2021-06-02,1443.807861328125,1449.759681967622,1433.2480963849007,1449.5677331153381,5312008
2021-06-03,1459.6954345703125,1463.9192464525172,1428.2080911809933,1447.6476568650228,5143630
2021-06-04,1440.8798828125,1459.7915321999021,1439.1999202041843,1455.3276081179708,4712238
2021-06-07,1439.82373046875,1453.4074496871472,1436.1278366789777,1449.567535685332,4045834
2021-06-08,1423.6962890625,1441.2158982597227,1422.2082753800144,1436.655999975514,4936270
2021-06-09,1421.056396484375,1441.8878856413223,1413.136572878156,1424.5122960755652,5111721
2021-06-10,1421.7762451171875,1429.4080275373406,1414.6723805762651,1422.7841522601984,5741770
2021-06-11,1426.8641357421875,1436.6559875471323,1421.7763195905427,1431.3280595661415,3602987
2021-06-14,1420.240234375,1426.5281408198616,1404.0166904514017,1419.0883069764202,4440982
2021-06-15,1430.6080322265625,1436.1279088816893,1415.7764105228264,1426.5281233945122,3784801
2021-06-16,1425.1842041015625,1434.2080263657408,1418.944343210413,1428.4481547739106,3851049
2021-06-17,1407.4244384765625,1419.568189792404,1401.568593134005,1407.3284640646925,4641901
2021-06-18,1420.5762939453125,1430.3680282040323,1396.7687792193738,1410.6884680844464,5969030
2021-06-21,1429.1201171875,1432.0961446417264,1400.6087991977324,1402.8647255058638,3630236
2021-06-22,1424.4163818359375,1447.6478185218123,1420.7684160558902,1437.088053267343,7183412
2021-06-23,1426.0482177734375,1437.8560014892732,1419.4243419617464,1430.3681214960766,3922434
2021-06-24,1445.9677734375,1452.8795725179016,1428.4481639004148,1430.3681211099586,7392512
2021-06-25,1454.4635009765625,1461.0873765146898,1446.6876980339275,1450.6235867150258,5191588
2021-06-28,1447.983642578125,1462.0473519680445,1444.76773782791,1459.167416278022,4678393
2021-06-29,1448.176513671875,1454.1058394906404,1438.6315701778756,1452.9489265728462,5485846
2021-06-30,1444.1754150390625,1454.8772720304964,1440.5116611141816,1444.2718048387567,4839511
2021-07-01,1433.42529296875,1448.12832691378,1429.8097928183329,1448.12832691378,8455721
2021-07-02,1427.3031005859375,1435.8356575878317,1424.0250235066158,1431.7380906616954,7413518
2021-07-05,1441.813232421875,1450.5386866868134,1431.304272614153,1436.5104987716406,3686941
2021-07-06,1479.655517578125,1484.7654717981538,1442.3436011753495,1443.3077345985948,8834516
2021-07-07,1484.2833251953125,1489.9234818793052,1472.9065043365424,1478.9805916528803,4814595
2021-07-08,1465.91650390625,1482.5478041821277,1459.1675704609663,1470.303357722508,4210461
2021-07-09,1448.12841796875,1461.626286045689,1443.789817515448,1458.3000727749854,5347921
2021-07-12,1433.666259765625,1448.1282596960114,1430.7738597795478,1448.1282596960114,7229489
2021-07-13,1447.983642578125,1452.0812092998317,1430.870275681585,1442.4398758369923,9089071
2021-07-14,1445.380615234375,1453.2864620653677,1437.6192942602386,1443.7897715803642,4894247
2021-07-15,1466.1575927734375,1471.9906468346085,1445.862655616697,1451.0207456925402,5219401
2021-07-16,1467.7484130859375,1475.0758031635432,1464.3258102357977,1473.1475364224857,2585314
2021-07-19,1418.240234375,1435.4499920626872,1413.4195673648878,1433.6663688073588,12555800
2021-07-20,1391.38916015625,1401.8499841612684,1384.6402262572617,1390.2803831915742,12087125
2021-07-22,1396.7398681640625,1415.829754629142,1393.172622021866,1403.874478140509,6603557
2021-07-23,1391.00341796875,1405.1761314146358,1383.8206714473301,1399.4395849465539,6563342
2021-07-26,1383.09765625,1392.2086700680081,1376.878925023998,1378.710802075659,6583583
2021-07-27,1388.111083984375,1397.8970616831923,1384.5919734818754,1384.5919734818754,11200715
2021-07-28,1366.46630859375,1387.0986691049272,1353.6432873560725,1383.5796763648116,10335171
2021-07-29,1367.382080078125,1378.6623928369552,1362.609667224479,1377.0234132709902,6851115
2021-07-30,1375.2880859375,1380.3980401999816,1357.4516174592743,1368.1053389514746,5827744
2021-08-02,1371.6243896484375,1383.5314134663377,1365.4539124193036,1383.5314134663377,6629393
2021-08-03,1383.2421875,1388.255751960505,1359.4281388118263,1359.4281388118263,6016560
2021-08-04,1412.74462890625,1421.614608549437,1388.3520083493993,1389.3161416885307,11026974
2021-08-05,1431.593505859375,1452.997338708264,1405.1280901743282,1414.4801374067968,9411204
2021-08-06,1439.1136474609375,1446.200003941841,1421.132537206849,1430.3400576421018,6669635
2021-08-09,1449.960205078125,1453.2864181424743,1423.0608603980422,1438.486994386097,5499024
2021-08-10,1453.57568359375,1465.2416737101448,1435.594572893177,1435.594572893177,7419173
2021-08-11,1441.3311767578125,1464.3739885163318,1437.5711506579746,1460.5657086697513,6292893
2021-08-12,1447.5498046875,1453.5273842545591,1435.883814937045,1443.3075944985917,4298837
2021-08-13,1471.4603271484375,1476.0882144796735,1447.164212889608,1447.3569924900496,8329214
2021-08-16,1475.7025146484375,1479.9447250207857,1466.8806707621814,1471.412168222759,3126389
2021-08-17,1460.32470703125,1469.3393309629832,1451.3100830995165,1462.7831766351403,4141333
2021-08-18,1458.7337646484375,1509.2061221935323,1454.2505210137829,1500.8663451427549,11492966
2021-08-20,1460.421142578125,1465.2900635747553,1432.750559655289,1432.750559655289,6575203
2021-08-23,1469.917724609375,1478.161112068375,1454.5398443065876,1474.9794248440437,5421527
2021-08-24,1502.939208984375,1508.3865858048557,1472.665399064198,1475.1239861178838,9190657
2021-08-25,1501.5413818359375,1508.6759925397555,1492.4785043306588,1496.4314277352403,3863987
2021-08-26,1499.03466796875,1514.6535820820761,1488.0916596479221,1494.4067805392858,5559501
2021-08-27,1492.912353515625,1502.746585056981,1489.8271736352397,1496.33507424811,3191069
2021-08-30,1512.002197265625,1513.6894307074963,1495.9493526945496,1499.8058862759701,4524583
2021-08-31,1524.6805419921875,1526.5605549956615,1506.1691105863138,1507.4225310500046,6031288
2021-09-01,1522.4630126953125,1540.6851573057393,1518.0280226394784,1518.5100893345052,6211279
2021-09-02,1532.0079345703125,1534.9003346985132,1514.894567145125,1517.6423237285032,4809262
2021-09-03,1519.5224609375,1540.6851415560157,1512.0504272409673,1529.2119307932496,5367667
2021-09-06,1509.5435791015625,1524.2466130794767,1505.928078943059,1523.2824797038759,3938448
2021-09-07,1512.96630859375,1525.2590092052333,1499.4201875097606,1506.4584082700235,3622748
2021-09-08,1519.8599853515625,1523.812908935347,1509.4472970747963,1515.5695209085677,3362040
2021-09-09,1512.3394775390625,1522.8003003519782,1505.0120879650233,1517.5458209205296,4125474
2021-09-13,1499.7576904296875,1527.1872373571634,1497.9258135131324,1505.9763035049807,4479582
2021-09-14,1493.0087890625,1508.386669359458,1491.1286583608126,1504.048069159958,4879253
2021-09-15,1491.3216552734375,1499.0347228100118,1479.9448335801626,1479.9448335801626,7411499
2021-09-16,1503.9998779296875,1508.193952450519,1481.198216753745,1482.5961631326438,5130275
2021-09-17,1525.4036865234375,1532.0079767931002,1503.276754317637,1512.7253087403237,10249051
2021-09-20,1503.9034423828125,1524.9697333812967,1502.119819152655,1507.904619483153,4390805
2021-09-21,1496.2867431640625,1512.3878411300668,1474.1116755552218,1505.9763306525765,7387498
2021-09-22,1478.6912841796875,1494.5513485350095,1475.12403783169,1493.4425716348285,5291101
2021-09-23,1513.689453125,1515.6177199442675,1486.6937176552547,1486.6937176552547,6832152
2021-09-24,1544.10791015625,1550.2782698277713,1518.5101210390508,1522.366654679785,10403351
2021-09-27,1566.813232421875,1576.8402437530324,1550.3265741087594,1557.7503545323275,8207731
2021-09-28,1557.1236572265625,1573.4656708859611,1525.2590020475432,1573.4656708859611,6386895
2021-09-29,1536.6839599609375,1548.9766605222305,1528.2960466547627,1539.7210036380225,8131518
2021-09-30,1537.7445068359375,1548.7356510455975,1526.3195496766068,1529.115560052442,7987674
2021-10-01,1525.933837890625,1532.0079251995185,1509.10975765799,1526.2231249785007,5564298
2021-10-04,1528.8746337890625,1543.9150922226545,1526.8017233121982,1532.0080675332304,3525514
2021-10-05,1538.2264404296875,1540.2029607895256,1519.7151279777713,1534.9002275911892,5128589
2021-10-06,1556.9791259765625,1568.5004735830803,1530.0797792862352,1538.7569803029814,9300415
2021-10-07,1552.73681640625,1569.3198635499693,1549.3623495590462,1568.259340364975,5632862
2021-10-08,1545.1683349609375,1563.8242917214218,1542.758001588987,1554.1829582336202,3622781
2021-10-11,1575.2012939453125,1585.9995416199383,1541.649402462177,1542.5171461145478,6540424
2021-10-12,1571.1517333984375,1582.6731979111933,1566.716743386341,1566.716743386341,4088473
2021-10-13,1580.6002197265625,1588.8917429047656,1571.537342800223,1578.286276174212,3112822
2021-10-14,1626.8787841796875,1629.385507576006,1579.2505688813594,1579.2505688813594,7378644
2021-10-18,1610.39208984375,1663.1301405573504,1607.2586562455986,1643.8474722610333,14428228
2021-10-19,1628.1319580078125,1631.7474581079296,1611.066844612085,1615.3571909873995,4493770
2021-10-20,1613.814697265625,1637.8216428986232,1604.7518196031515,1628.5177318817862,5454284
2021-10-21,1616.1767578125,1621.6240170059018,1601.2808271597623,1611.8381578015767,4869095
2021-10-22,1620.4671630859375,1646.7397974420833,1610.8258293772603,1619.840452856461,6087777
2021-10-25,1597.5689697265625,1629.3853704513522,1555.9184558545708,1629.3853704513522,8213383
2021-10-26,1593.4713134765625,1613.8145025924282,1587.3008368107883,1590.8199468983985,6045328
2021-10-27,1583.87841796875,1605.3303864082102,1578.575684197198,1593.4714983513672,6624821
2021-10-28,1536.44287109375,1590.8200151500168,1530.2242581113505,1590.8200151500168,8898875
2021-10-29,1526.07861328125,1544.5417924535504,1504.0481874079517,1532.9721910119508,6203437
2021-11-01,1547.723388671875,1553.2189019557866,1526.753487295377,1528.151433643651,4061160
2021-11-02,1549.121337890625,1563.8243722163336,1542.6616911981234,1548.3982378418198,6618861
2021-11-03,1524.7286376953125,1552.1583020895275,1519.0403450898743,1547.5304149375156,5103669
2021-11-04,1536.7803955078125,1540.5405393298481,1533.068505432906,1537.792782660999,548404
2021-11-08,1542.8544921875,1547.1448387930568,1514.1232694398796,1534.996781343148,9471790
2021-11-09,1515.8587646484375,1537.4071229767073,1512.7735847913323,1537.4071229767073,6347738
2021-11-10,1499.4683837890625,1512.7252172737753,1494.406683731263,1511.7610839294325,6857063
2021-11-11,1492.767822265625,1499.131079303486,1480.5232572081588,1494.4550557517584,3999702
2021-11-12,1497.299072265625,1503.1321260309264,1489.6342593137863,1494.4066722548093,7457046
2021-11-15,1501.396728515625,1515.4730525362604,1498.6489718798402,1506.0727519403206,4766797
2021-11-16,1492.478515625,1501.3484959020172,1486.3080382752173,1499.2274494811854,4122703
2021-11-17,1475.8953857421875,1488.6218989412864,1473.6778319506195,1481.7765756646188,3799439
2021-11-18,1484.18701171875,1488.1399352061512,1470.5445002741706,1471.315854087742,4576437
2021-11-22,1460.9993896484375,1497.0097452848238,1445.2840872904655,1490.5500991763406,7630636
2021-11-23,1461.1923828125,1473.0030166502236,1442.6809514067081,1448.128328511091,5617607
2021-11-24,1463.602783203125,1481.2463541485124,1459.746249528671,1469.3393299670486,15401143
2021-11-25,1471.21923828125,1478.305712557039,1452.948958376498,1460.4692455829413,5125826
2021-11-26,1436.46240234375,1452.6597731433224,1431.7381250593494,1446.2001263225752,9312468
2021-11-29,1447.4052734375,1453.5757507644228,1409.5630373126562,1441.186660055594,6495498
2021-11-30,1439.9815673828125,1474.1600512522841,1433.2326332044174,1441.3795138143655,12610771
2021-12-01,1450.683349609375,1452.9972933169772,1435.6910281030111,1441.379438724014,4338817
2021-12-02,1471.0264892578125,1473.9671431130978,1446.2000549806448,1450.5386551455867,5601555
2021-12-03,1459.2640380859375,1480.8605303672332,1452.9971714865128,1471.0746712925456,4062347
2021-12-06,1449.86376953125,1464.3257696887285,1443.645038848299,1458.73374921768,3514766
2021-12-07,1470.978271484375,1477.0523589406564,1455.7450344812962,1459.6497041099933,6213767
2021-12-08,1498.070556640625,1499.2757234168862,1478.9806678278194,1480.9089346698374,7647767
2021-12-09,1472.0870361328125,1498.9381273809497,1467.411012751485,1489.778860218572,5873872
2021-12-10,1467.9412841796875,1473.1957638784772,1454.3469097441769,1470.2069740215861,3889692
2021-12-13,1456.9501953125,1482.4997301383037,1453.1417978081322,1471.2675526104338,5161071
2021-12-14,1448.562255859375,1461.6263111925753,1443.3560293794967,1448.6105096087363,4595550
2021-12-15,1446.2000732421875,1468.712564177245,1442.006116568198,1449.092473388672,5057574
2021-12-16,1446.2965087890625,1462.5903870013872,1440.4153185102653,1458.5410737450527,6605216
2021-12-17,1420.216796875,1451.9849463331507,1415.0585888681692,1443.3077454586498,7497384
2021-12-20,1374.516845703125,1405.7065385726853,1363.3810575285509,1399.9217380024274,10578334
2021-12-21,1390.0875244140625,1398.7164709023432,1378.710703698329,1387.8699706110103,4559375
2021-12-22,1393.365478515625,1403.7781658335218,1384.2062116369034,1400.2109194944228,4288742
2021-12-23,1392.304931640625,1405.5136290032822,1385.3149649312224,1401.126775232972,4889583
2021-12-24,1387.29150390625,1399.9216272806318,1376.7824268297122,1393.654760491841,2780512
2021-12-27,1398.7647705078125,1401.8499502816755,1371.1423253218275,1377.650225709999,2352549
2021-12-28,1408.406005859375,1414.2871955935361,1401.2713957280073,1408.309498373393,2725339
2021-12-29,1401.705322265625,1408.5988996249266,1395.4867089026286,1403.8264863642146,3834351
2021-12-30,1409.0809326171875,1414.2390226535283,1393.1727318726212,1406.1885324818118,3607959
2021-12-31,1426.3389892578125,1431.5453332064494,1409.0809776929175,1409.0809776929175,3162868
2022-01-03,1465.145263671875,1468.3750868445131,1427.3994196147746,1431.738019674394,4534592
2022-01-04,1473.72607421875,1477.9200307386075,1453.7203072741327,1465.4826870273973,4428676
2022-01-05,1508.72412109375,1515.6176984131132,1473.2922187930617,1481.6802499529533,7166319
2022-01-06,1484.5244140625,1498.9864151736788,1475.172367087431,1487.6578476365887,4814465
2022-01-07,1494.93701171875,1510.5559248993827,1480.8124346141815,1488.6218912044978,5589692
2022-01-10,1503.228515625,1515.617605464591,1490.0680720391383,1502.1197387492575,4428248
2022-01-11,1509.736572265625,1512.4360752734983,1492.2857805974725,1505.5426153538422,4194599
2022-01-12,1500.8182373046875,1520.1009047478028,1496.3349935857507,1511.761127540243,10542765
2022-01-13,1473.19580078125,1499.2274019730653,1465.8684106508551,1499.2274019730653,20981948
2022-01-14,1489.730712890625,1493.153315768058,1464.5186015118343,1475.1240686722228,5604484
2022-01-17,1466.928955078125,1500.1915570828542,1464.6632651466505,1475.1240889053772,11494686
2022-01-18,1474.40087890625,1495.274388812698,1468.3750456591263,1478.0163788545242,6170576
2022-01-19,1463.98828125,1484.524369285277,1459.071224558924,1478.9806023598733,7158813
2022-01-20,1454.8773193359375,1473.677920878052,1446.2965084270206,1473.6296671306045,7598923
2022-01-21,1467.025390625,1474.9313552965893,1432.3165874507868,1446.2001322588856,5768847
2022-01-24,1433.328857421875,1466.6878475399176,1414.9139341152497,1455.7930936908997,5934254
2022-01-25,1434.6787109375,1441.379390794469,1392.2085888342563,1406.3331662690825,6797124
2022-01-27,1422.048583984375,1431.7381722267787,1383.5314997612306,1397.993501500895,14308919
2022-01-28,1410.76806640625,1433.3769454577225,1407.6346331475313,1424.5069660790941,12462604
2022-01-31,1432.4129638671875,1438.0532384839375,1414.1909365246831,1419.9274832522024,6421273
2022-02-01,1443.3076171875,1462.5902840837928,1420.602229840292,1454.3951506528683,7369742
2022-02-02,1476.281005859375,1479.9447598335084,1451.5992145106623,1457.7214380243292,6984645
2022-02-03,1460.9993896484375,1484.7170455665196,1454.8771666604773,1473.9187995574584,5282381
2022-02-04,1469.33935546875,1477.8719128331566,1459.7944109204013,1473.5815661226904,5789979
2022-02-07,1415.4925537109375,1464.5187162974237,1407.634842524186,1457.8661719279019,6134021
2022-02-08,1409.4183349609375,1425.42292526874,1392.7388983749984,1423.4465224873056,6990565
2022-02-09,1443.8861083984375,1445.9107649328535,1414.3836508756401,1421.132584451734,5654171
2022-02-10,1470.3997802734375,1480.4267908682023,1447.7908998049288,1459.697923395935,7157265
2022-02-11,1464.3739013671875,1470.3033449524567,1445.7179447581696,1446.4410447638838,5355552
2022-02-14,1420.8433837890625,1445.669819525506,1416.6012908654222,1436.5588057204152,7328310
2022-02-15,1463.361572265625,1470.2068951686695,1420.2166070184257,1423.060753181364,6567533
2022-02-16,1461.3851318359375,1479.703665568336,1452.9489649854909,1479.3179886881892,5016132
2022-02-17,1452.4669189453125,1467.410986149861,1448.1283187891531,1458.8301756359338,3675604
2022-02-18,1458.1070556640625,1462.5902993025118,1436.9925116545069,1444.5610526437017,3898064
2022-02-21,1467.50732421875,1475.7988473531666,1441.909654814963,1450.0565344108606,3734033
2022-02-22,1456.516357421875,1467.5075023022403,1434.5823214105255,1436.3660624486224,4768098
2022-02-23,1447.06787109375,1470.9783092528264,1442.0061706475742,1470.3998527402484,4514781
2022-02-24,1368.490966796875,1422.0485063676354,1356.6803326874513,1397.8970353958487,11815383
2022-02-25,1403.8746337890625,1413.323188277337,1381.458532022107,1388.3038556899469,9159327
2022-02-28,1375.09521484375,1386.9541023360546,1363.332834841806,1374.854181501972,12440416
2022-03-02,1324.9603271484375,1348.2441723354843,1305.822302665096,1336.7709613180343,19252780
2022-03-03,1321.826904296875,1342.0737058944203,1314.0174472190924,1331.4682383909442,8763961
2022-03-04,1317.4884033203125,1336.2890062217002,1288.9500757879034,1311.2215356865167,10609682
2022-03-07,1277.2840576171875,1284.5631946405153,1250.529354044954,1271.2099697293647,13527229
2022-03-08,1280.1763916015625,1286.153971679468,1245.6603683732178,1255.4944820993376,19606246
2022-03-09,1321.971435546875,1325.3940382442838,1271.5472154415415,1282.2973255816335,11567347
2022-03-10,1342.7484130859375,1375.8182326791537,1330.7450004592865,1375.8182326791537,11136603
2022-03-11,1346.7015380859375,1358.4156643759886,1323.4658297188578,1338.2171173544164,7575390
2022-03-14,1390.810546875,1397.9932929238907,1364.2486272326246,1364.2486272326246,12509063
2022-03-15,1372.9259033203125,1397.5113039766804,1361.1152696716651,1391.7265038222408,9433964
2022-03-16,1396.209716796875,1402.814006622977,1384.688252793912,1395.1009399198954,6682054
2022-03-17,1426.9656982421875,1436.3659989745022,1417.8064308619835,1419.2043772273987,7411977
2022-03-21,1433.1842041015625,1440.0777809930355,1419.9756244739176,1433.6662707696087,6128938
2022-03-22,1440.5599365234375,1444.2718265579538,1404.9351369420326,1428.1708459288266,5230907
2022-03-23,1426.1943359375,1464.3258590909381,1420.7469586738566,1452.9490378623034,15594128
2022-03-24,1390.906982421875,1416.9385825257489,1383.0975259291245,1413.4194723066284,10080022
2022-03-25,1379.578369140625,1399.9215583300127,1368.1051592770577,1398.9574250253777,8183231
2022-03-28,1381.4102783203125,1386.4237245450436,1351.3292478957562,1379.5784014601795,7877443
2022-03-29,1399.728759765625,1407.8756390024978,1378.7106069327663,1389.3160731399414,6188724
2022-03-30,1423.976806640625,1429.5688275497153,1401.8982454910329,1419.2043932916413,10054871
2022-03-31,1417.613525390625,1431.448816183583,1413.323178824622,1418.240235640912,7147857
2022-04-01,1451.9847412109375,1455.8412743881247,1417.565229681364,1423.4464192381636,7284278
2022-04-04,1597.376220703125,1660.3340593936562,1506.506650227341,1523.3307305224253,48725485
2022-04-05,1550.5675048828125,1606.9210537397046,1544.5416712714227,1606.9210537397046,15461291
2022-04-06,1495.226318359375,1532.7793863740553,1491.851851327333,1530.754612001174,13513930
2022-04-07,1462.349365234375,1486.0670238352498,1459.408711225644,1486.0188877794758,20390866
2022-04-08,1460.32470703125,1471.0265644467006,1443.5970157453803,1457.866119735292,20628161
2022-04-11,1442.4881591796875,1455.8413827613044,1439.6921488796806,1451.9848492970361,10399533
2022-04-12,1439.93310546875,1452.804261681265,1427.061949256235,1430.7738389793271,13717701
2022-04-13,1412.4071044921875,1448.417579280739,1410.1896684016592,1436.5586919948303,14446260
2022-04-18,1345.3997802734375,1380.301476708355,1340.1935545534263,1367.9605232643519,22810188
2022-04-19,1294.059814453125,1339.7116255218752,1279.4050337134895,1331.3718479958043,37048011
2022-04-20,1305.725830078125,1311.1249532463569,1287.4554326609446,1305.8703559255493,24662868
2022-04-21,1325.0567626953125,1330.3113605306758,1304.7618245062324,1316.0421386175549,26223135
2022-04-22,1306.979248046875,1326.020883200172,1300.7606345293345,1311.2214586574157,10329574
2022-04-25,1316.7650146484375,1321.4892912139587,1274.8252173669387,1301.5799156327225,10467744
2022-04-26,1322.8392333984375,1332.384059579021,1308.4736226903215,1322.790979653258,8508421
2022-04-27,1323.3214111328125,1329.5400247956009,1307.4613452979268,1311.2214892835511,9027167
2022-04-28,1322.1641845703125,1329.5398278936298,1313.2459514970594,1322.790894757114,10386861
2022-04-29,1334.9390869140625,1354.3663985325113,1322.357216613944,1330.8415199492908,14200738
2022-05-02,1353.3538818359375,1356.005248441701,1313.1978235786555,1313.1978235786555,9747158
2022-05-04,1307.3648681640625,1353.2575936850963,1301.5800678624516,1349.7867370425424,14527958
2022-05-05,1304.42431640625,1325.6835062561317,1298.205702671914,1325.6835062561317,8931456
2022-05-06,1270.3421630859375,1287.1181080324138,1265.907172918771,1282.2974409611313,13365634
2022-05-09,1272.511474609375,1278.922985409737,1249.0348493014055,1253.3734497042278,16381217
2022-05-10,1292.951171875,1304.4725191841674,1267.883702918024,1267.883702918024,10056906
2022-05-11,1300.230224609375,1306.4007016463381,1280.9958111711849,1304.472434928041,8551462
2022-05-12,1270.921142578125,1294.0855460969126,1261.1188947280953,1288.5260178161261,11191145
2022-05-13,1259.5096435546875,1285.5025683117808,1255.2669236853276,1277.7486361043464,8384119
2022-05-16,1272.9205322265625,1279.6504248890624,1253.6088060921059,1266.9709618375703,4902178
2022-05-17,1281.6011962890625,1284.5272264175762,1266.1907233213678,1280.2356917503284,8320722
2022-05-18,1281.503662109375,1300.425347069933,1277.699799200425,1291.4034210068767,7866192
2022-05-19,1255.315673828125,1264.4351101030582,1246.7814197359883,1254.4865367536602,10268753
2022-05-20,1288.3797607421875,1291.5496266547434,1260.4849645237891,1270.872395095489,6959675
2022-05-23,1271.8477783203125,1297.1578916220533,1267.0685719056341,1281.601212203137,9743160
2022-05-24,1286.4290771484375,1292.3299521010865,1264.9228274950365,1267.9463680991792,6435398
2022-05-25,1296.036376953125,1303.00998711918,1290.5743585829491,1297.2067414264625,6443556
2022-05-26,1333.001708984375,1337.1957330140767,1306.9600891603668,1309.0571011752174,13496214
2022-05-27,1357.726806640625,1360.3113713623588,1336.9519449170502,1337.9761030954342,12015859
2022-05-30,1366.9925537109375,1385.4752630275248,1363.9688940025926,1375.477993442145,6312337
2022-05-31,1354.703125,1370.1624126498975,1345.9738494700166,1361.4818328520912,6742694
2022-06-01,1360.457763671875,1365.9196630844347,1345.1449193983722,1345.9739375043048,6045948
2022-06-02,1350.9481201171875,1353.7766397905161,1344.6083880144222,1353.045132240197,5737510
2022-06-03,1346.2664794921875,1366.2122034623642,1342.365106075197,1363.8226598686447,3478622
2022-06-06,1344.4619140625,1352.801146838428,1327.1008748904678,1342.365021231775,3086633
2022-06-07,1329.0029296875,1340.4145192185647,1320.7125105588148,1328.417747443453,5126983
2022-06-08,1333.6845703125,1346.9492165548195,1323.5409752823246,1339.4391201040828,2993294
2022-06-09,1343.73046875,1347.9733075174465,1323.6872345961733,1328.6614618064423,3655908
2022-06-10,1317.7864990234375,1334.221012188456,1310.4714232176004,1326.564589990442,4577715
2022-06-13,1293.8905029296875,1297.206694230793,1276.0417905280578,1290.9644727923248,5446286
2022-06-14,1279.6505126953125,1293.305319995415,1272.8231090452614,1278.9190051613784,5935178
2022-06-15,1275.212646484375,1283.356858904197,1266.3858603875337,1269.5557263524674,5905235
2022-06-16,1249.70751953125,1287.9897471690804,1246.4888387553458,1277.699826893195,6084596
2022-06-17,1257.9490966796875,1266.971022746202,1240.2465909100545,1243.5627821411913,7361961
2022-06-20,1289.55029296875,1292.329997831236,1262.2406779202408,1272.5304792968775,7968420
2022-06-21,1303.59521484375,1320.61490884388,1291.4034228492533,1303.936561207502,6610342
2022-06-22,1297.4505615234375,1303.9853146977498,1290.5743429097797,1299.4012483289605,4079849
2022-06-23,1302.229736328125,1314.762874936606,1285.9902452551298,1297.694365803527,7686122
2022-06-24,1320.419921875,1328.0763436330556,1305.54593525783,1305.54593525783,4006716
2022-06-27,1322.8094482421875,1342.0724798387096,1318.6642389112903,1336.2204196068549,4902082
2022-06-28,1312.7147216796875,1317.688949267492,1305.3996460916,1310.861545385277,4885287
2022-06-29,1310.812744140625,1317.4451270332413,1298.4259303076087,1298.4259303076087,4997023
2022-06-30,1314.762939453125,1320.6150000144892,1303.058818330397,1303.058818330397,6237911
2022-07-01,1320.37109375,1326.4669898430286,1297.2555033894237,1310.812681051943,5736226
2022-07-04,1322.224365234375,1326.6621064735357,1309.154739257223,1320.3223740800383,4243740
2022-07-05,1319.2493896484375,1345.3398242263388,1315.0554846852795,1330.368327635786,7162859
2022-07-06,1337.4395751953125,1339.5365872201098,1313.8850093661056,1314.7628421974705,7524539
2022-07-07,1361.3843994140625,1363.5301073235712,1340.5607220545521,1345.973925684212,8871571
2022-07-08,1362.6522216796875,1375.2341751795952,1360.3601885331493,1375.2341751795952,6237015
2022-07-11,1371.4791259765625,1375.136663673904,1358.8971724856133,1359.6286800250816,3731416
2022-07-12,1357.48291015625,1370.6012304736184,1355.1420623248457,1370.6012304736184,4938487
2022-07-13,1324.3699951171875,1359.8237034464041,1320.8587827337187,1355.727308842436,7972805
2022-07-14,1317.7376708984375,1338.8050632905733,1315.9820052572318,1328.4176328777837,5186205
2022-07-15,1328.4664306640625,1331.2461353433346,1313.5924448769342,1319.63952590063,6797823
2022-07-18,1314.3240966796875,1332.4166460069932,1308.95970777404,1314.7629536023219,10166110
2022-07-19,1314.8116455078125,1325.052750643214,1304.0340539077984,1304.0340539077984,7896269
2022-07-20,1331.3924560546875,1337.293211746356,1321.8340438265539,1326.3694141088872,10173931
2022-07-21,1327.198486328125,1335.7327407873358,1324.6138025940986,1327.0034652789593,6320139
2022-07-22,1358.1656494140625,1362.5546946006789,1328.8078376445671,1332.319049981766,6364796
2022-07-25,1362.1644287109375,1369.9671751094654,1349.1924342596615,1360.603903243324,5071563
2022-07-26,1359.3848876953125,1367.4314708870515,1352.1186268615081,1361.5794103839685,4263982
2022-07-27,1369.7723388671875,1371.3328645453284,1350.119144912426,1354.6545156805214,4606389
2022-07-28,1381.915283203125,1388.8890123793437,1376.2095480809369,1380.1597365057842,8710203
2022-07-29,1398.83740234375,1403.1289369492192,1380.4035080478538,1402.5437547440345,10009868
2022-08-01,1410.4927978515625,1412.7360161018923,1394.7897938573872,1403.5190691441387,6596518
2022-08-02,1394.98486328125,1408.9810169123202,1387.9624385994603,1406.4451479472557,7518255
2022-08-03,1398.252197265625,1400.3492092719964,1382.061521531199,1389.8154535091103,5487749
2022-08-04,1396.59423828125,1411.0292491650605,1378.1114094148445,1404.494496009207,6006103
2022-08-05,1391.86376953125,1401.5195734082608,1386.1092199777659,1397.6670148157539,4634491
2022-08-08,1426.000732421875,1428.3902759045293,1391.9124123390538,1392.7902451291689,7678868
2022-08-10,1430.14599609375,1435.217733869578,1413.321323372547,1425.3179750939942,8676551
2022-08-11,1449.067626953125,1454.2369945445078,1438.1926434025952,1449.8479492893432,9150883
2022-08-12,1448.53125,1452.5789488541304,1439.558019434384,1448.3849246803622,4425185
2022-08-16,1465.112060546875,1471.3054671067584,1451.3597429030822,1457.9433106213257,6281878
2022-08-17,1472.6710205078125,1475.4507253801225,1449.1164536331298,1463.0150970551538,6192175
2022-08-18,1474.426513671875,1476.5723405059543,1462.673697588399,1463.0150439532274,4171069
2022-08-19,1456.2364501953125,1474.719159229457,1453.2616053253248,1472.7684725108998,4031851
2022-08-22,1434.09619140625,1451.6523731819702,1431.5115074993955,1448.1899754347119,4117033
2022-08-23,1429.658447265625,1439.558087831379,1414.6381346320818,1417.4666543910732,7483442
2022-08-24,1436.5345458984375,1439.119229797937,1423.2210842776387,1425.8545829727896,6727760
2022-08-25,1428.7318115234375,1450.1406714265402,1421.0753893462618,1443.4107778913908,5911520
2022-08-26,1428.9755859375,1445.2638920900615,1425.1717228802868,1435.7542939772648,3853088
2022-08-29,1403.9093017578125,1410.3465443306295,1393.375545503768,1401.56845380575,4326589
2022-08-30,1449.457763671875,1453.2128118480814,1407.5179986077403,1410.7853750971544,5067700
2022-09-01,1435.851806640625,1452.7251759834285,1423.0260171496286,1428.6342416860305,11201568
2022-09-02,1448.8726806640625,1453.7493978658938,1429.0731612004363,1435.8518695472687,6019043
2022-09-05,1458.187255859375,1462.0398148185948,1447.5071737678088,1449.4578606454852,6065966
2022-09-06,1452.627685546875,1469.501174183527,1449.7991658425176,1461.9422627473084,6119348
2022-09-07,1445.7515869140625,1453.261683560622,1435.0228093844203,1435.0228093844203,4888103
2022-09-08,1460.6741943359375,1463.0150422155762,1445.6051870253045,1453.3591191248597,5582345
2022-09-09,1461.6495361328125,1471.7931308934094,1457.2117952791236,1459.3086882556795,7564444
2022-09-12,1456.72412109375,1466.9164115685596,1453.26160454598,1463.0150381335368,5540246
2022-09-13,1475.7921142578125,1478.5231234751536,1461.6009388439782,1461.9422852310267,6500983
2022-09-14,1490.958740234375,1500.9560102722046,1455.5537265249927,1457.2118817724304,10109880
2022-09-15,1483.20458984375,1502.9552927494683,1474.7191502936287,1492.275330654267,6769686
2022-09-16,1455.94384765625,1477.3525874754068,1446.4342495891601,1466.0386279461432,10280023
2022-09-19,1465.5509033203125,1476.6698413938925,1443.5081672806875,1452.2862574871242,6038019
2022-09-20,1483.20458984375,1486.4232705340542,1472.6709530636476,1476.6698370003662,5390834
2022-09-21,1480.91259765625,1483.9849531162681,1467.8917873414287,1470.8178174823086,4536152
2022-09-22,1449.3602294921875,1472.9147953919232,1446.1903635797719,1464.965723214849,6024072
2022-09-23,1410.4927978515625,1438.6314294562924,1401.5683824601301,1436.0467457878876,7903126
2022-09-26,1391.4736328125,1401.0319263348306,1383.0368889093863,1390.2056388162514,4461743
2022-09-27,1378.9892578125,1404.4945118219166,1372.308179259331,1397.081925710507,6319850
2022-09-28,1355.288330078125,1375.8192351059233,1351.728303221193,1371.3326797382176,5908066
2022-09-29,1348.265869140625,1367.626411013858,1344.803471650815,1361.8719804414054,7205194
2022-09-30,1386.3043212890625,1396.1552658419178,1331.343744371956,1344.8035309502357,7890878
2022-10-03,1378.355224609375,1382.8905951635343,1366.5535934582467,1375.1853586068567,5770556
2022-10-04,1417.1739501953125,1422.0506671608848,1390.9860039022838,1394.2533804571226,5769263
2022-10-06,1401.5684814453125,1426.537248951937,1398.8374722706376,1423.9525651009901,6274599
2022-10-07,1395.5213623046875,1399.568942102385,1385.3289524993722,1394.9848758189707,6648997
2022-10-10,1380.11083984375,1390.8396166905918,1363.7250239443863,1373.2834363957597,6554651
2022-10-11,1366.11474609375,1382.0615867440872,1364.9442625868292,1366.55360299605,7260810
2022-10-12,1375.0391845703125,1379.9645973456734,1362.8473919672294,1368.601822827505,4612525
2022-10-13,1359.238525390625,1371.5766430943775,1349.8752526525286,1367.480248477858,7357117
2022-10-14,1403.51904296875,1411.3217895592643,1380.3546390281608,1382.061489844836,6424960
2022-10-17,1410.883056640625,1421.6605298793472,1391.8150453606531,1399.6177926366765,9205250
2022-10-18,1408.24951171875,1426.8298506833562,1404.4944635276624,1422.0994591148192,5280554
2022-10-19,1422.6846923828125,1440.9723813662567,1417.564139467448,1427.902755827327,6483520
2022-10-20,1413.0775146484375,1417.0763986323122,1406.9328038255662,1408.3958188728718,3949039
2022-10-21,1403.12890625,1421.7092445162573,1398.6423506944543,1416.1985308286942,5246303
2022-10-24,1425.0255126953125,1426.9273846884457,1418.441944789197,1418.441944789197,1083897
2022-10-25,1415.125732421875,1431.6090593392867,1409.3711826736048,1425.074187263618,6886697
2022-10-27,1418.5394287109375,1431.17007779566,1415.467073266946,1428.3903729884187,7968638
2022-10-28,1422.7332763671875,1430.8286736788548,1411.711968108463,1414.2478369695566,5237139
2022-10-31,1459.79638671875,1461.0643807347642,1431.07257185119,1435.7054528982462,6415264
2022-11-01,1475.9383544921875,1491.300012568019,1461.9422009463017,1466.4287566357204,9536878
2022-11-02,1476.8648681640625,1490.5684899969574,1474.3289992400253,1479.595877196391,6360203
2022-11-03,1470.37890625,1482.7657190978027,1460.0889863439638,1460.7716790607528,5166176
2022-11-04,1460.2353515625,1478.7180608169615,1452.8714614879793,1466.136107520193,5409030
2022-11-07,1471.59814453125,1474.7191957340117,1455.3098385918202,1472.7685089671677,4917917
2022-11-09,1471.1591796875,1480.522452426999,1466.9164597496538,1477.6940518420831,4634895
2022-11-10,1487.15478515625,1489.3493077118176,1458.1871350469462,1460.1865174946267,6387091
2022-11-11,1571.4244384765625,1596.637039881908,1500.0780496874618,1506.9054530345438,28361169
2022-11-14,1575.2283935546875,1587.8590428623581,1558.59874108971,1572.2535485836124,9597695
2022-11-15,1579.0809326171875,1583.1286314573,1565.6699611388144,1583.1286314573,5515101
2022-11-16,1592.6383056640625,1601.5139070371304,1572.2536042289003,1578.7396618301532,6789075
2022-11-17,1578.251953125,1591.3215785517739,1574.1067436576577,1578.2031383306062,6050465
2022-11-18,1574.1068115234375,1582.9824130711365,1565.6700669023057,1581.031726178874,5229616
2022-11-21,1557.9647216796875,1572.2535259853832,1550.990992712013,1568.010806101425,4172408
2022-11-22,1555.672607421875,1564.7920437222551,1551.7712341117262,1560.5493240595613,4273157
2022-11-23,1559.7203369140625,1565.4260716809933,1554.6972948657342,1565.4260716809933,5092869
2022-11-24,1585.079345703125,1591.7604241615613,1559.7204173770217,1566.352681041411,8598980
2022-11-25,1577.7642822265625,1591.467785624589,1574.3017655161234,1589.5170988154343,4205248
2022-11-28,1560.793212890625,1567.8156374631646,1554.746131678742,1563.3778966084585,8052990
2022-11-29,1558.452392578125,1572.5948715577902,1553.5756756885853,1557.8672103634744,6319118
2022-11-30,1568.791015625,1573.1313651124867,1557.7208920480687,1557.7208920480687,7592403
2022-12-01,1579.568603515625,1596.6371126613633,1575.1795583067208,1582.0069619650162,10223183
2022-12-02,1567.474365234375,1578.690814412419,1565.5724932153314,1570.3028849261507,3905539
2022-12-05,1573.1800537109375,1574.7893940965168,1556.8430521316182,1570.254023577328,5796311
2022-12-06,1571.4244384765625,1573.9114925452916,1560.549336475903,1561.5246798112003,6176546
2022-12-07,1570.74169921875,1578.6907715804857,1564.8896389368056,1574.350541162232,5837360
2022-12-08,1579.568603515625,1585.908335484042,1565.426124509156,1570.3028414079383,7401817
2022-12-09,1590.8338623046875,1594.5400957001307,1580.0562703671922,1585.9083306278114,5981692
2022-12-12,1603.2205810546875,1612.827688937432,1581.4216816810329,1584.9328938183223,7217404
2022-12-13,1607.658447265625,1616.1438865533366,1604.4397666748575,1609.3164832908906,8515851
2022-12-14,1621.2645263671875,1624.4343923384274,1609.3165700140528,1612.2426001413512,7113820
2022-12-15,1591.5653076171875,1628.238193337964,1586.932426758647,1616.1927269178514,9091324
2022-12-16,1599.2218017578125,1604.5373755710064,1569.3275032565855,1580.10509526299,7323979
2022-12-19,1604.196044921875,1606.0492211798437,1586.1033773655986,1603.464537377451,4802271
2022-12-20,1593.1259765625,1596.0520068418261,1580.2513718971793,1580.2513718971793,3587349
2022-12-21,1577.71533203125,1604.2447417952603,1566.9378597718874,1600.538389551759,4634599
2022-12-22,1572.3023681640625,1587.3713759986624,1569.3275231839311,1582.2020083789016,4873548
2022-12-23,1558.25732421875,1564.5970559826803,1546.3580639332467,1547.8698937472939,5346576
2022-12-26,1589.2733154296875,1598.587892875085,1550.7960644730842,1560.0618271224519,4953661
2022-12-27,1590.882568359375,1595.612959955307,1573.7165486289412,1592.735744599356,3963386
2022-12-28,1589.61474609375,1592.7357973989392,1583.0798737740765,1583.0798737740765,4345935
2022-12-29,1600.8311767578125,1602.9768846226218,1571.2782239896828,1580.1538251548109,5506448
2022-12-30,1588.00537109375,1604.4398834740798,1580.0562986188506,1604.4398834740798,3561320
2023-01-02,1588.5416259765625,1599.3192173431737,1578.6419864751044,1586.8835899480675,2190689
2023-01-03,1598.92919921875,1602.489226485911,1582.202035884906,1582.202035884906,4189015
2023-01-04,1570.3515625,1605.171271455465,1567.37671774506,1594.6863307487074,5175800
2023-01-05,1560.2568359375,1578.1544831102158,1550.2108700538604,1575.179638027212,5470718
2023-01-06,1555.0875244140625,1569.425024619056,1539.2868900639858,1562.5001103639943,4546231
2023-01-09,1558.1109619140625,1571.814583256491,1550.795886975499,1556.6479469263497,5364670
2023-01-10,1529.631103515625,1560.54944170522,1526.4124226679185,1560.54944170522,8185883
2023-01-11,1551.673828125,1558.5987424049424,1521.535693461646,1529.2896258137516,7597899
2023-01-12,1559.9642333984375,1564.3532786298608,1545.0902467808362,1548.6502739473071,4625035
2023-01-13,1561.1834716796875,1570.2053983299702,1546.8946667403875,1559.330295366453,4622273
2023-01-16,1546.2119140625,1581.3242758815747,1541.3351971431841,1575.179564939048,7374047
2023-01-17,1569.22998046875,1571.278177744964,1538.6041746695723,1550.6009458109938,5393177
2023-01-18,1596.9296875,1601.1235923976033,1560.2566829134912,1565.4260502050213,9545321
2023-01-19,1603.56201171875,1609.3165614171235,1592.7357241176744,1596.6370975998977,5586081
2023-01-20,1619.9964599609375,1627.8480214091762,1602.8792559174497,1603.56194862579,9421702
2023-01-23,1631.846923828125,1641.1126855892762,1620.4354543359466,1625.1658457387566,7722200
2023-01-24,1653.6947021484375,1660.4245952880601,1633.700162842013,1633.7489776352415,12491970
2023-01-25,1607.9998779296875,1651.2075179769884,1604.7325014377184,1649.6958071830325,7352071
2023-01-27,1575.9598388671875,1596.6370703458297,1550.7471179203162,1591.7603535762944,17589974
2023-01-30,1574.3505859375,1585.225688749501,1542.9932715561695,1555.6727358609926,9256411
2023-01-31,1563.9630126953125,1582.689556804055,1555.6725944802142,1579.763526845785,9298122
2023-02-01,1587.420166015625,1623.9467279787052,1566.4014685488291,1583.9576493918423,8651395
2023-02-02,1563.8167724609375,1584.445308601079,1549.576783034758,1568.449653480239,8748553
2023-02-03,1617.8995361328125,1619.557572141654,1567.3767048669906,1571.2780781211711,7205550
2023-02-06,1611.0234375,1628.2382720715161,1605.6102340846048,1619.0700204328741,5583836
2023-02-07,1613.4129638671875,1623.8492094196333,1592.345570771886,1618.4848208552503,5132294
2023-02-08,1613.2178955078125,1627.0677234073323,1609.3165221208528,1613.4617313444976,4222413
2023-02-09,1609.85302734375,1620.6793148066174,1595.222876972181,1619.0699744536512,5888668
2023-02-10,1616.241455078125,1617.6069595917131,1601.7088152286983,1608.146176641261,4086058
2023-02-13,1617.460693359375,1620.7768847105192,1604.0010259606925,1614.193316802112,2868472
2023-02-14,1632.43212890625,1636.1384812868548,1617.0704710342573,1623.9466893249557,5454296
2023-02-15,1629.1160888671875,1636.6261852396292,1615.9001384956828,1636.6261852396292,5719356
2023-02-16,1623.2152099609375,1640.4300443218137,1620.0453439958644,1631.944485532874,4031250
2023-02-17,1615.0711669921875,1627.0191236948606,1602.4403984702203,1620.045394542022,4478135
2023-02-20,1599.904541015625,1628.2870104741653,1594.4914565188508,1619.070062860984,4043353
2023-02-21,1605.90283203125,1621.3620003768822,1593.7110401087534,1599.5631002315517,6194648
2023-02-22,1574.399169921875,1601.4649475745223,1569.3762469752521,1598.5877323491482,5179551
2023-02-23,1563.71923828125,1578.9345708497503,1552.8441360304623,1573.2288360191212,13941005
2023-02-24,1549.7718505859375,1578.0081135028747,1546.1143128293763,1578.0081135028747,8530870
2023-02-27,1553.62451171875,1559.5740825932212,1538.409178627496,1546.797107980068,7156486
2023-02-28,1560.1593017578125,1565.718830655806,1549.5280347294683,1552.7467156209632,9496996
2023-03-01,1558.6475830078125,1573.2289193540773,1556.4042455420142,1572.2535759446823,7068628
2023-03-02,1545.3828125,1566.3526957356148,1542.993268778736,1554.697389654428,8695907
2023-03-03,1576.057373046875,1580.0562570458228,1548.8452692523251,1556.6480162006997,7493117
2023-03-06,1587.1763916015625,1599.0267188808812,1578.1544649858242,1580.0563370265734,13502355
2023-03-08,1590.34619140625,1599.075467008488,1580.0562711520283,1580.0562711520283,10049887
2023-03-09,1590.492431640625,1605.3664184614922,1586.8837086918825,1589.7609240920576,10350083
2023-03-10,1549.479248046875,1573.9603424976415,1545.919220981417,1570.74166179507,13693500
2023-03-13,1529.8748779296875,1564.2557314366009,1526.3635465784785,1548.7477481703247,13221775
2023-03-14,1525.7784423828125,1544.5538030592927,1520.8530295896833,1531.5329923243223,16592806
2023-03-15,1503.8819580078125,1543.8710359648944,1498.7125905501484,1539.091829665247,18632377
2023-03-16,1513.6353759765625,1520.657800506241,1494.2748341977904,1501.053422888793,10876671
2023-03-17,1533.873779296875,1540.2622069534775,1502.0287943576527,1519.0973033844443,11475438
2023-03-20,1523.2425537109375,1529.4359604838048,1507.295712946004,1529.2896351618292,13251557
2023-03-21,1540.5059814453125,1543.4808262385525,1517.8292489271157,1533.1909064394426,16525247
2023-03-22,1536.9461669921875,1546.9434367748515,1526.7050613611657,1544.9439351941296,7088662
2023-03-23,1524.6080322265625,1551.1373246074108,1520.1214764789815,1529.0945879741437,14182089
2023-03-24,1522.169677734375,1535.092977586661,1516.6101490031463,1521.5356807219798,15738874
2023-03-27,1528.802001953125,1540.506123038281,1520.4628871162372,1523.6814489783692,15936003
2023-03-28,1541.237548828125,1543.8710473688377,1525.5345443508365,1527.0950699339605,19638151
2023-03-29,1548.6502685546875,1562.5000969458742,1542.8957187925428,1544.943916081314,19881806
2023-03-31,1569.864013671875,1573.180085976267,1553.1368505862456,1556.2579018352521,17355614
2023-04-03,1570.8392333984375,1575.8621562536566,1563.231507869785,1567.913203435181,20012699
2023-04-05,1612.97412109375,1615.1686437074832,1576.1549083522298,1578.690777338227,21682696
2023-04-06,1625.263427734375,1628.0431325728687,1606.4880675505783,1607.9023868968097,22318672
2023-04-10,1617.55810546875,1629.7987119408463,1613.2178752544344,1622.2398010985114,15906643
2023-04-11,1622.2886962890625,1628.2382671122448,1610.389435582226,1618.0946721186951,21180771
2023-04-12,1643.3560791015625,1646.57464080817,1626.6777311732271,1626.8727522243655,13477752
2023-04-13,1650.7198486328125,1655.2065234095546,1636.7725097961325,1646.6722688719028,17665043
2023-04-17,1625.5560302734375,1677.5905745738526,1612.5352202654376,1677.5905745738526,16202574
2023-04-18,1618.6798095703125,1635.8946436133049,1615.5587584557534,1628.8234042833324,14818613
2023-04-19,1624.62939453125,1629.116069256071,1616.2902802015299,1623.9467018003265,12370584
2023-04-20,1630.6766357421875,1636.0897201143928,1625.3122471031447,1630.4814956281207,16461358
2023-04-21,1633.31005859375,1635.6020918064094,1622.2399346479888,1627.848159283026,10064309
2023-04-24,1646.52587890625,1649.7444404835123,1632.8222573910748,1645.4042102561043,17837926
2023-04-25,1623.11767578125,1646.086940464834,1620.9231532220272,1646.086940464834,25176534
2023-04-26,1630.5791015625,1633.7001527375717,1614.1932852421976,1619.0700021160412,13696375
2023-04-27,1639.55224609375,1643.6974555202214,1624.7757698555279,1629.3111404518793,23895196
2023-04-28,1645.9893798828125,1649.305571016879,1628.823361087042,1643.1608604137418,13958136
2023-05-02,1645.648193359375,1657.108478599839,1640.5276403795933,1647.062393701029,16110592
2023-05-03,1651.4027099609375,1654.1824148530472,1638.235573993652,1643.4048226037833,14703635
2023-05-04,1685.1983642578125,1691.6843025813832,1645.5018166744119,1645.5018166744119,28427319
2023-05-05,1585.5670166015625,1619.996567067575,1582.1044999192102,1598.5878271349538,31385208
2023-05-08,1603.9033203125,1609.6578698753467,1589.809656564079,1594.6863733020054,18622262
2023-05-09,1603.9522705078125,1615.168719951923,1599.5144102774734,1609.2191488414903,21844469
2023-05-10,1611.36474609375,1613.8519192934234,1592.8332221979742,1603.9521603475334,23170275
2023-05-11,1612.437744140625,1646.3797438295492,1608.5851851367797,1624.0931698060378,17867309
2023-05-12,1626.677734375,1631.5544512677652,1603.7083501858867,1606.3905444769077,11239380
2023-05-15,1634.48046875,1639.3083708122738,1624.0442232439923,1630.7741163160028,9256130
2023-05-16,1625.1085205078125,1649.278469862677,1621.852928138655,1649.278469862677,16361043
2023-05-17,1616.3775634765625,1627.7720157571994,1603.454064285113,1627.7720157571994,15233434
2023-05-18,1622.83935546875,1631.6687372263443,1617.906713050912,1625.798940919453,24823471
2023-05-19,1624.7138671875,1627.7720815585924,1609.570678271503,1625.7990244900363,15230166
2023-05-22,1618.942626953125,1630.632965476394,1610.705017719587,1622.8393663189343,14167016
2023-05-23,1615.1444091796875,1627.3773866432705,1611.4449273112155,1626.7854936294834,11235037
2023-05-24,1594.0328369140625,1612.7275042695899,1591.862401906212,1605.6245470686229,16794056
2023-05-25,1587.916259765625,1598.2255549126821,1575.8312855626104,1593.9340595693045,14888465
2023-05-26,1594.0328369140625,1597.18968001986,1580.6653272463377,1597.18968001986,13317533
2023-05-29,1613.4674072265625,1618.893314129495,1602.9608543202603,1606.561707531921,10908146
2023-05-30,1614.7005615234375,1620.5211038997252,1606.6110757976446,1611.5929725879255,18562964
2023-05-31,1589.1494140625,1612.9247268860188,1583.032985517739,1607.9428302042268,21667135
2023-06-01,1582.3917236328125,1598.0775509634686,1578.4456096087906,1598.0775509634686,25183469
2023-06-02,1584.8580322265625,1593.0462669312785,1579.4321254869135,1590.7278286200276,8929855
2023-06-05,1582.786376953125,1594.7233479251129,1580.8625740892335,1592.750290890872,9348621
2023-06-06,1577.853759765625,1588.162934765138,1570.8000566695046,1585.9926201628762,16091426
2023-06-07,1586.0418701171875,1590.826629830194,1574.4995344821118,1581.849123863084,12474513
2023-06-08,1587.0283203125,1604.0953112159455,1581.6517882576659,1581.6517882576659,18697761
2023-06-09,1588.90283203125,1596.69643153137,1585.3513533956823,1594.1314814293403,9106289
2023-06-12,1579.23486328125,1594.0327907092008,1577.9029534720612,1590.8265730998114,6704146
2023-06-13,1581.8984375,1587.3243442079824,1568.6789316172014,1568.6789316172014,13963054
2023-06-14,1580.1719970703125,1590.2839140173833,1578.6428297518828,1588.7547466989536,10056984
2023-06-15,1560.7374267578125,1584.315361040851,1557.7284667296392,1582.3916786791267,17688738
2023-06-16,1581.1585693359375,1587.5216300548323,1562.6611597742162,1565.7687486657542,7889636
2023-06-19,1582.539794921875,1592.5037091750469,1576.8178811711018,1589.2974913929072,12414573
2023-06-20,1585.8446044921875,1589.297454330895,1569.2216229252922,1582.5397580174506,10002813
2023-06-21,1613.5660400390625,1615.1938361991918,1589.2974622793697,1594.2301049307644,12154473
2023-06-22,1621.458251953125,1635.2203970674382,1616.9696194410642,1617.9067733650536,28298070
2023-06-23,1621.359619140625,1637.5387109190742,1612.036972816969,1615.489822629559,10669609
2023-06-26,1613.5167236328125,1628.511908544332,1606.758907120382,1622.8393697140245,8065157
2023-06-27,1636.2562255859375,1650.363631992317,1616.4764004545502,1620.8170297249612,16915932
2023-06-28,1653.56982421875,1657.2693062164835,1638.1306285963733,1647.502649657298,29781475
2023-06-30,1678.4796142578125,1685.7799492441668,1660.5740978947356,1681.0445642730606,20349508
2023-07-03,1696.6318359375,1733.8239138276458,1686.9638080485204,1689.4301294053164,22052058
2023-07-04,1704.9185791015625,1723.4653638722439,1690.7126644292123,1700.2325685243484,19397594
2023-07-05,1650.7581787109375,1696.8290112531126,1646.0721683600932,1693.129529397183,18582877
2023-07-06,1652.435302734375,1665.1121703746603,1638.0320101509344,1650.4622456564832,26078272
2023-07-07,1638.031982421875,1652.4352747614928,1633.9872395658367,1642.5699895390362,9963168
2023-07-10,1634.1351318359375,1654.161709122233,1627.4760642727497,1638.6238848081282,19199221
2023-07-11,1626.193603515625,1653.4217660309666,1623.3326467804031,1640.5968955307264,25335213
2023-07-12,1610.95166015625,1643.8524818545227,1605.2298671321728,1633.0499225625645,35479179
2023-07-13,1618.991943359375,1635.121660708438,1615.9831036042153,1634.3817643123723,20956773
2023-07-14,1622.34619140625,1631.3235770758977,1612.9741702336387,1631.3235770758977,12363607
2023-07-17,1656.28271484375,1659.3409290940106,1611.0010328243277,1627.772017244422,24626464
2023-07-18,1654.901611328125,1681.0446174087183,1647.5026473430514,1675.1254462206593,40538409
2023-07-19,1662.399169921875,1666.0000230724556,1652.4352560452187,1658.453055877588,16467567
2023-07-20,1666.0,1669.2062176165805,1657.3678756476684,1658.5024075048575,28105474
2023-07-21,1653.1751708984375,1667.0359448041913,1650.7088495932032,1657.3679171173355,21077124
2023-07-24,1655.7894287109375,1661.9552317250648,1647.6011941378406,1655.8880574739956,16089722
2023-07-25,1673.7442626953125,1676.1119552281257,1655.7894918043485,1661.9552950534219,27996298
2023-07-26,1667.9237060546875,1676.7038338913217,1665.2601272442432,1676.7038338913217,12397179
2023-07-27,1650.6102294921875,1680.0580819461209,1644.9869446312234,1676.9998675967433,29870651
2023-07-28,1621.359619140625,1646.4174675800207,1618.9919266125369,1639.117132462518,20507842
2023-07-31,1628.955810546875,1634.4804664859114,1616.6242043005298,1627.821399112885,17282503
2023-08-01,1639.8570556640625,1644.9869558705946,1627.7720811223962,1632.162084928418,17697094
2023-08-02,1618.4000244140625,1629.2518380492681,1611.1490639338895,1619.8798171824997,14058161
2023-08-03,1606.709716796875,1629.103866289973,1601.1358065091324,1617.9067915434239,28836973
2023-08-04,1629.9423828125,1634.1845036454856,1607.3016013066149,1613.1221436963467,18694152
2023-08-07,1629.0052490234375,1640.6955881182396,1625.3551416017178,1640.6955881182396,14150459
2023-08-08,1627.6734619140625,1633.2966264206282,1619.9292369617406,1629.4491410302082,21886914
2023-08-09,1628.2652587890625,1632.2113727152403,1609.126582161933,1630.7315799929236,16680618
2023-08-10,1613.8126220703125,1631.964770549075,1609.0279829321694,1624.8618135219185,25390559
2023-08-11,1596.992431640625,1616.328366732635,1594.4273611233837,1616.328366732635,14112911
2023-08-14,1589.1988525390625,1593.2435954764649,1578.692299480627,1589.297481308102,15652205
2023-08-16,1584.56201171875,1587.965607263146,1559.9975486700328,1561.7732276956888,17068771
2023-08-17,1575.7821044921875,1588.2123401638921,1572.5265120998095,1576.0779908023183,26442020
2023-08-18,1569.3201904296875,1574.7954717019472,1564.1409158738138,1566.1633474421578,12816683
2023-08-21,1568.0870361328125,1578.9388495316555,1565.6207149058027,1578.9388495316555,10918635
2023-08-22,1561.378662109375,1576.4725968452533,1558.715083238736,1574.8448006794865,16136785
2023-08-23,1565.22607421875,1569.1229339999702,1552.0559429954867,1558.7150102862668,18249294
2023-08-24,1558.0245361328125,1574.6967717408268,1554.9169472169706,1571.8359353802477,21572896
2023-08-25,1540.4642333984375,1556.2486892001507,1537.406019172024,1553.3384783320462,15034878
2023-08-28,1556.495361328125,1561.3293751268147,1540.4642729924685,1540.4642729924685,14433619
2023-08-29,1568.8763427734375,1571.194660694379,1560.1454690906023,1568.2843293248195,17769466
2023-08-30,1557.4324951171875,1582.342339747586,1552.4998526161187,1582.342339747586,14042102
2023-08-31,1550.2801513671875,1561.8226069849304,1542.0426625399894,1557.7284896558913,50037886
2023-09-01,1553.4864501953125,1557.7285711052034,1538.343261128826,1549.8363427525487,21613388
2023-09-04,1563.203857421875,1570.0108080559437,1553.68383285753,1568.5803898330391,12536819
2023-09-05,1553.683837890625,1567.0019733191434,1549.441716954165,1567.0019733191434,19356041
2023-09-06,1574.0062255859375,1578.4456038467565,1553.6837625215792,1555.5581907613157,28160455
2023-09-07,1589.1494140625,1592.2570029303392,1565.768736725124,1574.006225635289,17104171
2023-09-08,1601.5303955078125,1610.9024162842786,1585.943196993458,1586.6338392009138,17251105
2023-09-11,1609.8172607421875,1614.453896539915,1602.122290241871,1606.9563039958728,15786511
2023-09-12,1614.8485107421875,1620.7676816872313,1603.1581722108942,1617.906724978625,19516670
2023-09-13,1621.7542724609375,1629.3504939618037,1606.6603378010625,1609.3240370841354,23210047
2023-09-14,1620.7677001953125,1627.7720284750974,1613.0727297085477,1622.0994895879871,11769424
2023-09-15,1639.36376953125,1647.502629828306,1627.7720594112006,1627.7720594112006,86705601
2023-09-18,1607.1043701171875,1632.704737621334,1604.1940386616893,1631.4715769433724,18528144
2023-09-20,1542.6346435546875,1577.4591494969097,1539.3791715992272,1577.4591494969097,57737324
2023-09-21,1532.424072265625,1547.8138932913917,1516.3437294372702,1532.078811364331,36420721
2023-09-22,1509.0433349609375,1543.3252001280887,1503.2227927610586,1537.9979221752192,30852125
2023-09-25,1510.3751220703125,1519.9444002775606,1504.4559511151056,1504.4559511151056,20104377
2023-09-26,1516.935546875,1519.2538647262647,1504.4559374724377,1504.4559374724377,13787654
2023-09-27,1506.281005859375,1511.8549159315012,1494.5906672993308,1502.482895245466,19669269
2023-09-28,1503.1734619140625,1516.886232465185,1497.8955584026235,1513.3347538685243,27677094
2023-09-29,1505.738525390625,1514.7651649908298,1501.792411318109,1503.173454902814,16026891
2023-10-03,1487.734375,1506.429042186197,1485.7119433742062,1506.429042186197,19485847
2023-10-04,1508.9447021484375,1514.3212342560787,1469.187555775808,1474.8600946011973,27324715
2023-10-05,1515.0611572265625,1530.6483558342625,1511.9535683390084,1514.3706354408143,24256337
2023-10-06,1513.3841552734375,1524.186594618355,1509.2406631490637,1523.200066078149,8879678
2023-10-09,1495.8238525390625,1509.3886195447753,1491.6311063736605,1507.4155625257627,8227486
2023-10-10,1504.3079833984375,1508.402100824628,1494.7879591347482,1500.065983035536,16633146
2023-10-11,1518.8592529296875,1521.374948772399,1507.9088106762842,1509.4872321894686,15666680
2023-10-12,1528.97119140625,1531.0922517938395,1510.967046048494,1515.4064243558857,11012668
2023-10-13,1515.0611572265625,1527.9354024353545,1509.339243705801,1519.2539033885114,19872650
2023-10-16,1508.9940185546875,1513.778657850012,1500.0166329981055,1510.8684468507718,8928042
2023-10-17,1520.437744140625,1534.7917826289788,1514.3213153369645,1534.7917826289788,16451279
2023-10-18,1499.2767333984375,1520.4377221956242,1497.6489372388432,1520.4377221956242,15608100
2023-10-19,1494.5413818359375,1505.6892026450248,1482.949671348744,1485.1201064188767,15126182
2023-10-20,1502.28564453125,1506.4290160514279,1484.7253891011128,1484.7253891011128,10547005
2023-10-23,1485.7613525390625,1508.1555021770105,1479.8914354835852,1502.976227353508,11188068
2023-10-25,1476.3399658203125,1502.2857146930064,1471.3579485037037,1500.5099151437992,14155998
2023-10-26,1443.6859130859375,1471.9006057053064,1440.5783240490439,1471.1607092882293,27780899
2023-10-27,1449.3583984375,1458.0891517494779,1447.138709268734,1449.703659334139,15970266
2023-10-30,1465.093505859375,1469.8781451774992,1442.2060919768462,1443.537881416305,11655491
2023-10-31,1456.609375,1483.7389095834744,1454.1430536742296,1483.7389095834744,16317412
2023-11-01,1454.6363525390625,1457.5465636023548,1442.5513777553367,1442.5513777553367,16938733
2023-11-02,1456.85595703125,1470.4207238564945,1447.385307551157,1464.9948171263968,22612577
2023-11-03,1463.76171875,1471.3086861534086,1461.6900329046723,1467.9544650379107,9047670
2023-11-06,1474.3668212890625,1477.8196709876318,1463.0217437080494,1477.8196709876318,12796865
2023-11-07,1467.2144775390625,1473.8735447593608,1457.2998181740604,1473.8735447593608,20976424
2023-11-08,1471.4566650390625,1473.3309728900333,1461.048740962476,1463.9589519318,15699773
2023-11-09,1465.6361083984375,1472.492433388654,1463.5150480118025,1465.9813692925773,11058370
2023-11-10,1471.4072265625,1475.8466047184043,1460.1115236472572,1460.160777815708,7007593
2023-11-13,1468.74365234375,1475.797234650203,1465.8826956604473,1471.9991240792267,10302957
2023-11-15,1484.133544921875,1490.595234539194,1480.3354341657644,1483.837538192476,20622730
2023-11-16,1488.0302734375,1498.5368262915995,1483.4922663173093,1489.3620628582516,14856919
2023-11-17,1484.8240966796875,1487.191789285112,1468.9410111081472,1469.9275396582534,11850937
2023-11-20,1484.9227294921875,1492.6177003743046,1481.3219966151755,1492.6177003743046,9665726
2023-11-21,1497.5008544921875,1501.4963429970423,1491.7296869830502,1498.5367575640653,12479986
2023-11-22,1492.1737060546875,1499.523295087246,1483.2949497021973,1499.523295087246,14561825
2023-11-23,1500.805908203125,1503.3214837114267,1488.178294786997,1488.178294786997,6523110
2023-11-24,1511.4603271484375,1512.4962302687104,1499.37535273253,1500.7071421544201,8234596
2023-11-28,1508.056884765625,1516.5410061695156,1505.2453024968618,1514.5185744814355,14244669
2023-11-29,1538.14599609375,1541.9441068847843,1512.3482507065735,1513.236150477089,17021244
2023-11-30,1537.8006591796875,1551.2666767344967,1521.3749357275026,1548.0112049713134,34745720
2023-12-01,1534.446533203125,1544.6570796267445,1531.1909408125919,1536.9128545820595,11076768
2023-12-04,1587.718994140625,1590.2839441589385,1552.4506002177452,1566.6072601267956,25331228
2023-12-05,1601.8262939453125,1616.9202283226891,1594.7233368417492,1614.4539070470291,26115410
2023-12-06,1605.8712158203125,1616.3776484976167,1594.8713984440155,1616.3776484976167,19306530
2023-12-07,1608.4853515625,1611.9875759228776,1594.427320377126,1603.1088193847468,10225193
2023-12-08,1630.928955078125,1632.7047546432427,1608.4854305052345,1608.4854305052345,16864019
2023-12-11,1628.758544921875,1641.2874086355528,1624.8124309426578,1627.8213910221475,11593810
2023-12-12,1612.5794677734375,1633.9378339598777,1609.8665143887495,1631.9154023573187,18290738
2023-12-13,1608.9293212890625,1613.960592449305,1593.3421231427492,1610.4583681767715,14673457
2023-12-14,1627.9200439453125,1636.6014225729195,1622.8393980365036,1623.8259265459483,17586183
2023-12-15,1634.23388671875,1645.5295902319583,1624.4178555766669,1627.772076668304,69418565
2023-12-18,1633.395263671875,1642.2740205762539,1628.709253083453,1638.32790639653,9007377
2023-12-19,1630.633056640625,1636.3055957762012,1621.902303099734,1627.7720997740344,12004223
2023-12-20,1634.677734375,1646.4667018508794,1622.2967534548702,1635.6642628809595,17116260
2023-12-21,1663.9775390625,1666.9864990968665,1628.0186241364722,1634.6776913765395,18294620
2023-12-22,1648.3411865234375,1663.1884892167195,1644.6417044994485,1660.9194254050005,24289425
2023-12-26,1659.784912109375,1663.2377620371465,1646.0722615940474,1650.7088976124296,9022928
2023-12-27,1680.3541259765625,1683.5109691635766,1655.9867985564827,1658.8477554342537,13504539
2023-12-28,1682.2777099609375,1698.210169182226,1679.0714923638855,1686.2731985214466,22038235
2023-12-29,1686.223876953125,1691.7977871899893,1673.1523740310079,1674.1389025534318,12505713
2024-01-01,1675.2239990234375,1686.1251869707894,1669.2061993402986,1683.0175981528068,7119843
2024-01-02,1676.2105712890625,1679.8607990403516,1665.9506506752066,1675.9146849908566,14621046
2024-01-03,1650.363525390625,1681.7350589343398,1646.4666656223246,1679.0714801971951,14194881
2024-01-04,1668.07177734375,1672.1165203200337,1648.193202944364,1655.3949095411936,13367028
2024-01-05,1659.5382080078125,1681.9324773951957,1645.628180130009,1664.4215963779789,15944735
2024-01-08,1641.040771484375,1659.6861840642225,1637.6372963580638,1655.88807345603,8999235
2024-01-09,1628.2652587890625,1655.1975345055612,1624.565776983271,1644.6909820919452,12663444
2024-01-10,1633.641845703125,1637.5879597618186,1619.2879280701331,1620.8663496084419,8057912
2024-01-11,1626.7855224609375,1640.4982929149403,1620.866351366477,1637.6373361341155,9157005
2024-01-12,1619.090576171875,1633.6912465943856,1611.5929834248477,1629.745132472177,9886776
2024-01-15,1650.264892578125,1658.2557491957923,1621.45818865314,1625.5029313434814,14160178
2024-01-16,1656.5294189453125,1660.9687973670561,1635.7629450465956,1650.462244350427,12661250
2024-01-17,1516.78759765625,1575.2887869914762,1507.8102122203316,1548.8497745172765,85072618
2024-01-18,1466.12939453125,1494.5907184509051,1460.1115946015343,1473.8736193832688,80535465
2024-01-19,1450.838134765625,1489.9046385306906,1448.6184456832252,1485.6625178917686,54800269
2024-01-23,1408.1214599609375,1454.8335613317415,1405.8031420224204,1445.2642828511198,57734701
2024-01-24,1436.286865234375,1438.8024406503655,1361.6559602281698,1361.6559602281698,43002202
2024-01-25,1415.56982421875,1437.7173417414901,1400.2786318694082,1432.9327024141235,49470926
2024-01-29,1435.0537109375,1443.0939423219133,1426.3229577713412,1428.5426469030347,32822749
2024-01-30,1424.8431396484375,1443.4884316820198,1421.4889187128745,1434.9550566238931,20864384
2024-01-31,1442.8472900390625,1455.0801469643789,1417.4441814423515,1420.1077601928353,32880520
2024-02-01,1446.5960693359375,1453.748401096638,1436.4348978486562,1445.313654517112,16345370
2024-02-02,1426.668212890625,1460.9007036350267,1422.6234701299597,1455.12953600114,22433877
2024-02-05,1425.3857421875,1432.3408165904739,1414.7313061717384,1426.5202740978511,19302523
2024-02-06,1424.645751953125,1430.170287348474,1413.3006744484921,1426.076290502691,20537870
2024-02-07,1410.6864013671875,1434.2152027824948,1407.4309295243172,1433.4259318004295,27418543
2024-02-08,1384.14892578125,1419.5652042712845,1381.6332298165287,1410.5878185804238,34553062
2024-02-09,1384.69140625,1395.1485844742872,1368.3150569071524,1373.3957028690857,28321062
2024-02-12,1371.274658203125,1394.606082048369,1364.7142193862646,1380.7946826132297,17223906
2024-02-13,1375.6646728515625,1385.4313294715068,1365.7007586941838,1373.1983515043971,28790497
2024-02-14,1365.40478515625,1372.7543741309198,1345.1809514015365,1357.463182755405,45660405
2024-02-15,1395.000732421875,1396.431150636858,1365.7007624808034,1366.3420301180138,20792472
2024-02-16,1400.7718505859375,1408.4667006817986,1389.4760269300275,1404.7179646122795,16087871
2024-02-19,1398.009521484375,1409.7492347885666,1396.1350932381858,1409.7492347885666,17225878
2024-02-20,1434.70849609375,1437.6187071005922,1392.7810333716534,1395.937876512155,28066754
2024-02-21,1419.7625732421875,1444.2777833901084,1415.668455713665,1444.2777833901084,22946568
2024-02-22,1400.4266357421875,1409.5520247281615,1393.1755546396816,1398.650836201605,25280441
2024-02-23,1401.46240234375,1414.583279932295,1398.8974522569388,1403.3862052282425,14916726
2024-02-26,1403.1395263671875,1415.5203867218004,1394.507402037424,1394.507402037424,11753435
2024-02-27,1401.0185546875,1407.4802444820875,1394.0142260160762,1394.5074902947094,16043575
2024-02-28,1390.413330078125,1405.0138800226289,1385.086051947006,1401.0185117436736,12660993
2024-02-29,1384.494140625,1391.3998402229613,1378.4763407748026,1383.2116053864695,26647850
2024-03-01,1411.4757080078125,1413.4487650869776,1381.1399554156474,1381.1399554156474,17369449
2024-03-04,1413.3994140625,1417.6415350237946,1405.1126705324766,1411.672989089437,17808237
2024-03-05,1421.4395751953125,1423.5606355704856,1402.4982760316557,1402.8435369239296,18995836
2024-03-06,1423.166015625,1433.277932931966,1414.2380047948438,1414.2380047948438,21204765
2024-03-07,1426.618896484375,1431.5022850090343,1421.9822605203685,1426.0270034460111,24674023
2024-03-11,1408.5654296875,1426.470825484757,1403.8300447534134,1410.7357442005489,25265547
2024-03-12,1439.8876953125,1444.2776988908417,1409.995834111841,1414.6818444053736,32709227
2024-03-13,1440.726318359375,1451.7753899479176,1430.565026125064,1445.7575898786963,31533727
2024-03-14,1435.8428955078125,1446.250819631158,1424.8431987796707,1442.4033342932184,26216079
2024-03-15,1433.0806884765625,1439.6411272646558,1422.820767713136,1430.4663637954914,71806902
2024-03-18,1426.569580078125,1436.3854904448253,1416.4576629922324,1427.5067339791635,10718928
2024-03-19,1429.8250732421875,1432.8340333708845,1416.1616774508711,1416.1616774508711,18091797
2024-03-20,1411.771728515625,1432.094192544157,1405.457921715519,1429.529242401384,21803047
2024-03-21,1426.2735595703125,1431.6994662468726,1418.9239705151265,1423.1659707522053,14461430
2024-03-22,1423.41259765625,1431.2061967573638,1418.3813264779594,1421.5875440478105,22990163
2024-03-26,1406.19775390625,1418.5786143778769,1402.9915362677496,1407.9734329582216,28422145
2024-03-27,1421.2916259765625,1428.443957924619,1402.103693955219,1404.3727577780448,31084334
2024-03-28,1428.3946533203125,1440.8248884577165,1421.291575794765,1421.291575794765,27796071
2024-04-01,1450.690185546875,1453.9457778262265,1435.99088654525,1438.358579073338,12599785
2024-04-02,1460.210205078125,1474.7121260734777,1443.5378490949859,1445.412277358033,20612723
2024-04-03,1462.331298828125,1475.5014307142715,1451.578113687724,1452.2686354934094,22792193
2024-04-04,1507.02099609375,1509.3886887102299,1483.7389462877031,1483.7389462877031,44467533
2024-04-05,1528.67529296875,1533.5585608977656,1509.5366158881382,1518.2673690715094,29527951
2024-04-08,1525.7650146484375,1536.2715676761343,1520.7831177809633,1534.0025038656252,10241470
2024-04-09,1527.688720703125,1533.9037778505833,1519.549860770675,1533.9037778505833,10942247
2024-04-10,1515.653076171875,1529.0205858636652,1512.2988550997732,1529.0205858636652,13903700
2024-04-12,1498.4874267578125,1509.2406115636873,1493.0615199721349,1500.5098583664476,20542104
2024-04-15,1474.5640869140625,1489.6580209924682,1471.9498827543182,1477.3757894532973,11707624
2024-04-16,1488.918212890625,1492.5190661804002,1462.2819420620367,1466.9679526707698,10372443
2024-04-18,1474.5640869140625,1498.388774050203,1470.9633542635945,1489.46076346466,17117442
2024-04-19,1510.671142578125,1514.271875268071,1460.3088144041847,1466.523992134222,17288217
2024-04-22,1491.828369140625,1536.4195301823074,1487.9810042807228,1536.4195301823074,21149219
2024-04-23,1487.2904052734375,1505.935818795379,1482.9990302025244,1505.7385612573923,13413530
2024-04-24,1491.3350830078125,1501.2497425880458,1488.7208788274686,1494.59067522319,11220790
2024-04-25,1490.39794921875,1499.2273312291227,1485.9585709155997,1485.9585709155997,17722602
2024-04-26,1489.4608154296875,1507.4155864169331,1485.2680691978342,1499.3261006811072,12427347
2024-04-29,1508.8953857421875,1513.7786537924596,1486.2546041624225,1494.5907220656516,18046675
2024-04-30,1499.6219482421875,1518.7606252206858,1494.4920482143123,1508.5993335038902,26153691
2024-05-02,1511.6082763671875,1516.294286687138,1499.8685632699328,1501.4963593609784,16737503
2024-05-03,1499.128662109375,1519.8457602997444,1486.8956848070363,1512.5948000182832,15932621
2024-05-06,1502.1376953125,1513.8280343469207,1496.711788379357,1501.4964276806866,14396698
2024-05-07,1485.8599853515625,1503.5188703115905,1483.8869282705728,1501.4470640358736,14240301
2024-05-08,1462.676513671875,1476.7837990537682,1460.4074499374806,1475.7972705476566,20843931
2024-05-09,1428.0,1466.7212435233162,1425.8296854760363,1455.0801590835492,23140639
2024-05-10,1437.9000244140625,1451.949951171875,1426.800048828125,1439.0,13638304
2024-05-13,1455.25,1459.800048828125,1430.300048828125,1432.0,13523601
2024-05-14,1460.949951171875,1465.5,1450.300048828125,1452.25,12832571
2024-05-15,1438.5,1459.699951171875,1435.800048828125,1459.699951171875,19465998
2024-05-16,1460.25,1462.550048828125,1435.5,1446.050048828125,17472618
2024-05-17,1464.0999755859375,1468.0,1446.199951171875,1446.199951171875,10460095
2024-05-21,1458.800048828125,1469.699951171875,1450.0999755859375,1450.0999755859375,21884989
2024-05-22,1459.199951171875,1465.5999755859375,1448.1500244140625,1457.8499755859375,19998139
2024-05-23,1492.5999755859375,1495.6500244140625,1457.050048828125,1458.6500244140625,20430960
2024-05-24,1517.199951171875,1519.9000244140625,1486.0,1487.5,15530103
2024-05-27,1527.699951171875,1545.0,1519.050048828125,1523.3499755859375,14692720
2024-05-28,1530.5,1536.050048828125,1524.800048828125,1530.0999755859375,13954452
2024-05-29,1508.300048828125,1523.8499755859375,1501.25,1518.0,17573853
2024-05-30,1514.8499755859375,1523.5999755859375,1497.6500244140625,1499.199951171875,16877675
2024-05-31,1531.550048828125,1536.0,1514.0,1519.0,37039794
2024-06-03,1572.199951171875,1599.0,1550.0,1599.0,36318628
2024-06-04,1483.1500244140625,1559.0,1454.0,1557.0,44765620
2024-06-05,1551.800048828125,1559.5999755859375,1482.3499755859375,1494.050048828125,40815825
2024-06-06,1559.699951171875,1565.449951171875,1546.5999755859375,1564.9000244140625,23211435
2024-06-07,1573.3499755859375,1584.3499755859375,1552.050048828125,1561.050048828125,18356108
2024-06-10,1561.300048828125,1580.6500244140625,1557.5999755859375,1574.0,11227029
2024-06-11,1564.800048828125,1571.0,1552.199951171875,1556.0,14772663
2024-06-12,1574.1500244140625,1588.300048828125,1566.4000244140625,1575.0,19640218
2024-06-13,1580.75,1585.699951171875,1574.0,1581.75,12060096
2024-06-14,1596.9000244140625,1599.0,1577.699951171875,1584.0,12770277
2024-06-18,1607.800048828125,1610.5,1589.449951171875,1596.9000244140625,16207857
2024-06-19,1657.8499755859375,1669.9000244140625,1604.0,1613.4000244140625,45065598
2024-06-20,1669.3499755859375,1681.449951171875,1652.0,1669.800048828125,20704371
2024-06-21,1665.75,1672.8499755859375,1643.1500244140625,1672.8499755859375,25815388
2024-06-24,1672.4000244140625,1675.0999755859375,1645.75,1647.0,14272497
2024-06-25,1711.3499755859375,1716.949951171875,1671.0999755859375,1671.0999755859375,37260774
2024-06-26,1701.5,1710.9000244140625,1691.0999755859375,1707.949951171875,23798333
2024-06-27,1696.1500244140625,1713.0,1686.5999755859375,1696.0999755859375,27537325
2024-06-28,1683.800048828125,1706.5999755859375,1679.0,1697.5999755859375,13238023
2024-07-01,1705.199951171875,1707.300048828125,1680.0,1680.0,10593512
2024-07-02,1730.5999755859375,1734.9000244140625,1702.75,1715.0,22960845
2024-07-03,1768.6500244140625,1794.0,1764.6500244140625,1791.0,61608901
2024-07-04,1727.1500244140625,1759.75,1724.8499755859375,1759.75,22924329
2024-07-05,1648.0999755859375,1685.0,1642.199951171875,1685.0,41121274
2024-07-08,1635.3499755859375,1654.949951171875,1627.1500244140625,1645.300048828125,19543900
2024-07-09,1636.5,1646.699951171875,1620.3499755859375,1625.0,24275439
2024-07-10,1626.0999755859375,1640.0,1620.75,1629.949951171875,22753591
2024-07-11,1621.9000244140625,1625.8499755859375,1601.0,1623.949951171875,22088537
2024-07-12,1622.699951171875,1638.4000244140625,1611.1500244140625,1622.0,28024980
2024-07-15,1622.0999755859375,1629.800048828125,1615.199951171875,1623.5,16687847
2024-07-16,1619.75,1627.0,1616.800048828125,1620.75,14475162
2024-07-18,1614.800048828125,1623.949951171875,1599.1500244140625,1608.0,16858532
2024-07-19,1607.300048828125,1623.0,1603.5,1616.0,13001076
2024-07-22,1642.550048828125,1651.0,1612.6500244140625,1617.0,26872411
2024-07-23,1618.4000244140625,1647.800048828125,1605.0,1647.550048828125,26001076
2024-07-24,1604.050048828125,1621.0,1588.050048828125,1608.1500244140625,30864103
2024-07-25,1616.5999755859375,1625.0,1593.0,1593.0,12767866
2024-07-26,1618.1500244140625,1621.75,1596.449951171875,1605.0,21905270
2024-07-29,1605.050048828125,1631.8499755859375,1598.300048828125,1615.0,25500574
2024-07-30,1615.550048828125,1634.75,1599.0,1602.0,27297917
2024-07-31,1615.75,1627.9000244140625,1609.199951171875,1614.0,18910242
2024-08-01,1638.800048828125,1650.050048828125,1617.949951171875,1622.9000244140625,13107587
2024-08-02,1659.1500244140625,1670.5,1631.0,1631.0,22059619
2024-08-05,1615.75,1646.0,1601.0,1640.0999755859375,20666817
2024-08-06,1601.199951171875,1632.949951171875,1593.300048828125,1630.0,22558025
2024-08-07,1623.5,1630.0,1602.199951171875,1617.0,21173132
2024-08-08,1642.699951171875,1653.300048828125,1619.25,1624.0,16988475
2024-08-09,1650.199951171875,1662.550048828125,1645.800048828125,1652.0,13322309
2024-08-12,1660.0999755859375,1675.949951171875,1647.3499755859375,1652.0,19658098
2024-08-13,1603.199951171875,1632.4000244140625,1601.1500244140625,1628.0,27027521
2024-08-14,1607.800048828125,1613.699951171875,1603.199951171875,1606.5,16167214
2024-08-16,1632.0999755859375,1634.1500244140625,1611.0,1628.5,13924623
2024-08-19,1631.550048828125,1637.6500244140625,1623.699951171875,1637.6500244140625,9751082
2024-08-20,1637.699951171875,1646.0,1627.449951171875,1627.449951171875,15567247
2024-08-21,1625.800048828125,1634.550048828125,1617.800048828125,1628.0999755859375,23815452
2024-08-22,1631.300048828125,1638.300048828125,1628.0,1632.0,10650319
2024-08-23,1625.050048828125,1634.0,1623.0,1634.0,10166711
2024-08-26,1639.949951171875,1647.949951171875,1632.199951171875,1632.199951171875,11182133
2024-08-27,1637.75,1647.4000244140625,1632.199951171875,1643.4000244140625,17886622
2024-08-28,1637.0999755859375,1639.75,1630.199951171875,1637.75,13460594
2024-08-29,1638.550048828125,1644.4000244140625,1631.1500244140625,1642.0,24526302
2024-08-30,1636.9000244140625,1662.0,1621.1500244140625,1656.0,222671050
2024-09-02,1626.949951171875,1646.800048828125,1623.199951171875,1646.800048828125,17024840
2024-09-03,1637.3499755859375,1639.949951171875,1624.5999755859375,1634.0,18641430
2024-09-04,1641.800048828125,1644.800048828125,1632.0,1639.0,12341372
2024-09-05,1645.449951171875,1649.9000244140625,1642.0,1646.0,11438159
2024-09-06,1636.949951171875,1647.75,1634.0999755859375,1638.300048828125,13014801
2024-09-09,1646.5,1648.5,1630.0999755859375,1638.0,11896457
2024-09-10,1650.3499755859375,1654.0,1638.0,1654.0,13303323
2024-09-11,1643.9000244140625,1652.5,1639.199951171875,1650.4000244140625,11113342
2024-09-12,1666.5999755859375,1670.0,1647.050048828125,1654.0,16212023
2024-09-13,1665.949951171875,1674.0,1657.050048828125,1674.0,11930266
2024-09-16,1670.949951171875,1677.800048828125,1664.050048828125,1667.0,7586410
2024-09-17,1668.800048828125,1678.0,1664.1500244140625,1678.0,10063561
2024-09-18,1694.800048828125,1698.9000244140625,1671.0999755859375,1671.8499755859375,20458671
2024-09-19,1708.5,1719.0,1699.1500244140625,1699.199951171875,15325888
2024-09-20,1741.199951171875,1744.949951171875,1707.550048828125,1716.5,30311693
2024-09-23,1759.800048828125,1766.3499755859375,1740.25,1749.0,13482675
2024-09-24,1768.050048828125,1781.6500244140625,1754.25,1765.0,16519518
2024-09-25,1779.0999755859375,1788.0,1760.1500244140625,1760.1500244140625,15982656
2024-09-26,1783.449951171875,1788.0,1768.050048828125,1773.050048828125,15949822
2024-09-27,1752.6500244140625,1778.199951171875,1750.0,1777.0,17806751
2024-09-30,1732.050048828125,1751.449951171875,1724.4000244140625,1748.800048828125,13191767
2024-10-01,1726.199951171875,1742.0,1720.0999755859375,1724.0,12286142
2024-10-03,1682.0,1726.1500244140625,1673.3499755859375,1715.6500244140625,24236699
2024-10-04,1657.6500244140625,1690.6500244140625,1653.0,1674.5,24341616
2024-10-07,1617.800048828125,1659.0,1613.0,1652.199951171875,47229148
2024-10-08,1651.050048828125,1656.800048828125,1622.0,1630.0,14867203
2024-10-09,1633.1500244140625,1656.75,1628.699951171875,1649.5,20562821
2024-10-10,1662.4000244140625,1665.449951171875,1632.5,1639.0,10877383
2024-10-11,1651.0,1664.449951171875,1643.25,1664.449951171875,11836297
2024-10-14,1688.0999755859375,1692.050048828125,1654.0,1656.050048828125,9263754
2024-10-15,1684.0999755859375,1698.0,1675.5,1694.0,9825565
2024-10-16,1699.800048828125,1707.949951171875,1680.0999755859375,1680.0999755859375,10235341
2024-10-17,1673.1500244140625,1697.6500244140625,1665.199951171875,1694.949951171875,7347866
2024-10-18,1681.8499755859375,1691.0,1654.0999755859375,1663.0999755859375,12404862
2024-10-21,1728.699951171875,1748.1500244140625,1711.050048828125,1715.0,23274177
2024-10-22,1714.550048828125,1740.0,1710.699951171875,1730.050048828125,19437640
2024-10-23,1735.800048828125,1746.5,1705.050048828125,1705.050048828125,19018045
2024-10-24,1749.6500244140625,1768.6500244140625,1738.0999755859375,1738.0999755859375,15416129
2024-10-25,1743.4000244140625,1757.8499755859375,1728.699951171875,1755.0,13065239
2024-10-28,1734.199951171875,1751.0,1728.9000244140625,1742.0,11006071
2024-10-29,1751.8499755859375,1764.0,1725.0999755859375,1726.1500244140625,17897463
2024-10-30,1734.5999755859375,1754.75,1724.199951171875,1742.0,16357862
2024-10-31,1735.699951171875,1738.9000244140625,1719.4000244140625,1728.0,11447956
2024-11-01,1737.300048828125,1744.0999755859375,1726.0999755859375,1733.0,879846
2024-11-04,1714.0999755859375,1745.0,1710.9000244140625,1745.0,14044624
2024-11-05,1757.8499755859375,1762.699951171875,1697.9000244140625,1703.0,22116203
2024-11-06,1755.25,1771.5,1745.3499755859375,1771.5,13893955
2024-11-07,1746.550048828125,1760.949951171875,1738.0,1744.300048828125,9447728
2024-11-08,1754.449951171875,1761.800048828125,1745.8499755859375,1752.0,9951493
2024-11-11,1766.300048828125,1782.800048828125,1751.199951171875,1754.550048828125,12282681
2024-11-12,1718.199951171875,1775.0,1708.6500244140625,1772.0,15697703
2024-11-13,1681.3499755859375,1729.4000244140625,1673.0,1716.75,17864250
2024-11-14,1692.75,1704.8499755859375,1672.0999755859375,1673.0999755859375,13573235
2024-11-18,1705.0999755859375,1718.9000244140625,1695.0,1700.0,13540984
2024-11-19,1742.25,1753.75,1702.699951171875,1714.0,25490636
2024-11-21,1741.199951171875,1759.0,1734.199951171875,1749.4000244140625,17858256
2024-11-22,1745.5999755859375,1754.300048828125,1729.550048828125,1743.550048828125,12386806
2024-11-25,1785.5999755859375,1803.550048828125,1764.9000244140625,1785.050048828125,213868637
2024-11-26,1785.550048828125,1810.0,1769.800048828125,1810.0,15467783
2024-11-27,1812.300048828125,1817.3499755859375,1785.1500244140625,1789.9000244140625,16357488
2024-11-28,1793.1500244140625,1836.0999755859375,1788.0,1819.0,17861196
2024-11-29,1796.050048828125,1804.5999755859375,1782.9000244140625,1801.300048828125,13834768
2024-12-02,1804.699951171875,1808.1500244140625,1775.0,1803.5,7555438
2024-12-03,1826.300048828125,1837.4000244140625,1816.0999755859375,1822.699951171875,21705121
2024-12-04,1860.0999755859375,1865.0,1831.1500244140625,1838.0,22334542
2024-12-05,1865.75,1879.949951171875,1835.199951171875,1860.0,19841357
2024-12-06,1855.8499755859375,1864.199951171875,1844.0,1857.0,8891578
2024-12-09,1870.0,1880.0,1849.0,1853.6500244140625,13473956
2024-12-10,1868.0999755859375,1877.699951171875,1858.550048828125,1877.699951171875,6662740
2024-12-11,1863.0999755859375,1871.9000244140625,1856.75,1861.699951171875,7022713
2024-12-12,1859.25,1868.6500244140625,1848.699951171875,1851.0,8646895
2024-12-13,1871.75,1875.0,1829.25,1862.5,9504501
2024-12-16,1865.199951171875,1869.949951171875,1855.25,1865.0999755859375,6553541
2024-12-17,1833.25,1862.3499755859375,1826.5,1856.3499755859375,10539766
2024-12-18,1810.699951171875,1836.0,1807.1500244140625,1829.8499755859375,11711156
2024-12-19,1793.5,1801.0999755859375,1779.0,1799.5999755859375,12690385
2024-12-20,1771.5,1797.550048828125,1767.050048828125,1782.199951171875,12846174
2024-12-23,1801.0,1806.0,1781.300048828125,1782.0,5522296
2024-12-24,1798.0999755859375,1808.699951171875,1789.550048828125,1802.050048828125,7242917
2024-12-26,1790.75,1812.0,1780.75,1798.550048828125,5240839
2024-12-27,1798.25,1805.949951171875,1789.0999755859375,1794.800048828125,3629665
2024-12-30,1777.9000244140625,1815.0,1771.0,1792.199951171875,11111109
2024-12-31,1772.8499755859375,1781.800048828125,1765.5999755859375,1770.300048828125,7058618
2025-01-01,1782.75,1794.0,1761.0999755859375,1773.449951171875,3656903
2025-01-02,1793.75,1803.449951171875,1773.0,1777.0999755859375,9279288
2025-01-03,1749.199951171875,1795.25,1746.300048828125,1791.0,12213097
2025-01-06,1710.5,1757.199951171875,1705.800048828125,1740.0999755859375,9408174
2025-01-07,1713.4000244140625,1721.0,1700.0,1715.0,6763953
2025-01-08,1694.300048828125,1711.6500244140625,1683.3499755859375,1708.25,9869095
2025-01-09,1667.800048828125,1689.0,1658.0999755859375,1684.1500244140625,20210111
2025-01-10,1656.75,1674.9000244140625,1654.0,1671.0,8726640
2025-01-13,1630.8499755859375,1646.75,1624.300048828125,1640.0,10834533
2025-01-14,1646.5999755859375,1656.199951171875,1637.0,1639.9000244140625,13330716
2025-01-15,1643.050048828125,1662.699951171875,1636.300048828125,1656.5,7011446
2025-01-16,1652.050048828125,1660.550048828125,1642.8499755859375,1652.8499755859375,10606227
2025-01-17,1636.75,1650.5,1628.5,1643.5,11556038
2025-01-20,1651.25,1660.949951171875,1626.0,1626.0,8778809
2025-01-21,1642.4000244140625,1661.050048828125,1633.050048828125,1658.25,15579072
2025-01-22,1666.050048828125,1671.9000244140625,1625.449951171875,1642.4000244140625,15309653
2025-01-23,1664.9000244140625,1687.0,1651.25,1687.0,17454579
2025-01-24,1649.800048828125,1670.300048828125,1644.5,1660.0,12118100
2025-01-27,1629.800048828125,1643.5999755859375,1626.0,1641.0999755859375,11402083
2025-01-28,1670.4000244140625,1684.300048828125,1647.0,1647.0,15089656
2025-01-29,1677.300048828125,1681.1500244140625,1668.8499755859375,1675.0,6309945
2025-01-30,1691.5,1697.9000244140625,1672.550048828125,1681.0,12872423
2025-01-31,1698.75,1704.699951171875,1683.949951171875,1687.25,7910843
2025-02-01,1690.949951171875,1713.0,1676.050048828125,1697.5,2793764
2025-02-03,1678.0,1686.800048828125,1663.449951171875,1670.0,10138270
2025-02-04,1720.9000244140625,1725.800048828125,1680.050048828125,1688.699951171875,14308251
2025-02-05,1737.800048828125,1744.199951171875,1718.9000244140625,1733.0,11837753
2025-02-06,1743.8499755859375,1749.0,1724.0,1735.5,13380358
2025-02-07,1732.75,1767.0,1725.0,1750.0,11754800
2025-02-10,1715.75,1723.449951171875,1708.5,1717.300048828125,8597975
2025-02-11,1701.4000244140625,1711.0,1688.699951171875,1703.0,11362352
2025-02-12,1706.800048828125,1712.0,1681.199951171875,1693.0,11404785
2025-02-13,1697.699951171875,1714.25,1693.550048828125,1699.0,6301217
2025-02-14,1694.8499755859375,1701.9000244140625,1680.0,1701.9000244140625,9979946
2025-02-17,1717.3499755859375,1720.0,1681.25,1685.199951171875,6469473
2025-02-18,1723.050048828125,1731.550048828125,1706.1500244140625,1713.050048828125,8175455
2025-02-19,1727.199951171875,1737.9000244140625,1712.449951171875,1717.0,5942056
2025-02-20,1687.0999755859375,1714.699951171875,1685.300048828125,1711.0,13195255
2025-02-21,1692.5,1694.949951171875,1677.25,1680.9000244140625,7840470
2025-02-24,1677.0999755859375,1684.199951171875,1661.0999755859375,1681.0999755859375,10346823
2025-02-25,1682.3499755859375,1688.0,1671.0999755859375,1671.0999755859375,12069354
2025-02-27,1700.699951171875,1710.75,1682.550048828125,1682.550048828125,17893400
2025-02-28,1732.4000244140625,1737.25,1685.0,1685.0,27258364
2025-03-03,1701.550048828125,1743.050048828125,1694.0999755859375,1739.800048828125,10602682
2025-03-04,1710.0,1714.300048828125,1693.25,1698.0,9960479
2025-03-05,1690.0,1710.800048828125,1688.25,1701.949951171875,10791936
2025-03-06,1691.199951171875,1699.9000244140625,1672.25,1687.0,16483044
2025-03-07,1689.25,1701.1500244140625,1677.5999755859375,1682.0,6686457
